Sequence Name	Eukaryote	EukaryoteVirus	Plasmid	Prokaryote	ProkaryoteVirus	best_choice
bacteria_0|label=0	0.001445678761228919	6.292733451118693e-05	0.027637533843517303	0.47085249423980713	1.430363681720337e-06	4
bacteria_1|label=0	0.22112765908241272	0.007289895322173834	0.07872561365365982	0.18223504722118378	0.010621776804327965	1
bacteria_2|label=0	0.0009339916286990047	5.820195383421378e-06	0.18723706901073456	0.3117973506450653	2.5758936317288317e-05	4
bacteria_3|label=0	2.802878589136526e-05	6.0637401475105435e-05	0.16060960292816162	0.3273898661136627	0.011911868117749691	4
bacteria_4|label=0	0.0015756016364321113	7.81583548814524e-06	0.4018954932689667	0.09381723403930664	0.002703859005123377	3
bacteria_5|label=0	3.988215667050099e-06	6.064101398806088e-06	0.4769381284713745	0.02185584418475628	0.0011959632392972708	3
bacteria_6|label=0	0.0008385480614379048	8.159825483744498e-06	0.10406455397605896	0.3950832784175873	5.480426352733048e-06	4
bacteria_7|label=0	9.018851415021345e-06	1.3466337804857176e-05	0.020210931077599525	0.4797650873661041	1.5129460280149942e-06	4
bacteria_8|label=0	0.003083716845139861	1.521546209914959e-06	0.05426596850156784	0.4425833523273468	6.539784226333722e-05	4
bacteria_9|label=0	0.00266530504450202	0.0013176549691706896	0.3313921093940735	0.09871229529380798	0.06591261178255081	3
bacteria_10|label=0	0.0015817969106137753	8.057094760260952e-07	0.15203365683555603	0.3463513255119324	3.246171763748862e-05	4
bacteria_11|label=0	0.006442188750952482	0.002126438310369849	0.35406672954559326	0.1373351663351059	2.9508570150937885e-05	3
bacteria_12|label=0	0.031706660985946655	0.0018484353786334395	0.43040743470191956	0.0327625572681427	0.0032749134115874767	3
bacteria_13|label=0	2.2723039364791475e-05	1.6660574431170971e-07	0.04712063446640968	0.45034340023994446	0.0025130368303507566	4
bacteria_14|label=0	0.0023809876292943954	9.414729720447212e-05	0.24688415229320526	0.24711284041404724	0.0035278431605547667	4
bacteria_15|label=0	0.006431950721889734	4.531289960141294e-05	0.40214288234710693	0.09132116287946701	5.8708861615741625e-05	3
bacteria_16|label=0	1.8500708392821252e-05	1.817376471535681e-07	0.443936824798584	0.055969659239053726	7.482661021640524e-05	3
bacteria_17|label=0	0.00012039837019983679	3.6274489048082614e-06	0.3771524429321289	0.12242673337459564	0.00029678759165108204	3
bacteria_18|label=0	0.007385383825749159	0.0013447923120111227	0.42417728900909424	0.052820976823568344	0.014271541498601437	3
bacteria_19|label=0	0.00048565102042630315	6.925919933564728e-06	0.00041990529280155897	0.4988442063331604	0.00024336509522981942	4
bacteria_20|label=0	0.015559094958007336	5.692911145160906e-05	0.034431494772434235	0.4497626721858978	0.0001897742913570255	4
bacteria_21|label=0	0.0031594145111739635	0.0002390784356975928	0.40208154916763306	0.08454825729131699	0.009971687570214272	3
bacteria_22|label=0	0.000522883259691298	0.0005227666115388274	0.016438208520412445	0.4824973940849304	1.8743410691968165e-05	4
bacteria_23|label=0	0.0043523553758859634	2.1579826352535747e-05	0.2018204778432846	0.2934856414794922	0.0003199476923327893	4
bacteria_24|label=0	0.0058767166920006275	4.46439917141106e-05	0.2301490604877472	0.26392537355422974	4.176506990916096e-06	4
bacteria_25|label=0	0.0008906564326025546	0.0012337075313553214	0.13216425478458405	0.35965344309806824	0.006057910621166229	4
bacteria_26|label=0	0.008868883363902569	0.1846199780702591	0.004835052415728569	0.30127573013305664	0.0004003810172434896	4
bacteria_27|label=0	2.3779635739629157e-05	9.65874733083183e-06	0.20859909057617188	0.2910284996032715	0.0003389443445485085	4
bacteria_28|label=0	0.0004436486924532801	1.9733179215108976e-06	0.24158504605293274	0.25413522124290466	0.0038340843748301268	4
bacteria_29|label=0	0.1752062290906906	0.00038950800080783665	0.13197024166584015	0.1924179047346115	1.6118967323563993e-05	4
bacteria_30|label=0	0.00025165174156427383	1.3831489923177287e-05	0.20916761457920074	0.2905653119087219	1.6361865391445463e-06	4
bacteria_31|label=0	0.0007627097656950355	3.396150077605853e-06	0.3452270030975342	0.15400634706020355	5.796330810881045e-07	3
bacteria_32|label=0	0.0002728468971326947	2.8019396268064156e-05	0.16442187130451202	0.33336368203163147	0.001913591637276113	4
bacteria_33|label=0	1.4225324775907211e-05	1.38996858822793e-06	0.10542628914117813	0.36648207902908325	0.028076011687517166	4
bacteria_34|label=0	0.0004651756607927382	1.984597838600166e-05	0.10653164237737656	0.39298227429389954	1.0632247722242028e-06	4
bacteria_35|label=0	0.0017643437022343278	3.727370540218544e-06	0.34101372957229614	0.15721729397773743	8.763365713093663e-07	3
bacteria_36|label=0	0.05220050364732742	0.001529618282802403	0.16039952635765076	0.19930626451969147	0.08656404912471771	4
bacteria_37|label=0	0.005804950837045908	0.00017116581148002297	0.23801670968532562	0.2552141845226288	0.0007930428837426007	4
bacteria_38|label=0	9.69774991972372e-05	5.724201855628053e-06	0.3475610017776489	0.14221613109111786	0.010120130144059658	3
bacteria_39|label=0	0.050163932144641876	0.0004985156701877713	0.041771695017814636	0.40754345059394836	2.2399875888368115e-05	4
bacteria_40|label=0	0.0005841122474521399	0.00036947286571376026	0.39694151282310486	0.10053572058677673	0.0015691878506913781	3
bacteria_41|label=0	1.9200524548068643e-05	6.622175305892597e-07	0.031213711947202682	0.08477363735437393	0.3839927911758423	5
bacteria_42|label=0	0.00047825128422118723	1.8779204538077465e-06	0.06001431867480278	0.43395310640335083	0.005552404094487429	4
bacteria_43|label=0	0.007519803941249847	7.662816642550752e-05	0.24301175773143768	0.2488739788532257	0.0005178439896553755	4
bacteria_44|label=0	0.0004646264133043587	0.0001899882627185434	0.21652665734291077	0.2785870432853699	0.004231668077409267	4
bacteria_45|label=0	0.011199289001524448	0.00024264180683530867	0.3129807114601135	0.1755620539188385	1.5294901459128596e-05	3
bacteria_46|label=0	6.366448701555782e-07	2.8567961635417305e-05	0.20194871723651886	0.298004150390625	1.795203388610389e-05	4
bacteria_47|label=0	7.13362533133477e-06	1.625152350470671e-07	0.47699475288391113	0.022997912019491196	2.9423651071169843e-08	3
bacteria_48|label=0	7.386934157693759e-05	9.40227153023443e-07	0.00231166766025126	0.03213352710008621	0.4654799997806549	5
bacteria_49|label=0	0.0006948147783987224	4.903924491372891e-05	0.24603387713432312	0.25258246064186096	0.0006398232653737068	4
bacteria_50|label=0	0.01480194367468357	1.1518975497892825e-06	0.008733751252293587	0.4763656258583069	9.75478469626978e-05	4
bacteria_51|label=0	0.0026407307013869286	8.419664663961157e-05	0.3770782947540283	0.11825967580080032	0.001937062363140285	3
bacteria_52|label=0	8.100410195766017e-05	8.045919457799755e-06	0.24285587668418884	0.2570197582244873	3.5337856388650835e-05	4
bacteria_53|label=0	9.90545449894853e-05	5.2430266805458814e-05	0.0620233453810215	0.43777647614479065	4.869248368777335e-05	4
bacteria_54|label=0	0.02416628785431385	0.0009225046960636973	0.21410642564296722	0.228728786110878	0.03207600861787796	4
bacteria_55|label=0	0.0933963879942894	0.07127436995506287	0.1292395293712616	0.20579323172569275	0.00029643395100720227	4
bacteria_56|label=0	0.0002913665084633976	2.2706367417413276e-06	0.07133962959051132	0.4280358850955963	0.000330846116412431	4
bacteria_57|label=0	0.00047607391024939716	1.665519448579289e-06	0.016075756400823593	0.07710552960634232	0.40634098649024963	5
bacteria_58|label=0	0.0012791866902261972	4.507974153966643e-06	0.12428144365549088	0.3704068064689636	0.004028098192065954	4
bacteria_59|label=0	3.898116119671613e-06	2.1992376808555036e-09	0.0024446735624223948	0.49755144119262695	1.3295140988134335e-08	4
bacteria_60|label=0	8.889818855095655e-05	3.7265976970957126e-06	0.10197017341852188	0.36060693860054016	0.037330273538827896	4
bacteria_61|label=0	0.0010260529816150665	0.0001532517053419724	0.16186943650245667	0.3367061913013458	0.0002450477331876755	4
bacteria_62|label=0	0.015530753880739212	0.00019657039956655353	0.3159683346748352	0.12024930119514465	0.048055026680231094	3
bacteria_63|label=0	0.0001694832753855735	0.03250665217638016	0.14349140226840973	0.3237055242061615	0.00012692826567217708	4
bacteria_64|label=0	8.718522622075398e-06	1.2268365026102401e-06	0.063739113509655	0.4332500696182251	0.003000886645168066	4
bacteria_65|label=0	0.0017988112522289157	0.00027444702573120594	0.042648881673812866	0.454558402299881	0.0007194647914730012	4
bacteria_66|label=0	9.78893422143301e-06	3.888892263770316e-10	0.0031540554482489824	0.49683594703674316	1.6074110931185714e-07	4
bacteria_67|label=0	0.0009653568849898875	4.68703683509375e-06	0.00863408949226141	0.48912903666496277	0.001266842125914991	4
bacteria_68|label=0	0.004427915904670954	3.2392697448813124e-06	0.010277398861944675	0.4843921959400177	0.0008992456132546067	4
bacteria_69|label=0	0.0025637331418693066	0.0001223374274559319	0.28044718503952026	0.21624593436717987	0.0006208199774846435	3
bacteria_70|label=0	0.0026454979088157415	0.0009721736423671246	0.1075180172920227	0.3415236175060272	0.04734069108963013	4
bacteria_71|label=0	0.00021425352315418422	2.3786155907146167e-06	0.1875878870487213	0.3121892809867859	6.1637024373339955e-06	4
bacteria_72|label=0	2.344502900086809e-05	1.3975922229292337e-05	0.02956315502524376	0.47017529606819153	0.00022414725390262902	4
bacteria_73|label=0	0.0005562565638683736	2.302590019098716e-06	0.082288458943367	0.3249228298664093	0.09223012626171112	4
bacteria_74|label=0	0.00016597264038864523	3.3603740234866564e-07	0.027768297120928764	0.4719489812850952	0.00011638527939794585	4
bacteria_75|label=0	0.04413173720240593	0.002117112511768937	0.37643352150917053	0.07460378855466843	0.002713870955631137	3
bacteria_76|label=0	0.0006567438831552863	1.0300173926225398e-05	0.3633463978767395	0.13598650693893433	3.469524045840444e-08	3
bacteria_77|label=0	0.003709923243150115	4.021523636765778e-06	0.035029057413339615	0.4612497091293335	7.299699518625857e-06	4
bacteria_78|label=0	1.1279476893832907e-05	5.861912200089137e-07	0.014823979698121548	0.48512691259384155	3.7216370401438326e-05	4
bacteria_79|label=0	0.039554156363010406	0.00020170328207314014	0.2025664746761322	0.25765174627304077	2.5890543838613667e-05	4
bacteria_80|label=0	0.06485302001237869	0.000500229187309742	0.0879339873790741	0.2137278914451599	0.13298484683036804	4
bacteria_81|label=0	0.0002564949099905789	5.004800414099009e-07	0.006589737720787525	0.49315008521080017	3.1786319141247077e-06	4
bacteria_82|label=0	0.003303947625681758	8.234475535573438e-05	0.29426443576812744	0.20230859518051147	4.068706039106473e-05	3
bacteria_83|label=0	0.0919082760810852	7.510995783377439e-05	0.21074464917182922	0.19236546754837036	0.004906528629362583	3
bacteria_84|label=0	0.00029087558505125344	0.00013306767505127937	0.2703671455383301	0.2290460467338562	0.00016282210708595812	3
bacteria_85|label=0	0.0007267243345268071	0.000666837440803647	0.054903190582990646	0.44366127252578735	4.1973646148107946e-05	4
bacteria_86|label=0	0.00036284266388975084	0.0002597738057374954	0.08538767695426941	0.4137895703315735	0.0002001165266847238	4
bacteria_87|label=0	0.008056425489485264	2.2840566089143977e-05	0.05492909997701645	0.4347974359989166	0.0021942195016890764	4
bacteria_88|label=0	0.006802029442042112	0.00012365379370748997	0.29354503750801086	0.19210322201251984	0.007426051888614893	3
bacteria_89|label=0	9.658759518060833e-05	4.839610028284369e-06	0.16047662496566772	0.3393717408180237	5.020527169108391e-05	4
bacteria_90|label=0	0.04197630286216736	0.0005365136894397438	0.0692717432975769	0.3881683051586151	4.717076808447018e-05	4
bacteria_91|label=0	0.04524233937263489	4.593085236592742e-07	0.025037644430994987	0.42971181869506836	7.749759788566735e-06	4
bacteria_92|label=0	0.0065474435687065125	2.4918406779761426e-05	0.3661483824253082	0.12727555632591248	3.703126594700734e-06	3
bacteria_93|label=0	0.002521492773666978	6.118018973211292e-06	0.2025318592786789	0.29493919014930725	1.3282055988383945e-06	4
bacteria_94|label=0	0.0008750529959797859	1.9630271708592772e-05	0.29466453194618225	0.20436401665210724	7.674092921661213e-05	3
bacteria_95|label=0	2.4375827706535347e-05	2.0740357342674542e-07	0.22430194914340973	0.2756733000278473	1.7947367325632513e-07	4
bacteria_96|label=0	0.004476248286664486	3.4032767871394753e-05	0.09648749977350235	0.3989880383014679	1.4180179277900606e-05	4
bacteria_97|label=0	0.00022793390962760895	1.4742843177373288e-06	0.4156305491924286	0.08412521332502365	1.486751079937676e-05	3
bacteria_98|label=0	9.412372492079157e-06	7.978564440236369e-07	0.13004621863365173	0.3699435293674469	4.214771465171907e-08	4
bacteria_99|label=0	0.00011118497786810622	1.0067900802823715e-05	0.4958436191082001	0.00324595021083951	0.00078917748760432	3
bacteria_100|label=0	0.002004899550229311	3.714675403898582e-05	0.009895030409097672	0.4423765242099762	0.045686423778533936	4
bacteria_101|label=0	0.00035297806607559323	5.8409110351931304e-05	0.10773113369941711	0.38990694284439087	0.0019504913361743093	4
bacteria_102|label=0	0.0022865061182528734	1.3147377103450708e-05	0.2849355936050415	0.21122689545154572	0.001537824748083949	3
bacteria_103|label=0	0.005189294461160898	4.4054831960238516e-05	0.14370913803577423	0.35096824169158936	8.924936992116272e-05	4
bacteria_104|label=0	0.0004068863345310092	4.9123060307465494e-05	0.2825259268283844	0.20671051740646362	0.010307536460459232	3
bacteria_105|label=0	8.929267642088234e-05	3.795309339693631e-06	0.2680699825286865	0.23183691501617432	1.207979849482399e-08	3
bacteria_106|label=0	0.00047514119069091976	2.601299092930276e-05	0.3088766038417816	0.11963320523500443	0.07098899036645889	3
bacteria_107|label=0	0.00020348226826172322	2.217448127339594e-07	0.12732943892478943	0.3723091185092926	0.00015775312203913927	4
bacteria_108|label=0	0.0007596562500111759	0.00846794992685318	0.3024088144302368	0.18827499449253082	8.862640970619395e-05	3
bacteria_109|label=0	9.161719935946167e-05	6.022652883075352e-07	0.39501333236694336	0.10489355027675629	9.463070114179573e-07	3
bacteria_110|label=0	0.000246186536969617	1.198529616885935e-06	0.2956359386444092	0.20390990376472473	0.0002067791938316077	3
bacteria_111|label=0	0.00022112051374278963	1.1548852398846066e-06	0.22373175621032715	0.276045560836792	3.9926422346070467e-07	4
bacteria_112|label=0	0.001861061085946858	1.1939021078433143e-06	0.18793287873268127	0.3102036416530609	1.2232549124746583e-06	4
bacteria_113|label=0	0.0031462092883884907	1.9957709810114466e-05	0.37704533338546753	0.1197829395532608	5.506752131623216e-06	3
bacteria_114|label=0	0.002107248641550541	0.0001733310054987669	0.12087668478488922	0.3743252158164978	0.002517511835321784	4
bacteria_115|label=0	0.10803917050361633	2.7641543056233786e-05	0.10776840150356293	0.28405630588531494	0.00010845689394045621	4
bacteria_116|label=0	0.00010879222099902108	1.0063136869575828e-05	0.2885099947452545	0.21137012541294098	1.0217431736236904e-06	3
bacteria_117|label=0	0.00034495219006203115	1.5982235709088854e-05	0.45936426520347595	0.040270645171403885	4.1700468500494026e-06	3
bacteria_118|label=0	0.007283594459295273	0.0003447515773586929	0.09047796577215195	0.4014354646205902	0.00045822589891031384	4
bacteria_119|label=0	0.0008190330700017512	3.19862192554865e-05	0.14464980363845825	0.354483962059021	1.5208478544082027e-05	4
bacteria_120|label=0	2.312450851604808e-05	3.8656006040582724e-07	0.07131778448820114	0.42865824699401855	4.5702370243816404e-07	4
bacteria_121|label=0	0.00048052723286673427	2.0818004486500286e-05	0.24192340672016144	0.25718945264816284	0.0003857771516777575	4
bacteria_122|label=0	0.0002884922141674906	1.5666884110032697e-06	0.1204785704612732	0.37922728061676025	4.132077265239786e-06	4
bacteria_123|label=0	0.0007070191204547882	0.00016643258277326822	0.4042561650276184	0.09277097135782242	0.002099397359415889	3
bacteria_124|label=0	0.13430611789226532	5.5471944506280124e-05	0.07030200213193893	0.29532748460769653	8.912653356674127e-06	4
bacteria_125|label=0	0.0005534307565540075	0.0001980987872229889	0.37495675683021545	0.12330279499292374	0.0009889417560771108	3
bacteria_126|label=0	0.0024554443079978228	0.004979148972779512	0.1000983789563179	0.2867806553840637	0.10568638145923615	4
bacteria_127|label=0	0.0016064865048974752	0.0008475655340589583	0.25803157687187195	0.23900577425956726	0.0005085744196549058	3
bacteria_128|label=0	0.0010552032617852092	0.00023204777971841395	0.48267579078674316	0.014270522631704807	0.001766383065842092	3
bacteria_129|label=0	0.0015921908197924495	2.324096612937865e-06	0.4105253517627716	0.07926034927368164	0.008619748055934906	3
bacteria_130|label=0	0.43017417192459106	0.030628181993961334	0.011001021601259708	0.019592391327023506	0.008604233153164387	1
bacteria_131|label=0	4.6614088205387816e-05	0.00018194942094851285	0.46748942136764526	0.032061878591775894	0.0002201286843046546	3
bacteria_132|label=0	0.0013699575792998075	4.0714814531384036e-05	0.4668422341346741	0.031616318970918655	0.0001307665224885568	3
bacteria_133|label=0	0.035457439720630646	0.00263582612387836	0.11325925588607788	0.313059002161026	0.035588473081588745	4
bacteria_134|label=0	0.0016083098016679287	4.494442691793665e-05	0.22648286819458008	0.2717011570930481	0.00016273184155579656	4
bacteria_135|label=0	0.02395773120224476	4.053414158988744e-05	0.2622617781162262	0.21373936533927917	5.831602152284177e-07	3
bacteria_136|label=0	0.003547732951119542	0.0001349217345705256	0.060492243617773056	0.43526390194892883	0.0005612000823020935	4
bacteria_137|label=0	0.0017853555036708713	0.00038146268343552947	0.2361139953136444	0.26168951392173767	2.9674096367671154e-05	4
bacteria_138|label=0	0.0004185450670775026	0.00015224225353449583	0.22884716093540192	0.24473930895328522	0.02584272064268589	4
bacteria_139|label=0	0.19092191755771637	5.665420303557767e-06	0.09087511897087097	0.21819710731506348	1.5575618306229444e-07	4
bacteria_140|label=0	0.0007902507204562426	4.453477231436409e-05	0.15372620522975922	0.34540855884552	3.047492828045506e-05	4
bacteria_141|label=0	0.00044675852404907346	2.0441224478418007e-05	0.12331156432628632	0.37620052695274353	2.072415554721374e-05	4
bacteria_142|label=0	0.00022537641052622348	5.305023023538524e-06	0.17993560433387756	0.3198316693305969	2.0157210656179814e-06	4
bacteria_143|label=0	0.0005355772445909679	4.1314171539852396e-05	0.07712288945913315	0.4222958981990814	4.3069571802334394e-06	4
bacteria_144|label=0	0.0017751696286723018	7.185015419963747e-06	0.354297935962677	0.14391747117042542	2.227425738965394e-06	3
bacteria_145|label=0	0.03395722806453705	0.002398075070232153	0.3502627909183502	0.10968421399593353	0.003697718493640423	3
bacteria_146|label=0	0.004478283692151308	0.00011357974290149286	0.15498605370521545	0.3404066860675812	1.5402720237034373e-05	4
bacteria_147|label=0	7.146355187614972e-07	1.2295513940330238e-08	0.21181851625442505	0.28818073868751526	8.535123302566561e-11	4
bacteria_148|label=0	5.1055253607046325e-06	3.420830978484446e-07	0.06045842170715332	0.4395359754562378	1.4122910840796976e-07	4
bacteria_149|label=0	0.0005728441174142063	7.061739779601339e-06	0.2814811170101166	0.21793784201145172	1.1362938039383152e-06	3
bacteria_150|label=0	0.0012982399202883244	7.3343207986908965e-06	0.27649548649787903	0.22219854593276978	3.693938026572141e-07	3
bacteria_151|label=0	0.00022342090960592031	0.0013148589059710503	0.2888427972793579	0.20960219204425812	1.6707357644918375e-05	3
bacteria_152|label=0	0.00027975987177342176	0.0012414759257808328	0.48985666036605835	0.008499602787196636	0.00012252168380655348	3
bacteria_153|label=0	0.0005152159719727933	8.622616292086605e-07	0.20250479876995087	0.29697802662849426	1.0566010359980282e-06	4
bacteria_154|label=0	0.0007808715454302728	2.5204337816830957e-06	0.1251312494277954	0.37399619817733765	8.918299863580614e-05	4
bacteria_155|label=0	0.00019879308820236474	0.00020461650274228305	0.14989204704761505	0.34901806712150574	0.0006864783936180174	4
bacteria_156|label=0	0.0005447673029266298	0.0008332777651958168	0.03669316694140434	0.46189600229263306	3.273799302405678e-05	4
bacteria_157|label=0	0.01647975668311119	9.459620923735201e-05	0.06623584032058716	0.41717731952667236	1.2480407349357847e-05	4
bacteria_158|label=0	0.19951751828193665	0.014247744344174862	0.07075842469930649	0.21547475457191467	1.5421659327330417e-06	4
bacteria_159|label=0	0.016042346134781837	2.006618888117373e-05	0.026580829173326492	0.45709240436553955	0.0002643765474203974	4
bacteria_160|label=0	0.0001236230891663581	2.916325320256874e-05	0.23229144513607025	0.2675520181655884	3.7563690966635477e-06	4
bacteria_161|label=0	0.009471959434449673	9.159089677268639e-05	0.022783152759075165	0.46750402450561523	0.00014923418348189443	4
bacteria_162|label=0	2.247541124233976e-05	5.343283191905357e-06	0.20856823027133942	0.29137957096099854	2.4370667233597487e-05	4
bacteria_163|label=0	0.0022907620295882225	0.007811063900589943	0.07005219161510468	0.41883495450019836	0.001011060900054872	4
bacteria_164|label=0	0.005555679090321064	0.0047387778759002686	0.4623992145061493	0.027131831273436546	0.00017444971308577806	3
bacteria_165|label=0	0.01351099368184805	8.536681707482785e-05	0.04975474998354912	0.4366481900215149	7.037186833258602e-07	4
bacteria_166|label=0	0.0005193016258999705	1.7429478020858369e-06	0.08433598279953003	0.415132611989975	1.0329327778890729e-05	4
bacteria_167|label=0	0.0004307437047827989	4.710445136879571e-05	0.32283130288124084	0.1766323745250702	5.8454454119782895e-05	3
bacteria_168|label=0	0.00016405468340963125	1.0891284318859107e-06	0.11818823218345642	0.3816458284854889	7.952049259074556e-07	4
bacteria_169|label=0	0.005247187800705433	0.00018371896294411272	0.07201473414897919	0.3148112893104553	0.10774309933185577	4
bacteria_170|label=0	0.15765786170959473	1.9991450244560838e-05	0.02718958631157875	0.3151188790798187	1.368251923850039e-05	4
bacteria_171|label=0	0.003108982928097248	0.00017913291230797768	0.04262307286262512	0.06616578251123428	0.3879230320453644	5
bacteria_172|label=0	0.049311313778162	8.075041478150524e-06	0.10287845879793167	0.3476911783218384	0.00011094943329226226	4
bacteria_173|label=0	0.3174542784690857	1.2963822882738896e-05	0.0028437641449272633	0.1789923757314682	0.0006966126384213567	1
bacteria_174|label=0	0.002044530352577567	0.00563737703487277	0.3619687259197235	0.12757889926433563	0.0027704418171197176	3
bacteria_175|label=0	2.970346258734935e-06	6.101063831920328e-08	0.0970081239938736	0.4029887914657593	4.513536921990635e-08	4
bacteria_176|label=0	4.71764178655576e-06	2.2845920284453314e-06	0.44512420892715454	0.05480160936713219	6.715587369399145e-05	3
bacteria_177|label=0	0.002685450715944171	0.00019563973182812333	0.09506344050168991	0.40146708488464355	0.0005883926060050726	4
bacteria_178|label=0	0.00020526276784949005	3.9384276533382945e-06	0.008441515266895294	0.49005022644996643	0.0012990239774808288	4
bacteria_179|label=0	0.00914604403078556	9.471998055232689e-06	0.003799256170168519	0.48704439401626587	8.798625685813022e-07	4
bacteria_180|label=0	0.0032283335458487272	0.00013751017104368657	0.37170687317848206	0.12478581815958023	0.0001414590806234628	3
bacteria_181|label=0	3.1411327654495835e-05	3.818547702394426e-05	0.08123314380645752	0.41868773102760315	9.549510650685988e-06	4
bacteria_182|label=0	3.7099725886946544e-06	1.4860630699331523e-06	0.17031140625476837	0.32968103885650635	2.401617166469805e-06	4
bacteria_183|label=0	0.0005504571017809212	0.007162744179368019	0.26032957434654236	0.23156633973121643	0.0003908767830580473	3
bacteria_184|label=0	0.005555341020226479	0.0028342073783278465	0.43356800079345703	0.03014766424894333	0.027894770726561546	3
bacteria_185|label=0	9.136916924035177e-05	2.8177535682516464e-07	0.041687313467264175	0.45596733689308167	0.0022537163458764553	4
bacteria_186|label=0	0.029857786372303963	0.0001469997805543244	0.3297951817512512	0.13060209155082703	0.009597966447472572	3
bacteria_187|label=0	0.0073898606933653355	0.0013680699048563838	0.2207522839307785	0.27030330896377563	0.00018650258425623178	4
bacteria_188|label=0	0.0001328673679381609	3.2038991776062176e-05	0.25528398156166077	0.13427887856960297	0.11027221381664276	3
bacteria_189|label=0	0.02408742904663086	0.0002923427091445774	0.22174546122550964	0.25359591841697693	0.0002788370184134692	4
bacteria_190|label=0	0.0017199403373524547	0.00019136308401357383	0.04263497516512871	0.45543187856674194	2.181477248086594e-05	4
bacteria_191|label=0	0.004844466224312782	0.0003420581924729049	0.1977740377187729	0.29675939679145813	0.00028005256899632514	4
bacteria_192|label=0	0.00042578886495903134	1.2631573554244824e-05	0.1978263407945633	0.3014434576034546	0.00029174660448916256	4
bacteria_193|label=0	0.00424536457285285	1.1736899978131987e-05	0.17318034172058105	0.28884878754615784	0.03371378034353256	4
bacteria_194|label=0	0.0008338901679962873	5.730480552301742e-05	0.16672034561634064	0.32961127161979675	0.002777200425043702	4
bacteria_195|label=0	6.727518484694883e-05	2.5564748284523375e-05	0.18405933678150177	0.3148269057273865	0.0010208935709670186	4
bacteria_196|label=0	0.0008294600993394852	0.00030067251645959914	0.20911537110805511	0.28813889622688293	0.0016155937919393182	4
bacteria_197|label=0	0.002710266737267375	2.0617046629922697e-06	0.21978019177913666	0.27750617265701294	1.288351086259354e-06	4
bacteria_198|label=0	0.000825965020339936	3.9699210901744664e-05	0.25684937834739685	0.24106009304523468	0.0012248334242030978	3
bacteria_199|label=0	0.002248834352940321	0.0001775399869075045	0.3886532485485077	0.10891778767108917	2.582181423349539e-06	3
bacteria_200|label=0	4.875062222708948e-05	1.9907549813069636e-06	0.13565213978290558	0.3642791211605072	1.799222081899643e-05	4
bacteria_201|label=0	0.0004662249411921948	7.210386684164405e-06	0.4328056573867798	0.06654495745897293	0.0001759170409059152	3
bacteria_202|label=0	0.00028850501985289156	2.3674839155773952e-07	0.11567765474319458	0.3537941873073578	0.030239427462220192	4
bacteria_203|label=0	0.00019720116688404232	0.00011137654655613005	0.16192735731601715	0.33683377504348755	0.0009302823455072939	4
bacteria_204|label=0	0.038555268198251724	0.00014743107021786273	0.01279128435999155	0.4474031627178192	0.0011028553126379848	4
bacteria_205|label=0	0.013757172971963882	0.00024260184727609158	0.4151062071323395	0.0689658671617508	0.0019281718414276838	3
bacteria_206|label=0	0.0001660517737036571	2.6014829927589744e-05	0.3048582971096039	0.19494612514972687	3.5407961149758194e-06	3
bacteria_207|label=0	0.001391360885463655	0.0027450770139694214	0.3016243577003479	0.19116665422916412	0.0030725833494216204	3
bacteria_208|label=0	0.00023323736968450248	2.6239915314363316e-05	0.250411719083786	0.2489476352930069	0.00038118514930829406	3
bacteria_209|label=0	0.005190672352910042	3.2041258236858994e-05	0.3283781409263611	0.16634519398212433	5.3976091294316575e-05	3
bacteria_210|label=0	0.0021451504435390234	0.0003550392866600305	0.19029870629310608	0.30718502402305603	1.606881596671883e-05	4
bacteria_211|label=0	0.004279180429875851	0.0005916520021855831	0.048062436282634735	0.44643935561180115	0.0006273345788940787	4
bacteria_212|label=0	0.0010070034768432379	1.0140925951418467e-05	0.027731560170650482	0.46994319558143616	0.001308082602918148	4
bacteria_213|label=0	0.0013693663058802485	2.2341011572279967e-05	0.10435360670089722	0.39341622591018677	0.0008384650573134422	4
bacteria_214|label=0	0.0006820074049755931	1.5706975318607874e-05	0.0635543167591095	0.43573734164237976	1.0603876944514923e-05	4
bacteria_215|label=0	0.0008588297059759498	2.4347293674509274e-06	0.011366852559149265	0.4877718687057495	1.6773784139445524e-08	4
bacteria_216|label=0	0.0017482531256973743	7.764138717902824e-05	0.08365003019571304	0.4144687056541443	5.5334392527583987e-05	4
bacteria_217|label=0	2.1852121790288948e-05	2.0813214973713912e-07	0.012401176616549492	0.48755964636802673	1.7123618818004616e-05	4
bacteria_218|label=0	0.028072400018572807	0.0005974482628516853	0.20100711286067963	0.27030158042907715	2.1423025827971287e-05	4
bacteria_219|label=0	0.0047940160147845745	1.2145660548412707e-05	0.04764470085501671	0.4475472569465637	1.9091457943432033e-06	4
bacteria_220|label=0	0.0015542374458163977	0.0006255493499338627	0.38654008507728577	0.11115580052137375	0.00012431260256562382	3
bacteria_221|label=0	0.0008957971003837883	8.6994405137375e-05	0.3240325450897217	0.17495609819889069	2.8510210540844128e-05	3
bacteria_222|label=0	0.0003150301636196673	1.3018219760851935e-05	0.2712560296058655	0.22822731733322144	0.00018861248099710792	3
bacteria_223|label=0	0.008249702863395214	2.5255019863834605e-05	0.06317080557346344	0.4285532236099243	1.0415108135930495e-06	4
bacteria_224|label=0	0.0004241231654305011	3.1006081826490117e-06	0.403932124376297	0.09561706334352493	2.3598364350618795e-05	3
bacteria_225|label=0	0.000156114692799747	1.2984741033505998e-06	0.2855137586593628	0.21432504057884216	3.8070165828685276e-06	3
bacteria_226|label=0	6.158635369502008e-05	1.628263089514803e-05	0.27680158615112305	0.22311481833457947	5.739556854678085e-06	3
bacteria_227|label=0	0.40678226947784424	9.02556421351619e-05	0.016878770664334297	0.07620735466480255	4.129198350710794e-05	1
bacteria_228|label=0	0.00045129985664971173	6.068872835385264e-07	0.03805707022547722	0.4614908993244171	8.719982957927641e-08	4
bacteria_229|label=0	0.006405589636415243	5.329637588147307e-06	0.3268721401691437	0.16671156883239746	5.3768294492329005e-06	3
bacteria_230|label=0	0.008786804042756557	1.631215309316758e-05	0.0818704217672348	0.40932443737983704	2.060210363197257e-06	4
bacteria_231|label=0	0.13417768478393555	2.200334165536333e-05	0.024777544662356377	0.34102270007133484	4.018376031922344e-08	4
bacteria_232|label=0	0.0024156123399734497	9.531970135867596e-05	0.188644140958786	0.3088369071483612	8.033412996155676e-06	4
bacteria_233|label=0	0.00394634623080492	0.00040860558510757983	0.15567949414253235	0.3398284614086151	0.00013709616905543953	4
bacteria_234|label=0	9.970601240638644e-05	1.5982837453520915e-07	0.40912091732025146	0.09075423330068588	2.4976236090878956e-05	3
bacteria_235|label=0	0.0027468292973935604	0.00021838491375092417	0.19890256226062775	0.28380340337753296	0.01432880200445652	4
bacteria_236|label=0	0.000642902625259012	0.00018820128752849996	0.19217391312122345	0.3069932460784912	1.7427065586161916e-06	4
bacteria_237|label=0	1.8951752281282097e-05	1.191560556890181e-07	0.14147362112998962	0.3579360842704773	0.0005712061538361013	4
bacteria_238|label=0	0.00011889661254826933	1.3318345963853062e-06	0.25372982025146484	0.24610601365566254	4.394916322780773e-05	3
bacteria_239|label=0	3.9934442611411214e-05	0.0020463347900658846	0.2762872278690338	0.21882736682891846	0.002799138892441988	3
bacteria_240|label=0	0.0018857037648558617	7.926504622446373e-05	0.3686399459838867	0.12856425344944	0.0008307959651574492	3
bacteria_241|label=0	8.739788427192252e-06	4.641115083359182e-07	0.4318481385707855	0.06814176589250565	8.663503763273184e-07	3
bacteria_242|label=0	1.3604731066152453e-05	1.0569448022579309e-05	0.3852871358394623	0.10127239674329758	0.013416312634944916	3
bacteria_243|label=0	0.03236471116542816	0.000551119854208082	0.1934376060962677	0.2726694941520691	0.0009770970791578293	4
bacteria_244|label=0	0.0005515674711205065	7.739780994597822e-05	0.10073360800743103	0.39863139390945435	6.002034297125647e-06	4
bacteria_245|label=0	0.010304885916411877	1.3349256278161192e-06	0.20408956706523895	0.28559890389442444	5.339677045412827e-06	4
bacteria_246|label=0	0.0001191348274005577	2.7762525860453025e-05	0.4911688566207886	0.0024950841907411814	0.006189183797687292	3
bacteria_247|label=0	0.0045674447901546955	4.877740502706729e-05	0.25835147500038147	0.23702500760555267	7.2709003688942175e-06	3
bacteria_248|label=0	8.670457464177161e-05	0.0038571127224713564	0.3772992789745331	0.1186504140496254	0.00010649041360011324	3
bacteria_249|label=0	0.0006922422326169908	0.00017271825345233083	0.3332700729370117	0.1657918095588684	7.312022353289649e-05	3
bacteria_250|label=0	0.0006701839156448841	7.102449308149517e-05	0.22544945776462555	0.27342069149017334	0.00038865007809363306	4
bacteria_251|label=0	0.012203555554151535	1.3587562534667086e-05	0.39126381278038025	0.09639893472194672	0.00012008244084427133	3
bacteria_252|label=0	0.03534771129488945	4.02624937123619e-06	0.05781610310077667	0.406704306602478	0.00012782972771674395	4
bacteria_253|label=0	0.003015266265720129	1.0716162250901107e-05	0.003406585194170475	0.4915328621864319	0.002034539356827736	4
bacteria_254|label=0	0.004163738340139389	7.074021937114594e-07	0.019278543069958687	0.47653669118881226	2.0320887415437028e-05	4
bacteria_255|label=0	2.4284559913212433e-05	2.3024216716294177e-05	0.36740177869796753	0.12837742269039154	0.0041734930127859116	3
bacteria_256|label=0	0.00014269596431404352	1.1703846212185454e-05	0.12774981558322906	0.37209367752075195	2.084080506392638e-06	4
bacteria_257|label=0	0.00011896309297299013	1.6154842796822777e-06	0.3495846688747406	0.1502944827079773	2.7525962309482566e-07	3
bacteria_258|label=0	0.0001843422360252589	7.787317008478567e-05	0.4203335642814636	0.07823580503463745	0.0011684246128425002	3
bacteria_259|label=0	0.00019373669056221843	9.076761671167333e-07	0.19090965390205383	0.30886197090148926	3.372019637026824e-05	4
bacteria_260|label=0	0.00014896347420290112	1.0633701208462298e-07	0.30384811758995056	0.19600266218185425	1.1074997985360824e-07	3
bacteria_261|label=0	0.0001881387725006789	8.363680592538003e-08	0.02476906217634678	0.47503700852394104	5.718032298318576e-06	4
bacteria_262|label=0	3.308431769255549e-05	5.988142248725126e-08	0.3172900676727295	0.18267680704593658	5.152581472600559e-09	3
bacteria_263|label=0	0.027332382276654243	1.5678901036153547e-05	0.07310985028743744	0.39952123165130615	2.0869974832748994e-05	4
bacteria_264|label=0	1.1882143553521018e-05	1.2448175823465135e-07	0.022336410358548164	0.4776514172554016	1.7973732724385627e-07	4
bacteria_265|label=0	0.0007275068783201277	3.810520502156578e-05	0.3247440457344055	0.17441993951797485	7.039910269668326e-05	3
bacteria_266|label=0	0.00011931777407880872	8.022756787795515e-07	0.34852612018585205	0.1513502150774002	3.5647806271299487e-06	3
bacteria_267|label=0	0.01034415140748024	6.13690644968301e-05	0.4129215180873871	0.07667296379804611	1.877309330211574e-08	3
bacteria_268|label=0	0.00016826392675284296	9.891155059449375e-06	0.07210949063301086	0.42762550711631775	8.688140223966911e-05	4
bacteria_269|label=0	0.0011033054906874895	2.0570000458519644e-07	0.13161590695381165	0.36727991700172424	6.559852749887796e-07	4
bacteria_270|label=0	0.001343805924989283	1.537229763926007e-05	0.10590077936649323	0.3927389979362488	1.0493542959011393e-06	4
bacteria_271|label=0	0.014207459054887295	4.699700002674945e-05	0.25859978795051575	0.2271258533000946	1.9903423890355043e-05	3
bacteria_272|label=0	0.0005872843903489411	0.0015944911865517497	0.12342095375061035	0.3738326132297516	0.0005646116333082318	4
bacteria_273|label=0	0.0017245281487703323	1.389031353937753e-06	0.02482399344444275	0.47344771027565	2.345031361983274e-06	4
bacteria_274|label=0	6.5549456849112175e-06	2.317938196938485e-07	0.24791719019412994	0.2520570456981659	1.898806840472389e-05	4
bacteria_275|label=0	0.020303301513195038	8.76115734627092e-07	0.05397912859916687	0.4257166087627411	9.461020766821093e-08	4
bacteria_276|label=0	1.6535301256226376e-05	1.0091087460750714e-05	0.06920339167118073	0.4307286739349365	4.131624154979363e-05	4
bacteria_277|label=0	7.052052387734875e-05	2.959759149234742e-05	0.0643816813826561	0.4354632794857025	5.492484706337564e-05	4
bacteria_278|label=0	3.2340922189177945e-05	4.762917342304718e-06	0.06956912577152252	0.4303937256336212	4.877019676996497e-08	4
bacteria_279|label=0	0.031908825039863586	0.0264152642339468	0.2614681124687195	0.17391331493854523	0.006294522434473038	3
bacteria_280|label=0	0.007752235047519207	2.4355824280064553e-05	0.06490513682365417	0.3362986147403717	0.0910196304321289	4
bacteria_281|label=0	0.3548274040222168	0.0004212504136376083	0.01310617197304964	0.007625077851116657	0.12402010709047318	1
bacteria_282|label=0	0.00014730087423231453	7.518740972045634e-07	0.14881640672683716	0.35103553533554077	1.9792340211211013e-08	4
bacteria_283|label=0	0.0011891272151842713	7.781420841013187e-09	0.18109139800071716	0.3177194893360138	4.435123823753884e-09	4
bacteria_284|label=0	2.7896523988601984e-06	1.2105050473110168e-07	0.11035502701997757	0.3896324336528778	9.613985639589373e-06	4
bacteria_285|label=0	0.00014878831279929727	3.701458410887426e-07	0.013935171067714691	0.4859151542186737	5.23107587468985e-07	4
bacteria_286|label=0	0.05609559640288353	9.077272807189729e-06	0.16188392043113708	0.2820015549659729	9.833432159211952e-06	4
bacteria_287|label=0	0.005342054180800915	1.3363982361624949e-05	0.4125129282474518	0.08212248235940933	9.216018042934593e-06	3
bacteria_288|label=0	0.012112362310290337	5.398475877882447e-06	0.2875240445137024	0.20025528967380524	0.00010289179772371426	3
bacteria_289|label=0	0.0017464831471443176	6.289318116614595e-05	0.2897210121154785	0.2078368216753006	0.0006327885785140097	3
bacteria_290|label=0	0.0004733274399768561	3.0315104595501907e-06	0.20629043877124786	0.29320117831230164	3.202278458047658e-05	4
bacteria_291|label=0	0.0008983244188129902	0.00031380957807414234	0.12140537798404694	0.37737464904785156	7.879963050072547e-06	4
bacteria_292|label=0	0.0011941894190385938	0.00027621100889518857	0.3013688027858734	0.19674906134605408	0.0004117205971851945	3
bacteria_293|label=0	7.415986328851432e-05	1.3409836356004234e-05	0.27077460289001465	0.22904689610004425	9.093035623664036e-05	3
bacteria_294|label=0	0.04572996497154236	0.001399809611029923	0.3340132534503937	0.11875759065151215	9.937994764186442e-05	3
bacteria_295|label=0	0.0003481987223494798	0.00020559209224302322	0.007407254073768854	0.4920313358306885	7.624724275956396e-06	4
bacteria_296|label=0	0.009570226073265076	0.0017227167263627052	0.01847314089536667	0.46981146931648254	0.00042244474752806127	4
bacteria_297|label=0	0.016282470896840096	0.05925038829445839	0.057153552770614624	0.3672753870487213	3.817806646111421e-05	4
bacteria_298|label=0	0.001997421495616436	1.177826379716862e-05	0.10564342141151428	0.39225929975509644	8.811763109406456e-05	4
bacteria_299|label=0	0.2763863205909729	0.00903424434363842	0.07138096541166306	0.12907440960407257	0.01412406750023365	1
bacteria_300|label=0	0.002372520975768566	0.0001117935316869989	0.02391057088971138	0.06486161798238754	0.4087434709072113	5
bacteria_301|label=0	0.017844200134277344	3.44808358931914e-05	0.05440134555101395	0.4276873767375946	3.258353171986528e-05	4
bacteria_302|label=0	0.0068205795250833035	3.020026724698255e-06	0.03531194478273392	0.4578452706336975	1.921613875310868e-05	4
bacteria_303|label=0	0.16094833612442017	3.6858425573882414e-06	0.06636657565832138	0.2726707458496094	1.0674792065401562e-05	4
bacteria_304|label=0	0.009085556492209435	2.902693722717231e-06	0.23614923655986786	0.2547033131122589	5.8988000091630965e-05	4
bacteria_305|label=0	0.023270074278116226	0.002631374867632985	0.26164209842681885	0.21233654022216797	0.00011988916230620816	3
bacteria_306|label=0	0.00041027061524800956	5.18998785992153e-06	0.025203781202435493	0.4743804931640625	2.694244471967977e-07	4
bacteria_307|label=0	0.0023973227944225073	0.0013381736353039742	0.2617485821247101	0.2340143769979477	0.0005015541682951152	3
bacteria_308|label=0	0.00010356453276472166	4.444792284630239e-05	0.07845847308635712	0.4213835597038269	9.924389814841561e-06	4
bacteria_309|label=0	6.204937380971387e-05	0.004034413956105709	0.15019890666007996	0.34476545453071594	0.0009391907369717956	4
bacteria_310|label=0	4.085032196599059e-05	1.527507629361935e-05	0.28772181272506714	0.21221894025802612	3.1464596759178676e-06	3
bacteria_311|label=0	4.208922473480925e-05	2.9602708309539594e-05	0.1572308987379074	0.34255653619766235	0.00014087326417211443	4
bacteria_312|label=0	0.008147959597408772	1.7307951566181146e-05	0.13535498082637787	0.3559509515762329	0.0005287754465825856	4
bacteria_313|label=0	7.869861292419955e-05	7.105485565261915e-06	0.08006762713193893	0.4185236394405365	0.0013229455798864365	4
bacteria_314|label=0	1.7755421140464023e-05	3.7966000832057034e-07	0.2256946861743927	0.27428528666496277	1.9424442143645138e-06	4
bacteria_315|label=0	0.000800744746811688	0.0001619936228962615	0.26597198843955994	0.23295451700687408	0.00011074473877670243	3
bacteria_316|label=0	0.027114523574709892	8.274488936876878e-05	0.12368620932102203	0.34911417961120605	2.3178640731202904e-06	4
bacteria_317|label=0	0.002315034857019782	7.650394400116056e-05	0.27455905079841614	0.22304898500442505	4.051508994962205e-07	3
bacteria_318|label=0	0.023814188316464424	9.02332703844877e-06	0.2060861885547638	0.2699289321899414	0.0001616772497072816	4
bacteria_319|label=0	3.666134216473438e-05	5.031137106925598e-07	0.3980785310268402	0.10181134939193726	7.293641829164699e-05	3
bacteria_320|label=0	0.10594439506530762	7.054871821310371e-05	0.21485185623168945	0.17827989161014557	0.0008532900246791542	3
bacteria_321|label=0	0.0007016941090114415	6.755997219443088e-07	0.1278751790523529	0.3714054524898529	1.7011525415000506e-05	4
bacteria_322|label=0	0.00016668274474795908	8.285122703455272e-07	0.01546134240925312	0.484371155500412	1.9128474804119833e-08	4
bacteria_323|label=0	0.027278011664748192	0.00013174678315408528	0.1733136922121048	0.299256831407547	1.967723983398173e-05	4
bacteria_324|label=0	0.000189481012057513	1.2339232853264548e-06	0.02105843275785446	0.4786962568759918	5.458390660351142e-05	4
bacteria_325|label=0	6.086477515054867e-05	6.777770522603532e-08	0.06539358198642731	0.43447643518447876	6.902219320181757e-05	4
bacteria_326|label=0	0.15530338883399963	8.381454790651333e-06	0.20505556464195251	0.13956812024116516	6.452079105656594e-05	3
bacteria_327|label=0	0.01813616044819355	0.00034087852691300213	0.09445179998874664	0.3870195150375366	5.1613740652101114e-05	4
bacteria_328|label=0	0.008197053335607052	6.531371036544442e-05	0.06332458555698395	0.42841053009033203	2.519344434404047e-06	4
bacteria_329|label=0	0.005996961146593094	0.010001319460570812	0.1542080044746399	0.1724911779165268	0.15730254352092743	4
bacteria_330|label=0	8.133977644320112e-06	1.6985474076136597e-06	0.09796416014432907	0.4020255208015442	4.6329762426466914e-07	4
bacteria_331|label=0	9.303833940066397e-05	3.9991482481127605e-05	0.1665792167186737	0.3331683576107025	0.00011941147386096418	4
bacteria_332|label=0	0.09018873423337936	0.040742192417383194	0.09712579101324081	0.27163392305374146	0.0003093611157964915	4
bacteria_333|label=0	0.0006024110480211675	9.14078896130377e-07	0.42431873083114624	0.07507769018411636	2.996556247580884e-07	3
bacteria_334|label=0	0.0005629599909298122	1.2418454389262479e-05	0.1442049890756607	0.3547777533531189	0.00044189620530232787	4
bacteria_335|label=0	0.0015758873196318746	0.000512243015691638	0.3474424481391907	0.1495620161294937	0.0009073973051272333	3
bacteria_336|label=0	0.0003166315145790577	2.853236219380051e-05	0.09892171621322632	0.4007326066493988	4.7066188813005283e-07	4
bacteria_337|label=0	0.0032083166297525167	0.00035225224564783275	0.22482794523239136	0.2715853154659271	2.6199752028333023e-05	4
bacteria_338|label=0	0.0025265298318117857	2.2030280888429843e-05	0.125886932015419	0.3533655107021332	0.01819898933172226	4
bacteria_339|label=0	0.003134608268737793	2.1227533579804003e-06	0.17864635586738586	0.3181764483451843	4.046654066769406e-05	4
bacteria_340|label=0	8.284001523861662e-05	3.2076430215965956e-05	0.36037930846214294	0.13927480578422546	0.00023095407232176512	3
bacteria_341|label=0	0.00028519172337837517	5.1595293371065054e-08	0.45815715193748474	0.041557397693395615	1.9252145477821614e-07	3
bacteria_342|label=0	0.00021718785865232348	2.8173394639452454e-06	0.3841949701309204	0.11558297276496887	2.077304316117079e-06	3
bacteria_343|label=0	0.004248624201864004	9.868064080365002e-05	0.23273347318172455	0.2629035711288452	1.563401019666344e-05	4
bacteria_344|label=0	0.000746249919757247	2.335723547730595e-05	0.2586883008480072	0.24053916335105896	2.8882700462418143e-06	3
bacteria_345|label=0	0.0008483640849590302	1.8502428247302305e-06	0.24991005659103394	0.24923846125602722	1.2698196769633796e-06	3
bacteria_346|label=0	0.00021624747023452073	0.0006900300504639745	0.11647545546293259	0.35271382331848145	0.029904423281550407	4
bacteria_347|label=0	0.0024462388828396797	0.0002473217318765819	0.34241983294487	0.15487739443778992	9.219716957886703e-06	3
bacteria_348|label=0	0.0005149257485754788	0.00025853957049548626	0.28494441509246826	0.2135307937860489	0.0007513465825468302	3
bacteria_349|label=0	9.532563854008913e-05	3.170007119024376e-07	0.3168502449989319	0.18303778767585754	1.633984902582597e-05	3
bacteria_350|label=0	0.07677877694368362	0.036470022052526474	0.23273791372776031	0.15290981531143188	0.001103433663956821	3
bacteria_351|label=0	1.7248525182367302e-05	2.8495480364654213e-05	0.46477803587913513	0.035113073885440826	6.30825525149703e-05	3
bacteria_352|label=0	0.0792786255478859	0.004576761741191149	0.265841543674469	0.1491212397813797	0.0011818046914413571	3
bacteria_353|label=0	0.00037854339461773634	2.8392094463924877e-05	0.32169485092163086	0.17789779603481293	4.3791357029476785e-07	3
bacteria_354|label=0	0.020076202228665352	0.00010531535372138023	0.08181450515985489	0.3979906737804413	1.326462734141387e-05	4
bacteria_355|label=0	5.749161937274039e-05	3.30364827050289e-07	0.23476506769657135	0.26517075300216675	6.348360329866409e-06	4
bacteria_356|label=0	0.0007209826144389808	1.1970834748353809e-05	0.4246382415294647	0.07449818402528763	0.00013059235061518848	3
bacteria_357|label=0	0.0009588206303305924	6.597221613446891e-08	0.04268622398376465	0.45632803440093994	2.685060644580517e-05	4
bacteria_358|label=0	0.00042424359708093107	1.6066337593656499e-06	0.375292032957077	0.12003788352012634	0.004244172014296055	3
bacteria_359|label=0	0.0010139723308384418	6.356947324093198e-06	0.038989994674921036	0.4598853588104248	0.00010434673458803445	4
bacteria_360|label=0	0.01566213183104992	0.00013295690587256104	0.08764920383691788	0.3952072262763977	0.0013484888477250934	4
bacteria_361|label=0	0.23751895129680634	2.9537657155742636e-06	0.04811815544962883	0.2143358290195465	2.4067192498478107e-05	1
bacteria_362|label=0	4.90609418193344e-05	1.6620258520561038e-06	0.3443182408809662	0.15560749173164368	2.3522148694610223e-05	3
bacteria_363|label=0	0.0006284893024712801	4.7179084504023194e-05	0.22003522515296936	0.2792087495326996	8.034361962927505e-05	4
bacteria_364|label=0	0.0007506203837692738	5.2738851081812754e-05	0.3799941837787628	0.10860803723335266	0.010594387538731098	3
bacteria_365|label=0	7.86018354119733e-05	1.1940118383790832e-05	0.15482781827449799	0.34506845474243164	1.3200471585150808e-05	4
bacteria_366|label=0	0.001453193137422204	0.0010872138664126396	0.22564800083637238	0.2703913748264313	0.001420194166712463	4
bacteria_367|label=0	2.272888224297276e-07	0.06737722456455231	0.011006418615579605	0.4216131865978241	2.96993584925076e-06	4
bacteria_368|label=0	0.002259938744828105	0.000130122309201397	0.09438936412334442	0.3867577314376831	0.016462847590446472	4
bacteria_369|label=0	0.0006267401040531695	1.6447710322609055e-06	0.4473581314086914	0.052013471722602844	4.2007869183180446e-08	3
bacteria_370|label=0	0.0019054609583690763	1.3858782040188089e-05	0.08329445123672485	0.4147835075855255	2.7397934445616556e-06	4
bacteria_371|label=0	0.0005757285980507731	1.1437238754297141e-05	0.25213250517845154	0.24726831912994385	1.2028653145534918e-05	3
bacteria_372|label=0	0.0018993370467796922	6.794447836000472e-05	0.0030989921651780605	0.494932621717453	1.0977742022078019e-06	4
bacteria_373|label=0	0.004129510838538408	7.031443965388462e-05	0.02946789748966694	0.46632710099220276	5.1969504966109525e-06	4
bacteria_374|label=0	0.038776881992816925	1.789696398191154e-05	0.19010843336582184	0.2710915505886078	5.242884071776643e-06	4
bacteria_375|label=0	0.017305156216025352	0.0002971201902255416	0.3525288701057434	0.12959134578704834	0.00027753261383622885	3
bacteria_376|label=0	0.00013854897406417876	5.214968950895127e-06	0.4180070161819458	0.0818490982055664	1.319305908964452e-07	3
bacteria_377|label=0	0.00013807558570988476	1.9707908904820215e-06	0.19988876581192017	0.29997047781944275	6.619958412557025e-07	4
bacteria_378|label=0	0.009526393376290798	0.08588272333145142	0.16583260893821716	0.23818716406822205	0.0005710911354981363	4
bacteria_379|label=0	0.0056853098794817924	1.264107231691014e-05	0.052559345960617065	0.4417216181755066	2.108544867951423e-05	4
bacteria_380|label=0	0.00043870549416169524	7.81287553763832e-07	0.02686665579676628	0.4726937711238861	8.634908255089613e-08	4
bacteria_381|label=0	0.0017971117049455643	0.0002853715268429369	0.08131729811429977	0.4156913757324219	0.000908817513845861	4
bacteria_382|label=0	0.002793485065922141	3.4139336548832944e-06	0.09413386136293411	0.40302830934524536	4.0957340388558805e-05	4
bacteria_383|label=0	0.08013321459293365	0.13373318314552307	0.2147471159696579	0.047075506299734116	0.024310989305377007	3
bacteria_384|label=0	6.171480345074087e-05	6.957370857207934e-08	0.10862807929515839	0.39130985736846924	2.6786383955368365e-07	4
bacteria_385|label=0	0.00039537440170533955	5.335062951417058e-07	0.3280605673789978	0.17154254019260406	9.729014891490806e-07	3
bacteria_386|label=0	0.00019447859085630625	1.036621233652113e-05	0.2466273456811905	0.25316712260246277	6.98261146681034e-07	4
bacteria_387|label=0	0.001093273633159697	2.4608323656138964e-05	0.08046095818281174	0.418419748544693	1.3888694638808374e-06	4
bacteria_388|label=0	4.216508023091592e-05	1.0342206223867834e-05	0.4713096618652344	0.028512461110949516	0.00012532170512713492	3
bacteria_389|label=0	0.00029404577799141407	1.882421383925248e-05	0.17960584163665771	0.32007575035095215	5.535644049814437e-06	4
bacteria_390|label=0	0.00011902824189746752	0.00016779583529569209	0.4433557391166687	0.0562620609998703	9.532554395264015e-05	3
bacteria_391|label=0	0.04750499129295349	9.836835488385987e-06	0.006462565623223782	0.4460131525993347	9.441670044907369e-06	4
bacteria_392|label=0	0.001469925744459033	6.052792741684243e-06	0.2991885840892792	0.1993282586336136	7.187862593127647e-06	3
bacteria_393|label=0	0.00033872300991788507	2.628675247251522e-06	0.39015626907348633	0.10949845612049103	3.902378921338823e-06	3
bacteria_394|label=0	0.06547119468450546	4.3311410991009325e-05	0.12840589880943298	0.306063711643219	1.589639032317791e-05	4
bacteria_395|label=0	0.00023862376110628247	0.00029855890898033977	0.3854764401912689	0.11397707462310791	9.346535080112517e-06	3
bacteria_396|label=0	1.481705339756445e-06	1.959537621587515e-05	0.42027726769447327	0.07969699800014496	4.668900601245696e-06	3
bacteria_397|label=0	0.023826906457543373	0.00016429240349680185	0.32826676964759827	0.14761564135551453	0.0001263918966287747	3
bacteria_398|label=0	0.0009291832102462649	1.3954732821730431e-05	0.11505230516195297	0.38400140404701233	3.1514828151557595e-06	4
bacteria_399|label=0	9.58944292506203e-05	1.5980302123352885e-05	0.20610618591308594	0.2937815189361572	4.056319085066207e-07	4
bacteria_400|label=0	0.004086061380803585	0.0008422459941357374	0.37336111068725586	0.121495820581913	0.00021474147797562182	3
bacteria_401|label=0	0.016467051580548286	2.0225059415679425e-05	0.22500869631767273	0.25850343704223633	5.765738251284347e-07	4
bacteria_402|label=0	0.0024815078359097242	0.0008030728786252439	0.09560870379209518	0.39888596534729004	0.002220739144831896	4
bacteria_403|label=0	0.0014014565385878086	0.00032730490784160793	0.3674237132072449	0.13057014346122742	0.0002773820306174457	3
bacteria_404|label=0	0.00034217085340060294	4.0796328448777786e-07	0.04514263570308685	0.45451223850250244	2.5488759547442896e-06	4
bacteria_405|label=0	0.002217963570728898	2.879941973787936e-07	0.022007767111063004	0.47577187418937683	2.100861820508726e-06	4
bacteria_406|label=0	5.571643487201072e-05	5.0868216931121424e-05	0.4024134576320648	0.09593964368104935	0.001540290773846209	3
bacteria_407|label=0	7.244791777338833e-05	2.1673045921488665e-05	0.25620371103286743	0.24367573857307434	2.6376230380265042e-05	3
bacteria_408|label=0	0.0006129932007752359	1.2275621884327848e-05	0.319471538066864	0.1790211945772171	0.0008820256334729493	3
bacteria_409|label=0	1.710543619992677e-05	1.5123231378311175e-07	0.06502050161361694	0.4349619746208191	2.7490187903822516e-07	4
bacteria_410|label=0	0.0019546071998775005	7.3636838351376355e-06	0.41498997807502747	0.08287535607814789	0.0001726911577861756	3
bacteria_411|label=0	1.644759686314501e-05	5.357324880606029e-06	0.1776362657546997	0.32212355732917786	0.00021834508515894413	4
bacteria_412|label=0	0.0033317571505904198	1.137278104579309e-06	0.04283148795366287	0.45383429527282715	1.3137226915205247e-06	4
bacteria_413|label=0	0.00020576301903929561	3.093672603426967e-06	0.15608824789524078	0.3436758816242218	2.7006521122530103e-05	4
bacteria_414|label=0	0.0008713488350622356	1.1635052743486085e-07	0.23929093778133392	0.25983646512031555	1.1204125485164695e-06	4
bacteria_415|label=0	0.0018069131765514612	0.00026296047144569457	0.018890807405114174	0.4643029570579529	0.014736342243850231	4
bacteria_416|label=0	4.985457781003788e-05	3.6017834645463154e-05	0.2615911662578583	0.2383059710264206	1.7003352695610374e-05	3
bacteria_417|label=0	0.031748246401548386	2.4620718249934725e-05	0.39518019556999207	0.06705863028764725	0.005988283548504114	3
bacteria_418|label=0	0.00021238767658360302	0.0003427441406529397	0.015010761097073555	0.4844319224357605	2.1918433503742563e-06	4
bacteria_419|label=0	0.001599840703420341	0.00021802965784445405	0.17799408733844757	0.32014670968055725	4.13536727137398e-05	4
bacteria_420|label=0	0.00043660326628014445	1.3500434761226643e-05	0.25181517004966736	0.24749191105365753	0.00024283025413751602	3
bacteria_421|label=0	2.5082072170334868e-05	0.0008368141716346145	0.16228997707366943	0.33675453066825867	9.358975512441248e-05	4
bacteria_422|label=0	0.00258057564496994	2.107886211888399e-05	0.32417964935302734	0.17319685220718384	2.1848698452231474e-05	3
bacteria_423|label=0	0.00027272183797322214	0.00226610922254622	0.417904794216156	0.07868226617574692	0.000874097109772265	3
bacteria_424|label=0	4.507984340307303e-05	2.3702184989815578e-05	0.4677506387233734	0.03208291530609131	9.761765250004828e-05	3
bacteria_425|label=0	0.001240637619048357	1.115074337576516e-05	0.2965291440486908	0.2022116631269455	7.4333684096927755e-06	3
bacteria_426|label=0	0.0027351153548806906	8.710318070370704e-06	0.481660932302475	0.01559339091181755	1.85108262940048e-06	3
bacteria_427|label=0	0.0005621795426122844	0.0002614925033412874	0.42195674777030945	0.049170516431331635	0.02804909273982048	3
bacteria_428|label=0	0.0013189782621338964	6.37034754618071e-05	0.2309737205505371	0.2657943069934845	0.0018492911476641893	4
bacteria_429|label=0	0.00011641419405350462	1.5707313423263258e-06	0.30048322677612305	0.1993987113237381	6.126609974899111e-08	3
bacteria_430|label=0	0.0005949134356342256	0.00016023777425289154	0.11754422634840012	0.3816920518875122	8.56687893246999e-06	4
bacteria_431|label=0	7.333974645007402e-05	5.905467048705759e-08	0.08731766045093536	0.41260895133018494	2.43489726159396e-08	4
bacteria_432|label=0	0.0006412600632756948	2.3303493435378186e-05	0.19169898331165314	0.3076085150241852	2.7895286621060222e-05	4
bacteria_433|label=0	0.003426468465477228	0.0001297655253438279	0.25999122858047485	0.23644061386585236	1.1907158295798581e-05	3
bacteria_434|label=0	0.00018267802079208195	5.201603198656812e-05	0.16640184819698334	0.3333064019680023	5.707272794097662e-05	4
bacteria_435|label=0	0.00033372407779097557	2.8050451874150895e-05	0.2756747305393219	0.2239469736814499	1.651642014621757e-05	3
bacteria_436|label=0	0.00018401420675218105	0.0014822433004155755	0.28996461629867554	0.20793193578720093	0.00043719736277125776	3
bacteria_437|label=0	0.004900791682302952	0.000425616221036762	0.32193493843078613	0.170660138130188	0.0020785026717931032	3
bacteria_438|label=0	8.655583951622248e-05	1.014126064546872e-05	0.41339725255966187	0.08650266379117966	3.3929923120012973e-06	3
bacteria_439|label=0	0.00023670619702897966	2.499994934623828e-06	0.03041798621416092	0.4693143367767334	2.8468037271522917e-05	4
bacteria_440|label=0	0.0007602534024044871	9.962592230294831e-06	0.2096465826034546	0.2895824611186981	7.104210908437381e-07	4
bacteria_441|label=0	0.0029067217838019133	1.0633283409333671e-06	0.08488236367702484	0.41204625368118286	0.00016361213056370616	4
bacteria_442|label=0	0.005029302090406418	5.820852038596058e-06	0.2632266581058502	0.2317342609167099	3.974400442530168e-06	3
bacteria_443|label=0	0.000128124316688627	3.0962190066929907e-05	0.2938556671142578	0.20597922801971436	6.07606534686056e-06	3
bacteria_444|label=0	4.8871253966353834e-05	7.491552196370321e-07	0.13660350441932678	0.36334529519081116	1.5641545587641303e-06	4
bacteria_445|label=0	0.018357107415795326	0.0010955133475363255	0.3126886785030365	0.1654517650604248	0.002406959654763341	3
bacteria_446|label=0	0.0001814090646803379	0.0007216294761747122	0.361654669046402	0.11701571196317673	0.020426610484719276	3
bacteria_447|label=0	0.04543275013566017	0.0002515716478228569	0.15548789501190186	0.2977848947048187	0.0010428762761875987	4
bacteria_448|label=0	6.600383585464442e-06	1.1714045200506007e-07	0.02698894403874874	0.4728700518608093	0.0001342929172096774	4
bacteria_449|label=0	0.002196942688897252	8.929183081818337e-07	0.06723370403051376	0.4304008483886719	0.00016763540043029934	4
bacteria_450|label=0	0.0013075574534013867	9.685923174629352e-08	0.07626351714134216	0.42157965898513794	0.0008491597836837173	4
bacteria_451|label=0	0.0002765466633718461	5.4648165992432496e-09	0.05245787277817726	0.44726327061653137	2.3038323888613377e-06	4
bacteria_452|label=0	0.0009991575498133898	1.6453750504297204e-05	0.003064642660319805	0.4952438175678253	0.0006759048555977643	4
bacteria_453|label=0	0.0011868191650137305	1.4471617078015697e-06	0.006643052212893963	0.4920833706855774	8.536357927368954e-05	4
bacteria_454|label=0	6.399181074812077e-06	7.325996307372407e-07	0.3486311137676239	0.1512005478143692	0.00016115755715873092	3
bacteria_455|label=0	0.007414603140205145	0.0001312445237999782	0.31650903820991516	0.17580677568912506	0.00013830386160407215	3
bacteria_456|label=0	0.001456112484447658	0.0004346895730122924	0.10172384977340698	0.3963841497898102	1.176347154796531e-06	4
bacteria_457|label=0	0.0018759523518383503	2.0286818198655965e-06	0.33249926567077637	0.16559863090515137	2.4131401005433872e-05	3
bacteria_458|label=0	0.0005670298705808818	0.0004862570494879037	0.23757421970367432	0.25492340326309204	0.006449100561439991	4
bacteria_459|label=0	5.0419207582308445e-06	2.32767703778336e-07	0.0036308984272181988	0.4963638186454773	6.051652068350677e-09	4
bacteria_460|label=0	0.0021732496097683907	2.4919909265008755e-05	0.04912680387496948	0.44831764698028564	0.0003574001311790198	4
bacteria_461|label=0	3.9696358726359904e-05	3.1985393889044644e-06	0.12838660180568695	0.3715479075908661	2.2587199055124074e-05	4
bacteria_462|label=0	0.020860690623521805	3.948320568269992e-07	0.2153134047985077	0.26382407546043396	1.42587919071957e-06	4
bacteria_463|label=0	0.0001749021466821432	1.4928219570720103e-05	0.29770392179489136	0.2018851935863495	0.00022106528922449797	3
bacteria_464|label=0	0.0028791374061256647	6.800235132686794e-05	0.1631857007741928	0.33385172486305237	1.5458586858585477e-05	4
bacteria_465|label=0	0.00044206506572663784	7.140009984141216e-05	0.3959699273109436	0.10350997000932693	6.591949841094902e-06	3
bacteria_466|label=0	0.00041395187145099044	0.0005911163170821965	0.19765502214431763	0.3008172810077667	0.0005226308712735772	4
bacteria_467|label=0	0.0001788791996659711	2.372474227740895e-05	0.4213346540927887	0.07846136391162872	1.3371978866416612e-06	3
bacteria_468|label=0	0.1339540183544159	9.324849088443443e-06	0.17680802941322327	0.18921136856079102	1.726792470435612e-05	4
bacteria_469|label=0	1.3111003681842703e-05	3.750323230633512e-06	0.007792227435857058	0.4921855628490448	5.311888799042208e-06	4
bacteria_470|label=0	0.002130222972482443	1.8382892449153587e-05	0.020900696516036987	0.4767841398715973	0.00016653513011988252	4
bacteria_471|label=0	0.014300592243671417	7.569129593321122e-06	0.2228275090456009	0.26270627975463867	0.00015802562120370567	4
bacteria_472|label=0	0.0025246255099773407	0.0026476485654711723	0.04530758410692215	0.4492824375629425	0.000237717991694808	4
bacteria_473|label=0	0.021506020799279213	7.925408135633916e-05	0.05285322293639183	0.42556026577949524	1.2805551250494318e-06	4
bacteria_474|label=0	0.0004690449859481305	6.972695700824261e-06	0.10267572104930878	0.39682480692863464	2.3485921701649204e-05	4
bacteria_475|label=0	5.676254204445286e-06	9.024229363774339e-09	0.0015534624690189958	0.4984338581562042	7.014762559265364e-06	4
bacteria_476|label=0	0.00011049506429117173	2.689626171559212e-06	0.031038325279951096	0.4688437581062317	4.742895271192538e-06	4
bacteria_477|label=0	0.005816208198666573	0.000333716394379735	0.08151262253522873	0.41228172183036804	5.573815360548906e-05	4
bacteria_478|label=0	0.0002068716858047992	1.8446415197104216e-05	0.16160866618156433	0.28309428691864014	0.055071763694286346	4
bacteria_479|label=0	0.0024422993883490562	0.0013742558658123016	0.33047083020210266	0.16403166949748993	0.0016809208318591118	3
bacteria_480|label=0	0.0035008941777050495	0.023181263357400894	0.3312203884124756	0.14108891785144806	0.0010085690300911665	3
bacteria_481|label=0	0.004745869431644678	0.0027723293751478195	0.04031107947230339	0.447860985994339	0.004309728275984526	4
bacteria_482|label=0	0.21679149568080902	3.6119879951002076e-05	0.04286516457796097	0.24013257026672363	0.00017459705122746527	4
bacteria_483|label=0	0.004850198980420828	0.00010876002488657832	0.21115081012248993	0.283781498670578	0.00010872113489313051	4
bacteria_484|label=0	2.3856733605498448e-05	4.3959454387731967e-07	0.29258108139038086	0.20739349722862244	1.1188268445039284e-06	3
bacteria_485|label=0	0.009997143410146236	0.006605297327041626	0.07867589592933655	0.3840498924255371	0.020671788603067398	4
bacteria_486|label=0	0.01428298745304346	1.0461416422913317e-05	0.07347803562879562	0.4120721220970154	0.00015638537297490984	4
bacteria_487|label=0	1.5625872038071975e-05	2.6717627861216897e-06	0.07653971016407013	0.42206844687461853	0.0013735545799136162	4
bacteria_488|label=0	0.0007069886196404696	2.9987557354616e-05	0.23589448630809784	0.2633610665798187	7.472649031114997e-06	4
bacteria_489|label=0	0.0004434522707015276	1.9819033241219586e-06	0.3164789080619812	0.18297253549098969	0.00010309826757293195	3
bacteria_490|label=0	0.0013322968734428287	0.0012630779528990388	0.07876348495483398	0.4186411499977112	3.939780945927396e-09	4
bacteria_491|label=0	0.007885916158556938	2.4702931114006788e-05	0.3792831003665924	0.11278218030929565	2.4101593226077966e-05	3
bacteria_492|label=0	8.691570837981999e-05	1.3849429706169758e-05	0.21249675750732422	0.2873987853527069	3.6590677154890727e-06	4
bacteria_493|label=0	0.008226349018514156	2.387219137744978e-05	0.2688595950603485	0.22214297950267792	0.0007472072611562908	3
bacteria_494|label=0	0.031955793499946594	1.789540874597151e-05	0.053428735584020615	0.4145614206790924	3.615268724388443e-05	4
bacteria_495|label=0	0.002906573237851262	7.243078471219633e-06	0.25289416313171387	0.1902499794960022	0.05394201725721359	3
bacteria_496|label=0	0.008062631823122501	0.0001266620383830741	0.3881668150424957	0.10363602638244629	7.883108082751278e-06	3
bacteria_497|label=0	2.1279629436321557e-05	2.031900521615171e-06	0.039075177162885666	0.46090027689933777	1.2559944480017293e-06	4
bacteria_498|label=0	0.023560982197523117	8.340480417245999e-05	0.35092759132385254	0.12530043721199036	0.0001276059338124469	3
bacteria_499|label=0	0.26616594195365906	0.00024686817778274417	0.0649610236287117	0.16842739284038544	0.00019880000036209822	1
bacteria_500|label=0	1.643103314563632e-05	1.0238489522862437e-07	0.005631793290376663	0.4943516254425049	7.049835204497867e-08	4
bacteria_501|label=0	0.0029186520259827375	0.0003710012824740261	0.32112938165664673	0.17556867003440857	1.2288229299883824e-05	3
bacteria_502|label=0	0.0010836346773430705	1.0109480172104668e-05	0.39129507541656494	0.10736901313066483	0.0002421619719825685	3
bacteria_503|label=0	0.00011642815661616623	1.8228482190352224e-07	0.3058221638202667	0.17549650371074677	0.018564682453870773	3
bacteria_504|label=0	0.013251185417175293	0.006226272787898779	0.3402319550514221	0.13991692662239075	0.0003736269718501717	3
bacteria_505|label=0	0.01020535547286272	0.0030155640561133623	0.2623773217201233	0.21862436830997467	0.005777381826192141	3
bacteria_506|label=0	0.011565564200282097	0.00016902782954275608	0.03513869643211365	0.4508593678474426	0.00226734415628016	4
bacteria_507|label=0	0.0029317408334463835	0.0009586862288415432	0.061613570898771286	0.43441879749298096	7.72222556406632e-05	4
bacteria_508|label=0	0.003794279182329774	4.492351217777468e-05	0.09977249801158905	0.3940460681915283	0.0023422189988195896	4
bacteria_509|label=0	0.008155839517712593	0.0007369380909949541	0.0997873917222023	0.38905268907546997	0.0022671360056847334	4
bacteria_510|label=0	0.011156472377479076	1.8686663679545745e-05	0.45151087641716003	0.037170834839344025	0.00014311510312836617	3
bacteria_511|label=0	0.056010037660598755	0.000956939475145191	0.06505800783634186	0.05398615822196007	0.3239888548851013	5
bacteria_512|label=0	5.0771872338373214e-05	0.0012362929992377758	0.07407073676586151	0.42450064420700073	0.00014152907533571124	4
bacteria_513|label=0	0.06579796224832535	0.004053978249430656	0.14035192131996155	0.28810080885887146	0.0016953216399997473	4
bacteria_514|label=0	0.0004366123175714165	0.0015768535668030381	0.03232051059603691	0.45496702194213867	0.010699057020246983	4
bacteria_515|label=0	0.05424940586090088	4.498104317463003e-05	0.3165219724178314	0.12781931459903717	0.0013643424026668072	3
bacteria_516|label=0	7.075988105498254e-05	2.2902719138073735e-05	0.2548145651817322	0.2429213970899582	0.0021704176906496286	3
bacteria_517|label=0	0.2115490734577179	0.005198682192713022	0.1293981671333313	0.011630794033408165	0.1422232836484909	1
bacteria_518|label=0	3.446738264756277e-05	1.211828788427738e-07	0.008538223803043365	0.49142682552337646	3.408408417726605e-07	4
bacteria_519|label=0	0.0007762195309624076	4.7310649620158074e-07	0.0974891260266304	0.4017309844493866	3.185033165209461e-06	4
bacteria_520|label=0	0.010135219432413578	7.819018355803564e-05	0.20956303179264069	0.13312698900699615	0.14709654450416565	3
bacteria_521|label=0	0.016575323417782784	0.0003075885761063546	0.2205382138490677	0.2624398171901703	0.00013905722880735993	4
bacteria_522|label=0	0.00014463636034633964	3.4320632948947605e-06	0.31805017590522766	0.18154293298721313	0.00025885654031299055	3
bacteria_523|label=0	0.003447646973654628	6.39072313788347e-05	0.22595049440860748	0.2705306112766266	7.392559382424224e-06	4
bacteria_524|label=0	0.0038248870987445116	2.911401224992005e-06	0.09528012573719025	0.40086424350738525	2.7801419491879642e-05	4
bacteria_525|label=0	0.050270527601242065	0.006235057953745127	0.09305669367313385	0.3490980863571167	0.0013396017020568252	4
bacteria_526|label=0	0.0006088613881729543	0.00022130015713628381	0.21278414130210876	0.28611522912979126	0.00027050080825574696	4
bacteria_527|label=0	1.7786673197406344e-05	6.890691111038905e-07	0.18894226849079132	0.311039000749588	2.633240967497841e-07	4
bacteria_528|label=0	0.0003770817711483687	1.750203068695555e-06	0.30074867606163025	0.19887147843837738	9.696090046418249e-07	3
bacteria_529|label=0	0.0023153687361627817	0.00010120113438460976	0.26964694261550903	0.22783923149108887	9.724021947477013e-05	3
bacteria_530|label=0	0.023645643144845963	0.0005735026788897812	0.2706112265586853	0.20511415600776672	5.5477747082477435e-05	3
bacteria_531|label=0	0.000552671670448035	0.00030639528995379806	0.21116416156291962	0.28796395659446716	1.2806466656911653e-05	4
bacteria_532|label=0	1.0999937330780085e-05	1.676632734870509e-07	0.38050881028175354	0.11947224289178848	7.798457772878464e-06	3
bacteria_533|label=0	2.0024943296448328e-05	5.926484391238773e-06	0.35742679238319397	0.14252911508083344	1.8143206034437753e-05	3
bacteria_534|label=0	0.0004053781449329108	1.3434685570246074e-05	0.39976248145103455	0.09976976364850998	4.8944893933366984e-05	3
bacteria_535|label=0	0.02472694404423237	3.01366835628869e-05	0.11904752254486084	0.35615816712379456	3.724159978446551e-05	4
bacteria_536|label=0	0.04067211598157883	5.171221800992498e-06	0.18426170945167542	0.27492573857307434	0.00013527646660804749	4
bacteria_537|label=0	0.009543284773826599	0.00923668872565031	0.2885977625846863	0.19188758730888367	0.0007346924394369125	3
bacteria_538|label=0	0.0009357723174616694	9.558740430293255e-07	0.15933693945407867	0.33972445130348206	1.859874259935168e-06	4
bacteria_539|label=0	4.2088118789251894e-05	1.1235706551815383e-06	0.26304540038108826	0.2369064837694168	4.9369691623724066e-06	3
bacteria_540|label=0	1.640314621909056e-05	1.0776215475516437e-07	0.2840750217437744	0.21579866111278534	0.0001097773274523206	3
bacteria_541|label=0	0.0022383802570402622	0.000986664672382176	0.187749445438385	0.3090097904205322	1.57274571392918e-05	4
bacteria_542|label=0	0.0034349667839705944	0.001183783751912415	0.30443674325942993	0.1908673793077469	7.71646446082741e-05	3
bacteria_543|label=0	0.000293249380774796	0.0005275089642964303	0.2505490779876709	0.2485995590686798	3.058879156014882e-05	3
bacteria_544|label=0	0.0009730544988997281	8.484145837428514e-06	0.2752110958099365	0.22380490601062775	2.417822088318644e-06	3
bacteria_545|label=0	0.00044417136814445257	3.097781700489577e-06	0.20992949604988098	0.2895009517669678	0.00012228985724505037	4
bacteria_546|label=0	0.055662963539361954	0.00054628198267892	0.12291087210178375	0.32087570428848267	4.1816742850642186e-06	4
bacteria_547|label=0	7.894558621046599e-06	2.2885124053573236e-06	0.32695525884628296	0.1729811578989029	5.345519821275957e-05	3
bacteria_548|label=0	0.05262461677193642	0.0019780450966209173	0.31365451216697693	0.13173338770866394	9.465824405197054e-06	3
bacteria_549|label=0	0.01559107843786478	3.810976522800047e-06	0.026224160566926003	0.4581805169582367	4.443747627647099e-07	4
bacteria_550|label=0	0.0005037958035245538	3.499988679322996e-06	0.37412482500076294	0.1253611147403717	6.741053766745608e-06	3
bacteria_551|label=0	8.953908036346547e-06	2.2669499230687506e-05	0.31417468190193176	0.1857876181602478	6.112332812335808e-06	3
bacteria_552|label=0	0.005783975124359131	0.0004429676046129316	0.36145538091659546	0.132269486784935	4.821810944122262e-05	3
bacteria_553|label=0	0.08739719539880753	1.894395063573029e-05	0.38066333532333374	0.031914159655570984	6.359677627187921e-06	3
bacteria_554|label=0	0.0031517059542238712	0.0003935825952794403	0.37465038895606995	0.12170906364917755	9.526553185423836e-05	3
bacteria_555|label=0	0.0026695970445871353	2.8430520615074784e-05	0.42656850814819336	0.06593987345695496	0.004793559666723013	3
bacteria_556|label=0	0.004037920385599136	3.3895092201419175e-05	0.06614252179861069	0.111689992249012	0.31809568405151367	5
bacteria_557|label=0	2.8364078389131464e-05	0.0006462176097556949	0.05083572864532471	0.44837233424186707	0.00011732714483514428	4
bacteria_558|label=0	0.3431178629398346	0.004587419331073761	0.04900804162025452	0.103270523250103	1.6171361494343728e-05	1
bacteria_559|label=0	4.655381781049073e-05	9.32792499952484e-06	0.39031097292900085	0.10962292551994324	1.0200548786087893e-05	3
bacteria_560|label=0	0.0032650623470544815	0.013594891875982285	0.1268131136894226	0.34515711665153503	0.011169860139489174	4
bacteria_561|label=0	5.287241583573632e-05	2.947414486698108e-06	0.0960618108510971	0.39884626865386963	0.005036115180701017	4
bacteria_562|label=0	0.00011086523591075093	0.00036625430220738053	0.453482985496521	0.04603974521160126	1.4229316036562523e-07	3
bacteria_563|label=0	0.00016368215437978506	3.7193465232121525e-06	0.307378888130188	0.1893988698720932	0.003054856089875102	3
bacteria_564|label=0	0.06264214217662811	9.125628821493592e-06	0.037781111896038055	0.39944884181022644	0.0001187753223348409	4
bacteria_565|label=0	0.027236899361014366	3.76793323084712e-05	0.100838802754879	0.3718864917755127	1.2875138111212436e-07	4
bacteria_566|label=0	0.009249215945601463	9.449053322896361e-06	0.3447938561439514	0.14594663679599762	8.647729146105121e-07	3
bacteria_567|label=0	7.297358388314024e-05	2.46035706368275e-05	0.2638777792453766	0.23601505160331726	9.569413123244885e-06	3
bacteria_568|label=0	9.333138586953282e-05	2.7590621698436735e-07	0.13254126906394958	0.3673552870750427	9.828399925027043e-06	4
bacteria_569|label=0	0.00012241069634910673	1.965484807442408e-05	0.23591895401477814	0.26390567421913147	3.328840102767572e-05	4
bacteria_570|label=0	1.1686785910569597e-05	7.589619599457365e-07	0.0034384101163595915	0.4965471029281616	2.0841828245465877e-06	4
bacteria_571|label=0	0.000404536840505898	4.735740731121041e-05	0.08188007026910782	0.4176229238510132	4.5123942982172593e-05	4
bacteria_572|label=0	0.0006850450881756842	5.394754225562792e-07	0.28571680188179016	0.2135215848684311	7.597288640681654e-05	3
bacteria_573|label=0	0.0006449375068768859	2.9341642857616534e-06	0.09996495395898819	0.39938655495643616	6.348335546135786e-07	4
bacteria_574|label=0	0.0058854371309280396	3.0191782229849196e-07	0.13389062881469727	0.3602229356765747	6.916671395629237e-07	4
bacteria_575|label=0	0.002642837818711996	3.703035645230557e-06	0.04690225049853325	0.45043477416038513	1.6453190255560912e-05	4
bacteria_576|label=0	0.0013978768838569522	4.376187644083984e-05	0.3747173845767975	0.12362988293170929	0.00021109555382281542	3
bacteria_577|label=0	0.01578564941883087	0.0018359147943556309	0.1451510637998581	0.33722636103630066	1.0441539188832394e-06	4
bacteria_578|label=0	0.007542963605374098	0.00012007203622488305	0.2533726692199707	0.23889979720115662	6.447522173402831e-05	3
bacteria_579|label=0	0.11227735131978989	1.804715793696232e-05	0.04451977461576462	0.34318408370018005	7.566688964288915e-07	4
bacteria_580|label=0	0.002404171973466873	4.635523509932682e-06	0.050555817782878876	0.4470326900482178	2.688964968911023e-06	4
bacteria_581|label=0	0.03459550440311432	0.0020884680561721325	0.23989272117614746	0.2229757159948349	0.00044758740114048123	3
bacteria_582|label=0	0.0017919992096722126	2.9559500035247765e-05	0.1531161516904831	0.3437967002391815	0.0012655898462980986	4
bacteria_583|label=0	0.08153364807367325	2.72268498520134e-05	0.11421927809715271	0.27074500918388367	0.033474843949079514	4
bacteria_584|label=0	0.0016643533017486334	3.830909918178804e-05	0.385958731174469	0.11229845136404037	4.018375329906121e-05	3
bacteria_585|label=0	0.008243728429079056	0.00017373418086208403	0.25504475831985474	0.23397432267665863	0.0025634532794356346	3
bacteria_586|label=0	4.969341171090491e-05	1.1977327858403441e-06	0.349308580160141	0.15063606202602386	4.452324446901912e-06	3
bacteria_587|label=0	4.303216701373458e-05	7.384927448583767e-05	0.2846255600452423	0.21525691449642181	6.495309321508103e-07	3
bacteria_588|label=0	0.061043206602334976	9.443361341254786e-05	0.06422710418701172	0.34060585498809814	0.03402940183877945	4
bacteria_589|label=0	7.468534749932587e-05	4.678684490500018e-05	0.3449878990650177	0.14274077117443085	0.012149806134402752	3
bacteria_590|label=0	0.019946197047829628	9.001811122288927e-06	0.09307730942964554	0.38674741983413696	0.00022006453946232796	4
bacteria_591|label=0	0.00023640497238375247	6.216471888365049e-07	0.34093230962753296	0.158830463886261	1.996490084366087e-07	3
bacteria_592|label=0	0.00120167073328048	6.652917932115088e-07	0.10119608044624329	0.3967168629169464	0.0008847442804835737	4
bacteria_593|label=0	0.004971801768988371	1.7632828530622646e-05	0.10265670716762543	0.39235371351242065	1.326615972629952e-07	4
bacteria_594|label=0	0.0012505844933912158	0.00014893479237798601	0.19576412439346313	0.30253860354423523	0.00029780270415358245	4
bacteria_595|label=0	0.0010472332360222936	4.000240096502239e-06	0.06764612346887589	0.43130189180374146	7.145893619053822e-07	4
bacteria_596|label=0	0.0021117909345775843	0.0022042973432689905	0.17574891448020935	0.3197784423828125	0.00015656670439057052	4
bacteria_597|label=0	0.005131280981004238	7.293434009625344e-06	0.10060957074165344	0.3940970301628113	0.0001548316067783162	4
bacteria_598|label=0	0.000382979545975104	2.135866026264921e-07	0.41934171319007874	0.08027445524930954	6.616803602810251e-07	3
bacteria_599|label=0	0.0005555254174396396	1.0478206604602747e-05	0.04382728785276413	0.4550436735153198	0.0005630934610962868	4
bacteria_600|label=0	0.0010356184793636203	1.6971494915196672e-05	0.32056674361228943	0.17837798595428467	2.6592099402478198e-06	3
bacteria_601|label=0	0.04675790295004845	0.00010539013601373881	0.1647624671459198	0.28836458921432495	9.671122825238854e-06	4
bacteria_602|label=0	0.00518751610070467	0.00023603084264323115	0.18679460883140564	0.3077734410762787	8.38043797557475e-06	4
bacteria_603|label=0	0.00035145896254107356	1.7204500181833282e-05	0.2139643281698227	0.2856607139110565	6.310696335276589e-06	4
bacteria_604|label=0	0.0021925463806837797	4.38500910604489e-06	0.3996800482273102	0.09812292456626892	8.918073746144728e-08	3
bacteria_605|label=0	0.00028511651908047497	7.0626160777464975e-06	0.12123411148786545	0.378471314907074	2.3995701212697895e-06	4
bacteria_606|label=0	0.002013090066611767	0.0008756773313507438	0.3626163601875305	0.1344178467988968	7.705845928285271e-05	3
bacteria_607|label=0	0.003565967082977295	0.00019943442021030933	0.35575178265571594	0.1401059925556183	0.00037681148387491703	3
bacteria_608|label=0	0.00016079918714240193	9.071652311831713e-05	0.45026475191116333	0.04791723191738129	0.0015664951642975211	3
bacteria_609|label=0	0.02548033930361271	0.00029098906088620424	0.12835301458835602	0.34587228298187256	3.3843332403193926e-06	4
bacteria_610|label=0	1.3959707757749129e-05	1.2586683340032323e-07	0.023189160972833633	0.47679662704467773	1.0413235429496126e-07	4
bacteria_611|label=0	0.0013554656179621816	8.822656673146412e-05	0.05393773689866066	0.44446492195129395	0.00015364492719527334	4
bacteria_612|label=0	0.0014854449545964599	1.3167919860279653e-05	0.0007707577897235751	0.4977285861968994	2.0804395717277657e-06	4
bacteria_613|label=0	1.1205933333258145e-05	1.1347209692758042e-05	0.05184020474553108	0.4479690194129944	0.00016823486657813191	4
bacteria_614|label=0	0.004675360396504402	5.9529229474719614e-05	0.04316774755716324	0.4520878791809082	9.462945854465943e-06	4
bacteria_615|label=0	0.018504852429032326	0.010649193078279495	0.1962895542383194	0.27278271317481995	0.001773695694282651	4
bacteria_616|label=0	0.00019619465456344187	1.322605021414347e-05	0.17674864828586578	0.32302549481391907	1.6391533790738322e-05	4
bacteria_617|label=0	0.0018388476455584168	8.462237019557506e-06	0.19646547734737396	0.30155476927757263	0.00013245847367215902	4
bacteria_618|label=0	0.004983715713024139	0.0011277965968474746	0.19983673095703125	0.2940495014190674	2.236032287328271e-06	4
bacteria_619|label=0	0.1074194386601448	2.0135448721703142e-05	0.1469992697238922	0.2453983873128891	0.00016279124247375876	4
bacteria_620|label=0	0.0003220493090339005	1.7394493170286296e-06	0.08694703131914139	0.4126546084880829	7.45971265132539e-05	4
bacteria_621|label=0	8.276686276076362e-05	1.0554747120750108e-07	0.031900178641080856	0.4668619930744171	0.0011549342889338732	4
bacteria_622|label=0	0.0008523651049472392	0.0001482818042859435	0.36706629395484924	0.13183912634849548	9.394834341946989e-05	3
bacteria_623|label=0	0.016324443742632866	6.924465560587123e-05	0.1673443615436554	0.31395867466926575	0.002303251763805747	4
bacteria_624|label=0	0.01437311340123415	0.0001677332620602101	0.07348138839006424	0.4118577837944031	0.00012001018330920488	4
bacteria_625|label=0	6.220129580469802e-05	4.077337052876828e-06	0.01847066916525364	0.4814627766609192	2.9290268344084325e-07	4
bacteria_626|label=0	0.012930906377732754	0.0034701498225331306	0.2776118516921997	0.20514988899230957	0.0008371954318135977	3
bacteria_627|label=0	0.009013454429805279	9.794422339837183e-07	0.05145470052957535	0.4395305812358856	2.995237196046219e-07	4
bacteria_628|label=0	0.0008949282928369939	3.58888428309001e-05	0.30487239360809326	0.19419673085212708	2.1075406309023492e-08	3
bacteria_629|label=0	0.0006051602540537715	2.803653660521377e-05	0.2356724888086319	0.26368075609207153	1.3583273357653525e-05	4
bacteria_630|label=0	0.00035963740083388984	1.7705617665342288e-06	0.0694589614868164	0.4301784932613373	1.1523221701281727e-06	4
bacteria_631|label=0	0.010049087926745415	1.707168667053338e-05	0.09167970716953278	0.3982527554035187	1.3576841411122587e-06	4
bacteria_632|label=0	0.000761896139010787	3.564395592547953e-05	0.11640115082263947	0.38272494077682495	7.639441901119426e-05	4
bacteria_633|label=0	0.005727862939238548	7.627232116647065e-05	0.06159093976020813	0.43258947134017944	1.5468274796148762e-05	4
bacteria_634|label=0	0.1444893628358841	0.0002469056926202029	0.2901489734649658	0.064912810921669	0.0002019629901042208	3
bacteria_635|label=0	0.06817341595888138	0.00018088544311467558	0.19804932177066803	0.23359178006649017	4.583383088174742e-06	4
bacteria_636|label=0	0.00024382649280596524	1.1888799235748593e-05	0.2916329503059387	0.20810569822788239	5.631182375509525e-06	3
bacteria_637|label=0	0.00035281077725812793	6.775273959647166e-07	0.21426792442798615	0.2853769361972809	1.632704766052484e-06	4
bacteria_638|label=0	0.015064823441207409	3.92679066862911e-05	0.3263132870197296	0.15858204662799835	5.667713480761449e-07	3
bacteria_639|label=0	0.04353538155555725	0.0007396935834549367	0.06773975491523743	0.3878801167011261	0.00010506675607757643	4
bacteria_640|label=0	0.003329991362988949	2.644373307703063e-05	0.3442499041557312	0.1523919552564621	1.6778669760242337e-06	3
bacteria_641|label=0	0.020712096244096756	0.00010186135477852076	0.08247432857751846	0.3966173529624939	9.436919935978949e-05	4
bacteria_642|label=0	0.0009583603241480887	6.19434558757348e-07	0.0649537518620491	0.43408703804016113	1.9133416628847044e-07	4
bacteria_643|label=0	0.05010814964771271	0.00017270765965804458	0.30628904700279236	0.14172933995723724	0.0017007733695209026	3
bacteria_644|label=0	9.713369945529848e-05	7.464593363692984e-05	0.33257797360420227	0.15520480275154114	0.012045436538755894	3
bacteria_645|label=0	0.013088556937873363	2.402418431302067e-05	0.1468227356672287	0.335417777299881	0.004646945744752884	4
bacteria_646|label=0	0.0015039246063679457	0.00010232911154162139	0.19781449437141418	0.3000045716762543	0.0005746531533077359	4
bacteria_647|label=0	0.012991291470825672	3.602267679525539e-05	0.026354186236858368	0.4599333107471466	0.0006852070800960064	4
bacteria_648|label=0	0.2770589292049408	0.00385304749943316	0.10970437526702881	0.10909520834684372	0.0002884441055357456	1
bacteria_649|label=0	0.001207479159347713	7.665880730201025e-06	0.059574224054813385	0.43635931611061096	0.0028513253200799227	4
bacteria_650|label=0	0.046846698969602585	5.5078624427551404e-05	0.2536376714706421	0.19942615926265717	3.4421009331708774e-05	3
bacteria_651|label=0	0.0029433921445161104	0.004654075019061565	0.38938096165657043	0.10288529843091965	0.00013625014980789274	3
bacteria_652|label=0	0.0003288608568254858	7.570658635813743e-05	0.32767999172210693	0.17190472781658173	1.0715841199271381e-05	3
bacteria_653|label=0	5.1953247748315334e-05	2.3174669649961288e-07	0.12077981978654861	0.3791528642177582	1.5123108823900111e-05	4
bacteria_654|label=0	0.00887935608625412	4.892543074674904e-06	0.3290987014770508	0.16156455874443054	0.0004525085387285799	3
bacteria_655|label=0	0.0012527178041636944	1.8394804328636383e-06	0.04183132201433182	0.45691195130348206	2.203972826464451e-06	4
bacteria_656|label=0	0.01285323966294527	8.362555490748491e-06	0.05306198447942734	0.413055956363678	0.021020451560616493	4
bacteria_657|label=0	0.0055689699947834015	0.020730720832943916	0.12010310590267181	0.347927063703537	0.005670106504112482	4
bacteria_658|label=0	0.07503049820661545	4.030282525491202e-06	0.06372717022895813	0.3611966371536255	4.162214827374555e-05	4
bacteria_659|label=0	0.00192260614130646	1.9225160940550268e-05	0.17772352695465088	0.3203263580799103	8.294124199892394e-06	4
bacteria_660|label=0	1.4077169907977805e-05	1.3600429156213067e-06	0.42433270812034607	0.07563378661870956	1.806446562113706e-05	3
bacteria_661|label=0	0.02100302278995514	5.429690645541996e-05	0.2789251208305359	0.20001330971717834	4.238112524035387e-06	3
bacteria_662|label=0	8.29836426419206e-05	6.163372034961867e-08	0.016079582273960114	0.48383721709251404	1.9961784403221827e-07	4
bacteria_663|label=0	0.0002859423402696848	2.5521549318341386e-08	0.029749320819973946	0.4697999656200409	0.00016477984900120646	4
bacteria_664|label=0	0.0002151284134015441	1.030207840813091e-06	0.04943211004137993	0.44897010922431946	0.0013816029531881213	4
bacteria_665|label=0	0.2526315748691559	1.2393516954034567e-05	0.05226646363735199	0.19508583843708038	3.730767048182315e-06	1
bacteria_666|label=0	0.013912158086895943	1.0360176020185463e-05	0.06685511022806168	0.4188927114009857	0.0003296867071185261	4
bacteria_667|label=0	0.02350592613220215	1.7640029454923933e-06	0.044121019542217255	0.4323193430900574	5.195312405703589e-05	4
bacteria_668|label=0	6.719543762301328e-06	1.207510109679788e-07	0.26183757185935974	0.23770686984062195	0.00044868598342873156	3
bacteria_669|label=0	0.011116581968963146	0.00042233234853483737	0.2788856327533722	0.20957523584365845	2.100059504073215e-07	3
bacteria_670|label=0	0.00017394420865457505	2.5928920877049677e-05	0.3006276488304138	0.19917143881320953	1.0600292625895236e-06	3
bacteria_671|label=0	0.0011744593502953649	9.239657083526254e-05	0.1758039891719818	0.3212827444076538	0.0016463743522763252	4
bacteria_672|label=0	0.04646550118923187	0.000403729296522215	0.3599525988101959	0.09312693774700165	5.122885340824723e-05	3
bacteria_673|label=0	5.4713960707886145e-05	5.5206601246027276e-05	0.20403791964054108	0.29585158824920654	5.646724616781285e-07	4
bacteria_674|label=0	0.006290237419307232	0.00013631200999952853	0.3805418014526367	0.11288319528102875	0.00014840875519439578	3
bacteria_675|label=0	0.014031880535185337	7.084903336362913e-05	0.4655264616012573	0.02033364400267601	3.717812796821818e-05	3
bacteria_676|label=0	0.00035837304312735796	0.00016767767374403775	0.2246209681034088	0.27484259009361267	1.0363249202782754e-05	4
bacteria_677|label=0	0.03281339630484581	0.0003144493093714118	0.13635221123695374	0.33051782846450806	2.076463033517939e-06	4
bacteria_678|label=0	0.005256270989775658	6.8729641498066485e-06	0.4009070098400116	0.09382907301187515	8.113121907626919e-07	3
bacteria_679|label=0	0.0006614908343181014	5.291817046781944e-07	0.3307700455188751	0.1685466468334198	2.1325853595044464e-05	3
bacteria_680|label=0	0.030343908816576004	0.002185478340834379	0.34631532430648804	0.12112142890691757	3.3860465919133276e-05	3
bacteria_681|label=0	0.002634855452924967	0.0001309213403146714	0.06233151629567146	0.43490070104599	1.9970677840319695e-06	4
bacteria_682|label=0	0.049182452261447906	7.873956201365218e-05	0.02261139452457428	0.42790699005126953	0.00022043731587473303	4
bacteria_683|label=0	0.009109152480959892	2.0040645267727086e-06	0.26671117544174194	0.2241264134645462	5.1246963266748935e-05	3
bacteria_684|label=0	0.007529513444751501	2.1029607523814775e-05	0.38478636741638184	0.10764425992965698	1.884763696580194e-05	3
bacteria_685|label=0	0.011532444506883621	0.0005414778715930879	0.33235785365104675	0.13706961274147034	0.018498601391911507	3
bacteria_686|label=0	0.0019380892626941204	1.3014036085223779e-05	0.37109270691871643	0.12695421278476715	1.965166802619933e-06	3
bacteria_687|label=0	0.0016652342164888978	3.79855337087065e-05	0.06407710909843445	0.43280842900276184	0.001411228789947927	4
bacteria_688|label=0	0.0016552525339648128	0.00013896032760385424	0.32495471835136414	0.17202883958816528	0.0012222288642078638	3
bacteria_689|label=0	0.2080218344926834	0.0005119520938023925	0.08937546610832214	0.2019507735967636	0.00013995388871990144	1
bacteria_690|label=0	5.631211388390511e-05	8.18377793621039e-06	0.28928256034851074	0.210607647895813	4.529563375399448e-05	3
bacteria_691|label=0	0.00493039283901453	2.7572827093536034e-05	0.31047743558883667	0.18455646932125092	8.14085615274962e-06	3
bacteria_692|label=0	0.0006491844542324543	3.782977501032292e-06	0.347796231508255	0.15155059099197388	2.020103124777961e-07	3
bacteria_693|label=0	0.002621572930365801	0.00023534467618446797	0.21486727893352509	0.2822663486003876	9.440555913897697e-06	4
bacteria_694|label=0	2.26978136197431e-05	1.6113466472233995e-07	0.0033863410353660583	0.4965878427028656	2.963560518765007e-06	4
bacteria_695|label=0	0.019734550267457962	2.6585936211631633e-05	0.14732588827610016	0.3329123556613922	6.120998818914813e-07	4
bacteria_696|label=0	0.008387594483792782	1.354086725768866e-05	0.33265218138694763	0.1589435487985611	3.1154181669990066e-06	3
bacteria_697|label=0	0.008830202743411064	1.8582668417366222e-06	0.236677348613739	0.2544902265071869	3.6255167401577637e-07	4
bacteria_698|label=0	0.039952352643013	8.980996790342033e-05	0.17719779908657074	0.28275248408317566	7.562479368061759e-06	4
bacteria_699|label=0	0.0039560385048389435	1.5117306020329124e-06	0.15156874060630798	0.34047746658325195	0.003996259532868862	4
bacteria_700|label=0	0.01598876342177391	0.00016481272177770734	0.16009317338466644	0.32371655106544495	3.6720528441946954e-05	4
bacteria_701|label=0	1.677822001511231e-05	1.2226423677930143e-06	0.3582362234592438	0.1417456716299057	3.6506296652305537e-08	3
bacteria_702|label=0	0.005446349270641804	0.0003350047627463937	0.30454370379447937	0.18966636061668396	8.61167791299522e-06	3
bacteria_703|label=0	0.0002955560921691358	4.891352364211343e-05	0.39618638157844543	0.10334140062332153	0.00012770855391863734	3
bacteria_704|label=0	0.0004607375885825604	0.002008665818721056	0.2935691475868225	0.20159092545509338	0.0023705207277089357	3
bacteria_705|label=0	0.019522888585925102	0.032096002250909805	0.14743870496749878	0.2964554727077484	0.004486953839659691	4
bacteria_706|label=0	0.0006297834916040301	0.00012421618157532066	0.2636443078517914	0.2353588342666626	0.00024285523977596313	3
bacteria_707|label=0	0.00031998901977203786	1.0784031019284157e-06	0.07695994526147842	0.42270126938819885	1.7736532754497603e-05	4
bacteria_708|label=0	0.01709769293665886	3.8345271605066955e-05	0.19565677642822266	0.2744542956352234	0.012752882204949856	4
bacteria_709|label=0	0.0010740854777395725	0.0008764374069869518	0.18990172445774078	0.26081258058547974	0.047335196286439896	4
bacteria_710|label=0	0.04561224952340126	6.95827548042871e-05	0.36362072825431824	0.09069602936506271	1.439095626665221e-06	3
bacteria_711|label=0	0.00020132957433816046	1.3508032452591578e-06	0.42911234498023987	0.07068473100662231	2.7818967396342487e-07	3
bacteria_712|label=0	6.563751867361134e-06	9.319591299572494e-06	0.4083317518234253	0.09164483845233917	7.537208148278296e-06	3
bacteria_713|label=0	8.389798313146457e-05	7.860793630243279e-06	0.1727810651063919	0.32712605595588684	1.1274738653810346e-06	4
bacteria_714|label=0	0.0019356487318873405	0.0001272235094802454	0.3157942593097687	0.18211856484413147	2.431060784147121e-05	3
bacteria_715|label=0	1.4932340491213836e-05	2.8664844649028964e-06	0.13115154206752777	0.3688223958015442	8.251969120465219e-06	4
bacteria_716|label=0	0.014765439555048943	1.501946371718077e-05	0.1576048731803894	0.3276069760322571	7.702361472183838e-06	4
bacteria_717|label=0	0.003365910379216075	4.178024937573355e-06	0.24277865886688232	0.24819330871105194	0.005657990463078022	4
bacteria_718|label=0	0.0027132013346999884	5.025301561545348e-06	0.014710374176502228	0.48239704966545105	0.00017434335313737392	4
bacteria_719|label=0	0.03936386853456497	1.4246014870877843e-05	0.04318390041589737	0.4173884987831116	4.951602386427112e-05	4
bacteria_720|label=0	0.002676847856491804	2.2472780983662233e-05	0.3259797990322113	0.17131416499614716	6.734675480402075e-06	3
bacteria_721|label=0	0.00016200848040170968	0.0004604067944455892	0.34809836745262146	0.14984172582626343	0.0014375430764630437	3
bacteria_722|label=0	0.00011988222831860185	0.00010918171028606594	0.47333046793937683	0.026399435475468636	4.102306775166653e-05	3
bacteria_723|label=0	0.00047762077883817255	1.0803534678416327e-05	0.2674979567527771	0.23199035227298737	2.325221612409223e-05	3
bacteria_724|label=0	0.002044494729489088	0.00016285163292195648	0.2197103649377823	0.27531686425209045	0.002765412675216794	4
bacteria_725|label=0	0.11835382878780365	6.3205184233083855e-06	0.11628426611423492	0.2653554379940033	1.6332472796420916e-07	4
bacteria_726|label=0	0.00016450176190119237	0.0002177856513299048	0.14231808483600616	0.3572986125946045	1.031617216540326e-06	4
bacteria_727|label=0	0.00023665621120017022	2.187941936426796e-05	0.398555189371109	0.1011677086353302	1.8516921045375057e-05	3
bacteria_728|label=0	6.554523861268535e-05	6.723167462041602e-05	0.22749823331832886	0.272289514541626	7.94649458839558e-05	4
bacteria_729|label=0	0.019925935193896294	2.156687060050899e-06	0.056167833507061005	0.42387983202934265	2.4262082661152817e-05	4
bacteria_730|label=0	0.031185345724225044	5.129183773533441e-05	0.11563268303871155	0.3529616594314575	0.00016906649398151785	4
bacteria_731|label=0	0.2422782927751541	2.6026571504189633e-05	0.013871784321963787	0.24380040168762207	2.347339250263758e-05	4
bacteria_732|label=0	0.17542994022369385	0.003441216191276908	0.02246447652578354	0.298601359128952	6.298727385001257e-05	4
bacteria_733|label=0	0.0013905921950936317	8.505802725267131e-06	0.008120076730847359	0.49001139402389526	0.00046939676394686103	4
bacteria_734|label=0	0.006163772661238909	3.210129216313362e-05	0.1749650239944458	0.3187572956085205	8.177760901162401e-05	4
bacteria_735|label=0	0.0004469249688554555	2.887068376367097e-06	0.06554093211889267	0.43106624484062195	0.0029429709538817406	4
bacteria_736|label=0	1.6448175301775336e-05	9.687438250693958e-06	0.10887834429740906	0.3909943699836731	0.00010119506623595953	4
bacteria_737|label=0	0.0049809603951871395	3.227209526812658e-05	0.11933408677577972	0.37564679980278015	5.874988346477039e-06	4
bacteria_738|label=0	0.02148151770234108	0.0002099368575727567	0.14104770123958588	0.3371850550174713	7.578817167086527e-05	4
bacteria_739|label=0	0.00479658879339695	0.025669893249869347	0.040657903999090195	0.42885658144950867	1.902848634927068e-05	4
bacteria_740|label=0	0.12570559978485107	0.05047861486673355	0.27672865986824036	0.04693856090307236	0.00014855703921057284	3
bacteria_741|label=0	0.00027921408764086664	0.000376704876543954	0.017552755773067474	0.2848089635372162	0.19698238372802734	4
bacteria_742|label=0	0.00015960550808813423	7.649068720638752e-05	0.0184461809694767	0.461972177028656	0.01934550330042839	4
bacteria_743|label=0	0.0011768981348723173	0.0011788076953962445	0.36269792914390564	0.10529910027980804	0.02964724414050579	3
bacteria_744|label=0	7.736240513622761e-05	6.359468898153864e-06	0.25456079840660095	0.24532081186771393	3.4653789043659344e-05	3
bacteria_745|label=0	0.007606135681271553	6.315889891084225e-07	0.1604887992143631	0.3319004476070404	4.005157279607374e-06	4
bacteria_746|label=0	0.003159184707328677	1.388109041045027e-07	0.04425613954663277	0.4525841474533081	3.8948675751271367e-07	4
bacteria_747|label=0	0.0058949352242052555	1.9356691609573318e-06	0.13715782761573792	0.356945276260376	4.762529215440736e-08	4
bacteria_748|label=0	0.0004368890367913991	4.211632074202498e-07	0.07654169946908951	0.42300042510032654	2.0564788428600878e-05	4
bacteria_749|label=0	0.0002471155603416264	1.3746505374001572e-06	0.13847573101520538	0.36123448610305786	4.131336390855722e-05	4
bacteria_750|label=0	0.012318622320890427	2.562235522418632e-06	0.21986666321754456	0.2632710039615631	0.004541134461760521	4
bacteria_751|label=0	0.0012177665485069156	1.551843342895154e-05	0.0657009556889534	0.4326450228691101	0.0004207256715744734	4
bacteria_752|label=0	3.5909743019146845e-05	1.810968569770921e-05	0.12448158115148544	0.3754483461380005	1.6028860045480542e-05	4
bacteria_753|label=0	0.0025752338115125895	5.467796313496365e-07	0.0045027900487184525	0.4929192364215851	2.1459245544974692e-06	4
bacteria_754|label=0	0.0037799919955432415	8.43692832859233e-05	0.27418220043182373	0.14442473649978638	0.07752871513366699	3
bacteria_755|label=0	0.0005503856809809804	4.294805876270402e-06	0.05972271040081978	0.43952319025993347	0.00019940425409004092	4
bacteria_756|label=0	0.004636386409401894	0.00025237855152226985	0.16901837289333344	0.32600295543670654	8.992331277113408e-05	4
bacteria_757|label=0	0.0230147335678339	3.2038416975410655e-05	0.25211912393569946	0.22453540563583374	0.00029874881147406995	3
bacteria_758|label=0	0.0005622345488518476	1.4031522368895821e-05	0.3553042411804199	0.1441178172826767	1.711105028334714e-06	3
bacteria_759|label=0	0.005083584226667881	0.0003504271153360605	0.3593626916408539	0.13515357673168182	4.972635360900313e-05	3
bacteria_760|label=0	8.049049029068556e-06	1.7348827441310277e-07	0.2096293419599533	0.2903457283973694	1.6717269318178296e-05	4
bacteria_761|label=0	0.04286129027605057	0.0023145333398133516	0.06960510462522507	0.3833709955215454	0.0018480877624824643	4
bacteria_762|label=0	0.0003509472880978137	3.531505717546679e-05	0.0846385508775711	0.4148966073989868	7.857675518607721e-05	4
bacteria_763|label=0	4.974500029675255e-07	3.856409858116194e-09	0.002280247863382101	0.4976953864097595	2.384766048635356e-05	4
bacteria_764|label=0	2.460460200381931e-05	4.1138633832815685e-07	0.03686796501278877	0.4630739688873291	3.305326754343696e-05	4
bacteria_765|label=0	0.00673901429399848	0.00010481148638064042	0.2871595323085785	0.20596174895763397	3.4914311981992796e-05	3
bacteria_766|label=0	0.0001624941360205412	7.134300403777161e-07	0.3404200077056885	0.15890437364578247	0.000512391678057611	3
bacteria_767|label=0	0.0010434432188048959	2.3367047106148675e-05	0.19921055436134338	0.2997211217880249	1.484387212258298e-06	4
bacteria_768|label=0	0.42704740166664124	0.007287256885319948	0.03769601881504059	0.02719024010002613	0.0007791170501150191	1
bacteria_769|label=0	0.02214432880282402	0.00017872225726023316	0.16269460320472717	0.31371551752090454	0.0012668328126892447	4
bacteria_770|label=0	0.0019070905400440097	4.390160393086262e-05	0.3444700539112091	0.15357747673988342	1.4802400301050511e-06	3
bacteria_771|label=0	0.0031850736122578382	8.496162081428338e-06	0.24412421882152557	0.2526613771915436	2.081267120956909e-05	4
bacteria_772|label=0	0.04540892317891121	0.0007624674472026527	0.16404949128627777	0.2132791131734848	0.07649999856948853	4
bacteria_773|label=0	0.003973298706114292	0.0002459678507875651	0.05218847095966339	0.4435616135597229	3.0671184504171833e-05	4
bacteria_774|label=0	0.012488196603953838	1.0834313798113726e-05	0.2976802587509155	0.1878802478313446	0.001940408255904913	3
bacteria_775|label=0	0.30964598059654236	3.8946213862800505e-06	0.00759623060002923	0.1825120747089386	0.0002418249932816252	1
bacteria_776|label=0	0.003499032696709037	6.753872185072396e-06	0.23923861980438232	0.25346922874450684	0.0037863883189857006	4
bacteria_777|label=0	0.4566895663738251	9.237776976078749e-05	0.0022862630430608988	0.0272689051926136	0.013662873767316341	1
bacteria_778|label=0	0.004902697633951902	1.3506683899322525e-05	0.19996847212314606	0.2949470281600952	0.00016831469838507473	4
bacteria_779|label=0	0.030520880594849586	3.479170482023619e-05	0.07254250347614288	0.39550402760505676	0.0013977941125631332	4
bacteria_780|label=0	0.027527891099452972	0.00010698345431592315	0.06561728566884995	0.40604522824287415	0.0007025670493021607	4
bacteria_781|label=0	2.091688475047704e-05	1.1025957064703107e-05	0.2856917381286621	0.21427443623542786	1.8394619019090896e-06	3
bacteria_782|label=0	0.0008139936835505068	4.0323476468984154e-07	0.3058651387691498	0.1933198869228363	5.368754614210047e-07	3
bacteria_783|label=0	0.002927374327555299	3.695079794852063e-05	0.18061672151088715	0.31640860438346863	1.0342536370444577e-05	4
bacteria_784|label=0	6.758491508662701e-06	1.4598229824969167e-07	0.027052924036979675	0.4729394316673279	7.513689865845663e-07	4
bacteria_785|label=0	0.00016111905279103667	1.6696565580787137e-05	0.1711583286523819	0.3187575936317444	0.009906251914799213	4
bacteria_786|label=0	1.939201683853753e-05	1.916857945616357e-05	0.3986382782459259	0.10130776464939117	1.543950565974228e-05	3
bacteria_787|label=0	0.059246618300676346	0.0002879693638533354	0.07118526101112366	0.3578028082847595	0.01147734560072422	4
bacteria_788|label=0	0.005343747325241566	2.290492193424143e-05	0.320602685213089	0.1739346832036972	9.600022167433053e-05	3
bacteria_789|label=0	0.014680910855531693	9.537625010125339e-05	0.12433389574289322	0.3608778715133667	1.1970090781687759e-05	4
bacteria_790|label=0	0.0024190025869756937	3.0223694921005517e-05	0.2705748975276947	0.22697554528713226	3.1780814424564596e-07	3
bacteria_791|label=0	0.04001477733254433	0.000619062571786344	0.06708089262247086	0.38596129417419434	0.006323974579572678	4
bacteria_792|label=0	0.00010386164649389684	8.51921686262358e-06	0.010332337580621243	0.4889407157897949	0.0006145944935269654	4
bacteria_793|label=0	0.00991856213659048	8.622995437690406e-07	0.19907702505588531	0.28874003887176514	0.002263566479086876	4
bacteria_794|label=0	5.61219931114465e-05	9.564994797983672e-06	0.11720767617225647	0.38269543647766113	3.1190633308142424e-05	4
bacteria_795|label=0	0.010960687883198261	0.00023287383373826742	0.06323212385177612	0.4255446195602417	2.969360866700299e-05	4
bacteria_796|label=0	0.00024558152654208243	7.719694986008108e-05	0.2816328704357147	0.21782706677913666	0.00021728090359829366	3
bacteria_797|label=0	0.02360810525715351	0.000313780561555177	0.05273722484707832	0.42324399948120117	9.688778663985431e-05	4
bacteria_798|label=0	0.0005591944791376591	2.1011279386584647e-05	0.056727755814790726	0.44268402457237244	8.010098099475726e-06	4
bacteria_799|label=0	0.0036628739908337593	1.67923985827656e-06	0.0077029867097735405	0.48863038420677185	2.1179212126298808e-06	4
bacteria_800|label=0	0.00015712373715359718	1.979836270038504e-05	0.19014522433280945	0.3096528947353363	2.4952854801085778e-05	4
bacteria_801|label=0	7.303761958610266e-05	0.00015167571837082505	0.09236593544483185	0.4073407053947449	6.864719034638256e-05	4
bacteria_802|label=0	1.8063867173623294e-05	3.2302844488185656e-07	0.48520538210868835	0.014776216819882393	2.5670894299167912e-09	3
bacteria_803|label=0	6.746390681655612e-06	6.174389000079827e-07	0.09637153148651123	0.4036201536655426	9.813484211917967e-07	4
bacteria_804|label=0	0.003948171157389879	0.0014879957307130098	0.1512594372034073	0.34316083788871765	0.00014354240556713194	4
bacteria_805|label=0	0.009976943954825401	0.0011971535859629512	0.4847205579280853	0.003947215620428324	0.00015811252524144948	3
bacteria_806|label=0	6.685700645903125e-05	3.91417097489466e-06	0.00939132645726204	0.4652692973613739	0.025268590077757835	4
bacteria_807|label=0	0.001106723677366972	4.00259013986215e-05	0.3029138147830963	0.08453740179538727	0.11140201985836029	3
bacteria_808|label=0	0.0009425464668311179	2.305650014022831e-05	0.37673306465148926	0.12229174375534058	9.61228579399176e-06	3
bacteria_809|label=0	0.0017313124844804406	8.921999324229546e-06	0.2871461808681488	0.21055291593074799	0.0005606567137874663	3
bacteria_810|label=0	6.782757554901764e-05	6.807976660638815e-06	0.04614398255944252	0.4518437683582306	0.0019376077689230442	4
bacteria_811|label=0	4.8648606025381014e-05	2.9734410418313928e-05	0.38649067282676697	0.11343082040548325	1.5258581242960645e-07	3
bacteria_812|label=0	0.0013888779794797301	3.219770860596327e-06	0.34796255826950073	0.1506425142288208	2.8816325539082754e-06	3
bacteria_813|label=0	0.33859699964523315	0.0002095040981657803	0.1369086503982544	0.02427820675075054	6.658669917669613e-06	1
bacteria_814|label=0	8.788939885562286e-05	1.574145062477328e-05	0.22455590963363647	0.27349963784217834	0.0018408008618280292	4
bacteria_815|label=0	0.006935254205018282	7.115539483493194e-05	0.3606599271297455	0.12310266494750977	0.00923103466629982	3
bacteria_816|label=0	0.0651998370885849	8.803485980024561e-05	0.27861639857292175	0.15510748326778412	0.000988202984444797	3
bacteria_817|label=0	0.1767817735671997	8.17728359834291e-05	0.1603415608406067	0.1626441478729248	0.00015074043767526746	1
bacteria_818|label=0	1.1285674190730788e-05	1.0657604434527457e-05	0.3573899269104004	0.004832080565392971	0.13775601983070374	3
bacteria_819|label=0	0.013416904024779797	1.1804062296505435e-06	0.12367533892393112	0.3628680109977722	3.852595909847878e-05	4
bacteria_820|label=0	2.5878876840579323e-05	9.437129483558238e-05	0.2993882894515991	0.1954415887594223	0.005049899220466614	3
bacteria_821|label=0	0.013046516105532646	6.287803989835083e-05	0.3579377233982086	0.12894611060619354	6.778437182219932e-06	3
bacteria_822|label=0	0.00013276368554215878	4.7967601858545095e-05	0.19735607504844666	0.3005600571632385	0.001903174677863717	4
bacteria_823|label=0	0.0141375120729208	0.0009425411699339747	0.06442206352949142	0.42048001289367676	1.787793189578224e-05	4
bacteria_824|label=0	0.00900852307677269	1.7971391571336426e-05	0.02106277458369732	0.4699069559574127	3.725163651324692e-06	4
bacteria_825|label=0	0.00026542399427853525	4.605823562542355e-07	0.21983568370342255	0.2769107222557068	0.0029876951593905687	4
bacteria_826|label=0	0.004147880245000124	0.00017861268133856356	0.306391179561615	0.18926666676998138	1.5657451513106935e-05	3
bacteria_827|label=0	6.86953790136613e-05	3.211695729987696e-05	0.21056751906871796	0.28933051228523254	1.145554733739118e-06	4
bacteria_828|label=0	0.0011660595191642642	6.521524028357817e-06	0.08107301592826843	0.41774094104766846	1.3514870261133183e-05	4
bacteria_829|label=0	0.005997716914862394	2.3790475097484887e-05	0.17422820627689362	0.31954506039619446	0.00020519325335044414	4
bacteria_830|label=0	0.0001616771041881293	5.600243639491964e-06	0.2885362207889557	0.21128837764263153	8.137830263876822e-06	3
bacteria_831|label=0	0.0007645214209333062	4.6744301585022185e-07	0.053213804960250854	0.4460143744945526	6.79587810736848e-06	4
bacteria_832|label=0	0.26376277208328247	0.00924491323530674	0.08036234229803085	0.14645376801490784	0.0001762399624567479	1
bacteria_833|label=0	1.9647808585432358e-05	3.3529377105878666e-05	0.34432801604270935	0.15545722842216492	0.00016157369827851653	3
bacteria_834|label=0	4.955012263962999e-05	1.550614996403965e-07	0.3037709593772888	0.19616389274597168	1.5413459550472908e-05	3
bacteria_835|label=0	0.005350363440811634	5.77553037146572e-05	0.20159119367599487	0.2929965853691101	4.100722435396165e-06	4
bacteria_836|label=0	2.0415593098732643e-05	2.4410088371951133e-05	0.15534767508506775	0.34450119733810425	0.00010630951874190941	4
bacteria_837|label=0	0.001009223167784512	0.2574177086353302	0.17682382464408875	0.0647457018494606	3.558224307198543e-06	2
bacteria_838|label=0	0.0004043866356369108	3.95845236198511e-05	0.2611454427242279	0.23840993642807007	6.434486294892849e-07	3
bacteria_839|label=0	0.00035038901842199266	1.1395319177154306e-07	0.025567788630723953	0.4740815758705139	8.703877796278903e-08	4
bacteria_840|label=0	0.00043998975888825953	6.35488104308024e-05	0.08532154560089111	0.4108881950378418	0.0032867195550352335	4
bacteria_841|label=0	0.0009896380361169577	0.00022671961050946265	0.020481016486883163	0.47829562425613403	7.036676834104583e-06	4
bacteria_842|label=0	0.0005102460272610188	0.00028502492932602763	0.09620578587055206	0.40288063883781433	0.00011836137127829716	4
bacteria_843|label=0	8.446343417745084e-05	9.306580977863632e-06	0.35449495911598206	0.1454043686389923	6.897318144183373e-06	3
bacteria_844|label=0	0.00014000580995343626	0.0007425976218655705	0.17090409994125366	0.32144054770469666	0.006772750988602638	4
bacteria_845|label=0	0.0014367158291861415	2.220129999841447e-06	0.003036403562873602	0.4953799247741699	0.00014475609350483865	4
bacteria_846|label=0	0.00017234942060895264	4.206886842439417e-06	0.1775801181793213	0.3222293555736542	1.3947148545412347e-05	4
bacteria_847|label=0	0.0008166774059645832	1.0054820450022817e-05	0.21807390451431274	0.28109872341156006	6.225399715731328e-07	4
bacteria_848|label=0	2.614404002088122e-05	6.58051931168302e-07	0.14535962045192719	0.35460537672042847	8.188296305888798e-06	4
bacteria_849|label=0	0.0012842478463426232	8.252649422502145e-06	0.4418380856513977	0.056861937046051025	7.478984116460197e-06	3
bacteria_850|label=0	0.0020123482681810856	3.808796827797778e-05	0.21523767709732056	0.28248512744903564	0.00022672062914352864	4
bacteria_851|label=0	0.29113858938217163	0.000210744867217727	0.17293548583984375	0.03569496050477028	2.0229777874192223e-05	1
bacteria_852|label=0	3.230731454095803e-05	1.4269242456066422e-05	0.32520952820777893	0.1747334897518158	1.0436325283080805e-05	3
bacteria_853|label=0	5.899691677768715e-05	6.801340350648388e-05	0.2680937945842743	0.22931522130966187	0.002463996410369873	3
bacteria_854|label=0	0.00011304191866656765	9.038140547090734e-08	0.47756266593933105	0.02232402004301548	1.7898130977300752e-07	3
bacteria_855|label=0	0.0003173284640070051	9.425824032405217e-07	0.49444276094436646	0.005073562264442444	0.00016537947522010654	3
bacteria_856|label=0	3.9144520997069776e-05	4.33549503213726e-05	0.2709944546222687	0.2289033979177475	1.961199268407654e-05	3
bacteria_857|label=0	0.020829323679208755	0.0003803073486778885	0.23125508427619934	0.24749869108200073	3.655592445284128e-05	4
bacteria_858|label=0	7.584110426250845e-05	7.679091140744276e-06	0.18924055993556976	0.3106744885444641	1.400253268002416e-06	4
bacteria_859|label=0	0.002787181409075856	2.012874210777227e-05	0.39889025688171387	0.08907726407051086	0.009225171059370041	3
bacteria_860|label=0	1.396948573528789e-05	4.401413752930239e-05	0.1810920536518097	0.31884634494781494	3.6141650525678415e-06	4
bacteria_861|label=0	1.4459450540016405e-05	7.953870408528019e-06	0.2435552328824997	0.2564171552658081	5.241462986305123e-06	4
bacteria_862|label=0	0.00044343879562802613	0.00022108097618911415	0.399572491645813	0.099294513463974	0.0004684911109507084	3
bacteria_863|label=0	0.01995992474257946	0.00023535999935120344	0.2114941030740738	0.2682649791240692	4.5671109546674415e-05	4
bacteria_864|label=0	0.03410378471016884	7.621820259373635e-05	0.31003543734550476	0.15575076639652252	3.382507566129789e-05	3
bacteria_865|label=0	0.003359448630362749	1.085940129996743e-05	0.1769520342350006	0.31967732310295105	3.1210461770569964e-07	4
bacteria_866|label=0	0.01444667112082243	0.00010988188296323642	0.046956032514572144	0.4376263916492462	0.0008610523073002696	4
bacteria_867|label=0	1.5451460058102384e-05	3.074056439800188e-05	0.2970965802669525	0.20281058549880981	4.6635392209282145e-05	3
bacteria_868|label=0	0.00022843467013444752	3.112808428795688e-07	0.038532715290784836	0.4609946310520172	0.0002438935625832528	4
bacteria_869|label=0	0.004812759812921286	6.254530308069661e-05	0.24735502898693085	0.24757221341133118	0.00019750490901060402	4
bacteria_870|label=0	0.005290713161230087	0.008908534422516823	0.0880407765507698	0.3974384665489197	0.0003215025062672794	4
bacteria_871|label=0	0.0010683193104341626	1.4494963579636533e-05	0.4890488386154175	0.008690495043992996	0.0011778637999668717	3
bacteria_872|label=0	6.324855803541141e-06	4.193697895971127e-05	0.045638225972652435	0.4535706043243408	0.0007429237593896687	4
bacteria_873|label=0	0.00037950140540488064	3.4832493838621303e-05	0.33431002497673035	0.1652500182390213	2.562165718700271e-05	3
bacteria_874|label=0	0.008926360867917538	0.0010454782750457525	0.46699267625808716	0.021339744329452515	0.0016957008047029376	3
bacteria_875|label=0	0.011039710603654385	2.0445286281756125e-05	0.31443506479263306	0.17422175407409668	0.0002829926088452339	3
bacteria_876|label=0	0.014967812225222588	0.0005029874155297875	0.2460961937904358	0.20488062500953674	0.0335523784160614	3
bacteria_877|label=0	0.0038464979734271765	9.006081199913751e-06	0.23771698772907257	0.25836753845214844	5.995606261421926e-05	4
bacteria_878|label=0	0.0005715191946364939	9.228972885466646e-06	0.2883027493953705	0.21111591160297394	5.40228995760117e-07	3
bacteria_879|label=0	0.0035261299926787615	6.740048411302269e-05	0.12669558823108673	0.36970940232276917	1.4421326568481163e-06	4
bacteria_880|label=0	2.8800857762689702e-05	2.981182660732884e-07	0.45075008273124695	0.04911915212869644	0.0001015995949273929	3
bacteria_881|label=0	2.0573384972522035e-05	3.180476369379903e-06	0.023933090269565582	0.4758317768573761	0.00021133862901479006	4
bacteria_882|label=0	0.0007359875598922372	7.743762580503244e-06	0.3797590136528015	0.11949313431978226	4.099918442079797e-06	3
bacteria_883|label=0	0.0005001472891308367	1.6310021237586625e-05	0.13832959532737732	0.3556828796863556	0.005471031181514263	4
bacteria_884|label=0	0.007814734242856503	2.36389951169258e-05	0.43880921602249146	0.053337618708610535	1.4787898180657066e-05	3
bacteria_885|label=0	0.004405318759381771	0.0027010010089725256	0.13814431428909302	0.30328088998794556	0.05146847292780876	4
bacteria_886|label=0	0.004520383197814226	2.2446876755566336e-05	0.03617948293685913	0.4588080644607544	0.0004696130636148155	4
bacteria_887|label=0	2.4557097276556306e-05	9.734176842357556e-08	0.4985641539096832	0.0014039746019989252	7.203446330095176e-06	3
bacteria_888|label=0	0.013039259240031242	1.1101331438112538e-05	0.023567646741867065	0.4633719027042389	1.0111839401361067e-05	4
bacteria_889|label=0	0.006380736827850342	5.347684236767236e-06	0.1475602686405182	0.3460384011268616	1.525896914245095e-05	4
bacteria_890|label=0	0.00029386579990386963	0.0002676815784070641	0.14629550278186798	0.35310491919517517	3.803419167525135e-05	4
bacteria_891|label=0	0.008704609237611294	2.4883302103262395e-05	0.011855253018438816	0.4791993498802185	0.00021586159709841013	4
bacteria_892|label=0	0.0005203741602599621	0.0002223476185463369	0.25848355889320374	0.2401011437177658	0.0006725634448230267	3
bacteria_893|label=0	0.00010122091771336272	0.0003239220823161304	0.42849382758140564	0.07106643170118332	1.4631722478952724e-05	3
bacteria_894|label=0	0.0002707391686271876	0.0005306171951815486	0.3136352598667145	0.18551819026470184	4.521359005593695e-05	3
bacteria_895|label=0	0.001485000946559012	1.9096733012702316e-05	0.18824248015880585	0.3101595640182495	9.38333323574625e-05	4
bacteria_896|label=0	0.0013807787327095866	0.0013377671130001545	0.4097793698310852	0.08744463324546814	5.748451076215133e-05	3
bacteria_897|label=0	0.00017814335296861827	2.687259802769404e-05	0.12468265742063522	0.3740464150905609	0.0010658999672159553	4
bacteria_898|label=0	0.30009570717811584	0.000427543738624081	0.022667430341243744	0.17669430375099182	0.00011503733549034223	1
bacteria_899|label=0	5.4862004617461935e-05	1.4624719142375397e-06	0.20019622147083282	0.2997341752052307	1.3300811588123906e-05	4
bacteria_900|label=0	5.9966216213069856e-05	2.3532362320111133e-05	0.24480758607387543	0.10200008749961853	0.15310880541801453	3
bacteria_901|label=0	1.2527408216556069e-05	4.4294654344412265e-07	0.4552082121372223	0.04460885375738144	0.0001699755375739187	3
bacteria_902|label=0	0.0011369971325621009	4.513852036325261e-05	0.23479191958904266	0.26397228240966797	5.366121695260517e-05	4
bacteria_903|label=0	0.00031966212554834783	2.0568948457366787e-05	0.14123019576072693	0.35842108726501465	8.498668648826424e-06	4
bacteria_904|label=0	0.020030835643410683	0.0006110816029831767	0.3164041340351105	0.1629529893398285	9.964744549506577e-07	3
bacteria_905|label=0	0.004708150401711464	0.0005431229365058243	0.1120678260922432	0.37025076150894165	0.012430142611265182	4
bacteria_906|label=0	0.011117256246507168	0.003490585135295987	0.02655142731964588	0.4518727958202362	0.006967967376112938	4
bacteria_907|label=0	0.007894010283052921	0.0005103934090584517	0.06447741389274597	0.42339685559272766	0.003721318207681179	4
bacteria_908|label=0	0.001269513159058988	0.003918237518519163	0.027678005397319794	0.4671120345592499	2.2196081772563048e-05	4
bacteria_909|label=0	0.0002455975627526641	7.938179805933032e-06	0.0254179909825325	0.4743208885192871	7.564283350802725e-06	4
bacteria_910|label=0	1.7545311493449844e-05	9.207878903794153e-09	0.006238502915948629	0.4937439560890198	5.585222506709897e-09	4
bacteria_911|label=0	0.0323365181684494	2.611409172459389e-06	0.03262173756957054	0.43503034114837646	8.805406650935765e-06	4
bacteria_912|label=0	0.011388711631298065	3.635686880443245e-05	0.10921011865139008	0.37935981154441833	5.016049271944212e-06	4
bacteria_913|label=0	0.0027172768022865057	1.4638351785833947e-05	0.14935417473316193	0.34103912115097046	0.006874820217490196	4
bacteria_914|label=0	0.27573201060295105	1.8725086192716844e-05	0.1027006208896637	0.12057404965162277	0.0009745644638314843	1
bacteria_915|label=0	9.04975167941302e-05	2.104944178427104e-05	0.3322075605392456	0.16768060624599457	2.584031335572945e-07	3
bacteria_916|label=0	0.0007204066496342421	3.7443485325638903e-06	0.20226827263832092	0.29698604345321655	2.15688251046231e-05	4
bacteria_917|label=0	0.004579015076160431	5.759692157880636e-06	0.0057955593802034855	0.48961541056632996	4.233634172123857e-06	4
bacteria_918|label=0	0.003921695053577423	1.526481923974643e-06	0.020060427486896515	0.47249534726142883	0.0035209746565669775	4
bacteria_919|label=0	0.0001531699817860499	2.295413287356496e-05	0.3010302782058716	0.19872461259365082	6.897712592035532e-05	3
bacteria_920|label=0	0.016489863395690918	0.00014217491843737662	0.11703841388225555	0.3662116229534149	0.0001179203245555982	4
bacteria_921|label=0	0.00058548036031425	2.2684730538458098e-06	0.07059351354837418	0.428815633058548	3.1366907933261245e-06	4
bacteria_922|label=0	0.0002697590389288962	6.766598289686954e-06	0.13895626366138458	0.359598845243454	0.0011684070341289043	4
bacteria_923|label=0	0.0005384096875786781	7.818663107173052e-06	0.2099677473306656	0.28361284732818604	0.005873165559023619	4
bacteria_924|label=0	0.030493643134832382	2.6534396965871565e-05	0.14594119787216187	0.3228234052658081	0.0007152181351557374	4
bacteria_925|label=0	7.005916995694861e-05	1.1013337797294298e-07	0.3595585227012634	0.14037084579467773	4.5146239813220745e-07	3
bacteria_926|label=0	0.007031785324215889	7.308758358703926e-05	0.16750386357307434	0.32536637783050537	2.4853923605405726e-05	4
bacteria_927|label=0	0.0009454502142034471	3.270789602538571e-05	0.15898539125919342	0.33992838859558105	0.00010806125646922737	4
bacteria_928|label=0	0.0006078591104596853	3.4193544706795365e-05	0.2808050513267517	0.21849048137664795	6.245970143936574e-05	3
bacteria_929|label=0	0.018742112442851067	0.0002985302999150008	0.021444855257868767	0.45949995517730713	1.4563150216417853e-05	4
bacteria_930|label=0	8.615949627710506e-05	1.1427338222347316e-06	0.23950840532779694	0.26039302349090576	1.1241962965868879e-05	4
bacteria_931|label=0	7.83780706115067e-05	6.408929948520381e-06	0.20345933735370636	0.29643526673316956	2.0641649825847708e-05	4
bacteria_932|label=0	2.4516632493032375e-06	8.818722108117072e-08	0.15152080357074738	0.3484744131565094	2.259444045193959e-06	4
bacteria_933|label=0	0.004983036313205957	2.9486564017133787e-05	0.069225013256073	0.4257439374923706	1.8513455870561302e-05	4
bacteria_934|label=0	2.8324913728283718e-05	3.193464635842247e-06	0.05660014972090721	0.4432886242866516	7.966739212861285e-05	4
bacteria_935|label=0	0.00034542439971119165	1.7547308743814938e-05	0.13298943638801575	0.3655513823032379	0.0010961850639432669	4
bacteria_936|label=0	9.101115574594587e-05	3.069320655413321e-07	0.002332029864192009	0.4975295662879944	4.706558320322074e-05	4
bacteria_937|label=0	0.0006814053631387651	1.5828927644179203e-06	0.42248156666755676	0.07682526111602783	1.0182570804317947e-05	3
bacteria_938|label=0	0.0006382512510754168	4.009251370007405e-06	0.3275482952594757	0.17081429064273834	0.0009951883694157004	3
bacteria_939|label=0	0.21118253469467163	0.002304333494976163	0.11803160607814789	0.1362287849187851	0.03225276991724968	1
bacteria_940|label=0	0.00036219533649273217	3.176854079356417e-05	0.014347017742693424	0.483747661113739	0.0015113480621948838	4
bacteria_941|label=0	5.0114824261981994e-05	1.9973140297224745e-05	0.20093949139118195	0.2761605679988861	0.022829830646514893	4
bacteria_942|label=0	0.0012338442029431462	6.775020210625371e-06	0.01727749966084957	0.08122783899307251	0.4002540409564972	5
bacteria_943|label=0	0.41811954975128174	0.00021181839110795408	0.005306326784193516	0.070395328104496	0.005966942757368088	1
bacteria_944|label=0	0.005436559207737446	0.00015610011178068817	0.08559064567089081	0.4087768495082855	3.985979128628969e-05	4
bacteria_945|label=0	0.017500480636954308	8.272568834399863e-07	0.06189137324690819	0.4205966293811798	1.0665750778571237e-05	4
bacteria_946|label=0	0.0002883254492189735	1.760244595061522e-05	0.2953855097293854	0.20409218966960907	0.000216367858229205	3
bacteria_947|label=0	0.003393905470147729	6.545539577018644e-07	0.19158320128917694	0.3050198256969452	2.4274932002299465e-06	4
bacteria_948|label=0	0.00012791430344805121	1.0659779263733071e-06	0.09305551648139954	0.4068154990673065	1.3792844200111176e-08	4
bacteria_949|label=0	0.0001413770078215748	2.182075877499301e-05	0.1258133500814438	0.3739069104194641	0.00011655003618216142	4
bacteria_950|label=0	0.006677188910543919	0.0001505925611127168	0.12869979441165924	0.3641470968723297	0.00032537704100832343	4
bacteria_951|label=0	0.005203310400247574	0.0005021588876843452	0.33742931485176086	0.14171035587787628	0.01515487115830183	3
bacteria_952|label=0	0.09440017491579056	4.414267459651455e-05	0.03809549659490585	0.3637923300266266	0.0036678407341241837	4
bacteria_953|label=0	0.00463238637894392	0.00015719297516625375	0.12747198343276978	0.36732739210128784	0.0004110379086341709	4
bacteria_954|label=0	0.0007033089059405029	1.1981738680333365e-05	0.04959480091929436	0.4494539201259613	0.00023595649690832943	4
bacteria_955|label=0	3.602166543714702e-05	3.57991112309719e-08	0.035525716841220856	0.46443822979927063	2.133368148804493e-09	4
bacteria_956|label=0	0.0036201158072799444	0.0009583299397490919	0.3333197832107544	0.12812238931655884	0.033979374915361404	3
bacteria_957|label=0	0.00042864299030043185	9.22393737710081e-05	0.27911466360092163	0.19934558868408203	0.0210188589990139	3
bacteria_958|label=0	0.4068000018596649	0.0002204698248533532	0.007163494359701872	0.08571931719779968	9.672667511040345e-05	1
bacteria_959|label=0	0.0007325253682211041	6.518362738461292e-07	0.16066409647464752	0.33717095851898193	0.0014317660825327039	4
bacteria_960|label=0	0.011292675510048866	0.0011421783128753304	0.1837899088859558	0.2958916127681732	0.007883637212216854	4
bacteria_961|label=0	0.0020578475669026375	4.268953125574626e-05	0.05185467749834061	0.4459937512874603	5.1022412662860006e-05	4
bacteria_962|label=0	0.00037823745515197515	0.0001265086466446519	0.16261833906173706	0.3367098867893219	0.0001670709898462519	4
bacteria_963|label=0	0.014231819659471512	9.280047379434109e-05	0.26716792583465576	0.217384934425354	0.001122553483583033	3
bacteria_964|label=0	0.0027270119171589613	0.00013650854816660285	0.08481579273939133	0.41227853298187256	4.2171501263510436e-05	4
bacteria_965|label=0	0.01480763591825962	1.8447646255026484e-07	0.016467686742544174	0.4681357741355896	0.0005887707229703665	4
bacteria_966|label=0	0.00016157919890247285	4.7511352363471815e-07	0.013447391800582409	0.4853954613208771	0.0009950600797310472	4
bacteria_967|label=0	0.0031373295933008194	0.0013990347506478429	0.14897625148296356	0.34647420048713684	1.3163386029191315e-05	4
bacteria_968|label=0	0.00025960730272345245	1.6289054656226654e-06	0.23842625319957733	0.2610694468021393	0.00024302827659994364	4
bacteria_969|label=0	0.01434637326747179	4.009077383670956e-05	0.1526346504688263	0.33294129371643066	3.753264536499046e-05	4
bacteria_970|label=0	0.20879404246807098	7.681245733692776e-06	0.017590979114174843	0.27332788705825806	0.00027944150497205555	4
bacteria_971|label=0	0.00140776124317199	9.130905027632252e-07	0.17052623629570007	0.3280649781227112	1.7400316210114397e-07	4
bacteria_972|label=0	0.0001261464349227026	5.531643978429202e-07	0.08892945945262909	0.4109436869621277	1.4063495257232717e-07	4
bacteria_973|label=0	0.0004347306094132364	7.343323522945866e-05	0.0799926146864891	0.4194851815700531	1.4041534086572938e-05	4
bacteria_974|label=0	0.01997256651520729	0.00028805172769352794	0.13362689316272736	0.34600791335105896	0.00010455789015395567	4
bacteria_975|label=0	0.001707584597170353	0.00027002612478099763	0.1699410229921341	0.3254798948764801	0.0026014673057943583	4
bacteria_976|label=0	0.16703137755393982	0.0008514327928423882	0.25857415795326233	0.0720243826508522	0.0015186676755547523	3
bacteria_977|label=0	0.012744691222906113	3.457312050159089e-05	0.04085291549563408	0.4463159441947937	5.18879787705373e-05	4
bacteria_978|label=0	0.03364810347557068	1.6797941498225555e-05	0.3212038278579712	0.14438897371292114	0.0007422969792969525	3
bacteria_979|label=0	0.03028944320976734	2.6269965474057244e-06	0.2506512701511383	0.21901188790798187	4.476855247048661e-05	3
bacteria_980|label=0	7.077084592310712e-05	1.4321942217065953e-05	0.10938099771738052	0.38362762331962585	0.0069063142873346806	4
bacteria_981|label=0	0.00030629432876594365	1.1145822099933866e-05	0.32098883390426636	0.17868980765342712	3.917741196346469e-06	3
bacteria_982|label=0	0.0006265304400585592	1.7655693227425218e-05	0.2669723927974701	0.23238222301006317	1.2262014479347272e-06	3
bacteria_983|label=0	0.0008835374028421938	1.780313323251903e-05	0.26687824726104736	0.2322203814983368	6.338284208595724e-08	3
bacteria_984|label=0	0.00015391467604786158	7.296232070075348e-06	0.426253080368042	0.0735807940363884	4.871786586591043e-06	3
bacteria_985|label=0	0.05890344828367233	0.0006035691476427019	0.32645854353904724	0.11400973796844482	2.4765218768152408e-05	3
bacteria_986|label=0	3.3831856853794307e-06	4.450346750672907e-06	0.05978982523083687	0.44014135003089905	6.1019287386443466e-05	4
bacteria_987|label=0	0.004922632593661547	4.306373739382252e-06	0.33789730072021484	0.15679895877838135	0.00037676547071896493	3
bacteria_988|label=0	0.00027962587773799896	9.130156286119018e-06	0.24080480635166168	0.2587999403476715	0.000106516141386237	4
bacteria_989|label=0	0.00016179130761884153	2.251101795991417e-05	0.24662776291370392	0.2531522810459137	3.567265594028868e-05	4
bacteria_990|label=0	0.00030653883004561067	9.541068948237807e-07	0.3881594240665436	0.1115330383181572	5.189830432072995e-08	3
bacteria_991|label=0	0.0008311063866131008	2.7340905944583938e-05	0.3956233561038971	0.10351359099149704	4.626409918273566e-06	3
bacteria_992|label=0	0.00016951322322711349	1.1968459148192778e-05	0.14926999807357788	0.350516140460968	3.241045124013908e-05	4
bacteria_993|label=0	0.0016226748703047633	5.601226007456717e-07	0.09330929815769196	0.4047476649284363	0.0003197978367097676	4
bacteria_994|label=0	0.04944702237844467	1.9706590137502644e-06	0.3321370482444763	0.11833640187978745	7.754911348456517e-05	3
bacteria_995|label=0	1.3609652569357422e-06	5.831530529576412e-07	0.3884522616863251	0.11154529452323914	5.191529908188386e-07	3
bacteria_996|label=0	0.0006771542248316109	0.006096614059060812	0.3342750370502472	0.15894846618175507	2.7456762836663984e-06	3
bacteria_997|label=0	0.024613894522190094	1.1951758096984122e-05	0.0032851984724402428	0.47130629420280457	0.0007826726650819182	4
bacteria_998|label=0	0.46110913157463074	0.0002017508668359369	0.0032423590309917927	0.03543061763048172	1.6143947505042888e-05	1
bacteria_999|label=0	0.0003914401459041983	0.017056001350283623	0.04429227113723755	0.4382333755493164	2.6923587938654236e-05	4
bacteria_1000|label=0	0.0041673872619867325	1.4819494026596658e-05	0.1451585441827774	0.34986889362335205	0.0007903301157057285	4
bacteria_1001|label=0	0.00403644610196352	4.8216884351859335e-06	0.002109869848936796	0.4938482940196991	6.090191391194821e-07	4
bacteria_1002|label=0	0.06554444134235382	0.0011515647638589144	0.024004781618714333	0.4092859923839569	1.323894684901461e-05	4
bacteria_1003|label=0	1.0796455171657726e-05	3.578325413400307e-05	0.38625895977020264	0.11369084566831589	3.6084359180676984e-06	3
bacteria_1004|label=0	0.0046663121320307255	3.8331523683154956e-05	0.14953485131263733	0.34307605028152466	0.002684446284547448	4
bacteria_1005|label=0	0.00029673962853848934	1.8545279090176336e-08	0.009081093594431877	0.48932939767837524	0.0012927508214488626	4
bacteria_1006|label=0	0.003281709272414446	4.733523019240238e-05	0.2320394217967987	0.26462966203689575	1.871924837359984e-06	4
bacteria_1007|label=0	0.006474385503679514	0.00011056679068133235	0.014274642802774906	0.4791390895843506	1.3085951877656044e-06	4
bacteria_1008|label=0	0.11420565843582153	7.45456986805948e-07	0.1101011112332344	0.2756902873516083	2.2082251689425902e-06	4
bacteria_1009|label=0	0.009484360925853252	3.63704893970862e-05	0.03474918752908707	0.45569467544555664	3.544224819052033e-05	4
bacteria_1010|label=0	0.001781010301783681	5.826756819260481e-07	0.0016388067742809653	0.49657949805259705	9.262008404675726e-08	4
bacteria_1011|label=0	0.0035485231783241034	0.0014000331284478307	0.1349702775478363	0.3599560856819153	0.00012506409257184714	4
bacteria_1012|label=0	0.0005474023055285215	0.00013987714191898704	0.35003340244293213	0.1490490585565567	0.00023023123503662646	3
bacteria_1013|label=0	0.0032302283216267824	0.00031892990227788687	0.17307895421981812	0.3217889666557312	0.001582881435751915	4
bacteria_1014|label=0	0.04435637965798378	0.001714083249680698	0.3740907907485962	0.07451436668634415	0.005324373487383127	3
bacteria_1015|label=0	0.0013990744482725859	7.713564264122397e-05	0.07870739698410034	0.41950565576553345	0.0003107502416241914	4
bacteria_1016|label=0	0.0022754562087357044	0.0005899025127291679	0.09557534009218216	0.401520699262619	3.862542871502228e-05	4
bacteria_1017|label=0	0.00035219339770264924	5.802679424959933e-06	0.12125503271818161	0.3783613443374634	2.5630424715927802e-05	4
bacteria_1018|label=0	0.001906716963276267	2.3530523321824148e-05	0.03118887171149254	0.4668589234352112	2.196955756517127e-05	4
bacteria_1019|label=0	0.051197491586208344	7.974645654940105e-07	0.05173046514391899	0.3970712423324585	1.2490163570078039e-08	4
bacteria_1020|label=0	0.0005857157520949841	6.407786713680252e-05	0.21484307944774628	0.284274697303772	0.00023244843760039657	4
bacteria_1021|label=0	0.0016179491067305207	0.0005332362488843501	0.22855952382087708	0.12440338730812073	0.14488594233989716	3
bacteria_1022|label=0	0.010051703080534935	0.0005055952351540327	0.35526320338249207	0.13218450546264648	0.0019950184505432844	3
bacteria_1023|label=0	0.00041747436625882983	1.0384085726400372e-05	0.05783712863922119	0.2772546112537384	0.16448041796684265	4
bacteria_1024|label=0	0.2888526916503906	2.9943714253022335e-05	0.0074916197918355465	0.20357027649879456	5.543165752897039e-05	1
bacteria_1025|label=0	0.0015768762677907944	1.6650327552270028e-06	0.03265148773789406	0.27332279086112976	0.19244718551635742	4
bacteria_1026|label=0	0.00922148022800684	0.0002612377575132996	0.14446787536144257	0.3442806899547577	0.001768709160387516	4
bacteria_1027|label=0	0.0003775515651796013	7.1596005000174046e-06	0.22918376326560974	0.26946431398391724	0.0009672289597801864	4
bacteria_1028|label=0	0.0029780762270092964	3.242540333303623e-05	0.2510729134082794	0.2459162026643753	3.484541650777828e-07	3
bacteria_1029|label=0	0.10685260593891144	0.0016849387902766466	0.15585818886756897	0.23387594521045685	0.001728368690237403	4
bacteria_1030|label=0	0.00011789768177550286	4.756170528708026e-05	0.4541383385658264	0.04569060355424881	5.6323610806430224e-06	3
bacteria_1031|label=0	1.8916225599241443e-05	8.40976572362706e-05	0.30876702070236206	0.1911286562681198	1.3243598004919477e-06	3
bacteria_1032|label=0	0.002431150060147047	1.2628640888578957e-06	0.31662848591804504	0.18079769611358643	0.00014144628948997706	3
bacteria_1033|label=0	0.0003791114722844213	0.0032018038909882307	0.46691787242889404	0.02944575436413288	5.5479387810919434e-05	3
bacteria_1034|label=0	0.003112427657470107	4.248398181516677e-05	0.045779161155223846	0.4510599374771118	5.970328857074492e-06	4
bacteria_1035|label=0	0.000415954040363431	0.0002711084671318531	0.20380203425884247	0.2955084443092346	2.4694265903235646e-06	4
bacteria_1036|label=0	0.0026759125757962465	1.11974588890007e-06	0.28349143266677856	0.21383090317249298	6.511107812912087e-07	3
bacteria_1037|label=0	0.016875911504030228	0.0015564638888463378	0.24058914184570312	0.23873518407344818	0.002243297640234232	3
bacteria_1038|label=0	4.010098200524226e-05	3.0237683859013487e-06	0.08134999126195908	0.4177449345588684	0.000861980312038213	4
bacteria_1039|label=0	0.44639748334884644	0.00895114429295063	0.01985001750290394	0.009195679798722267	0.015605692751705647	1
bacteria_1040|label=0	5.229211819823831e-05	0.0001824474602472037	0.06581293791532516	0.4338722229003906	8.011738100321963e-05	4
bacteria_1041|label=0	0.000543680100236088	1.436638854102057e-06	0.04650300368666649	0.443084180355072	0.009867657907307148	4
bacteria_1042|label=0	0.11816418915987015	0.0018851392669603229	0.03846945986151695	0.33730342984199524	0.004177788272500038	4
bacteria_1043|label=0	0.0061277179047465324	0.00020500703249126673	0.4141198992729187	0.045898277312517166	0.03364912420511246	3
bacteria_1044|label=0	0.43099290132522583	1.005692502076272e-05	0.02833414636552334	0.038222234696149826	0.002440663054585457	1
bacteria_1045|label=0	0.00017363899678457528	0.003386736148968339	0.27110081911087036	0.19967801868915558	0.02566077560186386	3
bacteria_1046|label=0	0.021137505769729614	0.00031504625803790987	0.007687743287533522	0.4697989523410797	0.0010607066797092557	4
bacteria_1047|label=0	0.0018506222404539585	0.012245520018041134	0.0689101293683052	0.3943655490875244	0.022628162056207657	4
bacteria_1048|label=0	0.1058032438158989	0.003309414954856038	0.3313915431499481	0.05810970813035965	0.0013860854087397456	3
bacteria_1049|label=0	8.048971358221024e-05	6.0265268984949216e-05	0.08173918724060059	0.35716724395751953	0.0609528012573719	4
bacteria_1050|label=0	0.13428476452827454	0.002616405952721834	0.341090589761734	0.021293209865689278	0.0007150311721488833	3
bacteria_1051|label=0	1.9613098629633896e-05	2.4459599444526248e-05	0.16270197927951813	0.3372204601764679	3.349093458382413e-05	4
bacteria_1052|label=0	0.0016167708672583103	0.0001117903520935215	0.2851223945617676	0.21314376592636108	5.318591320246924e-06	3
bacteria_1053|label=0	0.0007106009870767593	9.446786862099543e-05	0.12104575335979462	0.3748166561126709	0.0033325422555208206	4
bacteria_1054|label=0	0.007797647267580032	1.6837697330629453e-05	0.28052249550819397	0.21165719628334045	5.83210294280434e-06	3
bacteria_1055|label=0	0.0058292062021791935	0.0005116104730404913	0.2452699840068817	0.24838769435882568	1.4845086298009846e-06	4
bacteria_1056|label=0	1.9996552964585135e-06	9.517558282823302e-06	0.15078411996364594	0.34920424222946167	1.421744997287533e-07	4
bacteria_1057|label=0	0.003832904389128089	1.4618261957366485e-05	0.2530735433101654	0.2430141717195511	6.474846304627135e-05	3
bacteria_1058|label=0	0.04774719476699829	0.0016840428579598665	0.1548895686864853	0.29567474126815796	4.425768111104844e-06	4
bacteria_1059|label=0	0.00018257297051604837	5.0092135097656865e-06	0.1939246952533722	0.3058716356754303	1.6067806427599862e-05	4
bacteria_1060|label=0	0.005442347843199968	0.0001370707032037899	0.4292493462562561	0.06401218473911285	0.0011590698268264532	3
bacteria_1061|label=0	0.020521430298686028	0.0051992181688547134	0.23107901215553284	0.24273207783699036	0.00046826887410134077	4
bacteria_1062|label=0	0.07026808708906174	0.0006851213402114809	0.16053269803524017	0.26471948623657227	0.003794641001150012	4
bacteria_1063|label=0	0.0031088676769286394	7.037981049506925e-06	0.12716561555862427	0.3693706691265106	0.000347820547176525	4
bacteria_1064|label=0	0.0004778531438205391	3.6349007132230327e-05	0.42777392268180847	0.07170936465263367	2.5406388886040077e-06	3
bacteria_1065|label=0	0.00034962318022735417	3.80000019504223e-05	0.3477760851383209	0.15181681513786316	1.949292163772043e-05	3
bacteria_1066|label=0	3.032625318155624e-05	1.8972517636939301e-06	0.3795039653778076	0.12043271213769913	3.1141109502641484e-05	3
bacteria_1067|label=0	0.013980780728161335	2.2906433514435776e-05	0.18642301857471466	0.26948660612106323	0.030086657032370567	4
bacteria_1068|label=0	3.1922916150506353e-06	1.1949751410611498e-08	0.044075630605220795	0.45502156019210815	0.0008995968964882195	4
bacteria_1069|label=0	0.000523993163369596	2.7810228857561015e-06	0.036870263516902924	0.460226833820343	0.002376151503995061	4
bacteria_1070|label=0	1.0456043355588918e-06	2.2863365245484601e-07	0.20634157955646515	0.2936571538448334	7.628822018546089e-09	4
bacteria_1071|label=0	0.000319942511850968	4.3315165385138243e-05	0.16064272820949554	0.33855488896369934	0.0004391285474412143	4
bacteria_1072|label=0	0.01529166754335165	0.0002676753792911768	0.16010697185993195	0.3238469660282135	0.0004867569950874895	4
bacteria_1073|label=0	0.0008321632631123066	4.023992460133741e-06	0.4739200174808502	0.022811371833086014	0.002432403853163123	3
bacteria_1074|label=0	0.0013528566341847181	7.912845831015147e-06	0.08384300768375397	0.4147953391075134	9.047735716194438e-07	4
bacteria_1075|label=0	0.0019476261222735047	6.571233097929507e-05	0.32985785603523254	0.1663358211517334	0.0017929647583514452	3
bacteria_1076|label=0	0.0006735384231433272	1.1539121260284446e-05	0.048178233206272125	0.45113641023635864	2.948450514850265e-07	4
bacteria_1077|label=0	0.0001465430250391364	6.451817284869321e-07	0.3454256057739258	0.15442657470703125	6.713077596032235e-07	3
bacteria_1078|label=0	0.00010494390153326094	9.259393891625223e-07	0.2616938352584839	0.23819980025291443	4.954443397764408e-07	3
bacteria_1079|label=0	0.0001653189247008413	2.1616272078972543e-06	0.08459916710853577	0.41523200273513794	1.390609327245329e-06	4
bacteria_1080|label=0	0.01217650342732668	4.872657882515341e-05	0.21663622558116913	0.27112334966659546	1.5178862668108195e-05	4
bacteria_1081|label=0	0.00484857615083456	8.424111001659185e-06	0.19437307119369507	0.3007684051990509	1.5377611362055177e-06	4
bacteria_1082|label=0	0.025641223415732384	3.2421430660178885e-05	0.05720748007297516	0.4152352511882782	0.001883643097244203	4
bacteria_1083|label=0	6.016659426677506e-06	2.0859744154222426e-07	0.43788567185401917	0.062107790261507034	3.6762810395885026e-07	3
bacteria_1084|label=0	0.0034020254388451576	8.899292151909322e-05	0.12327936291694641	0.37320977449417114	1.9840101231238805e-05	4
bacteria_1085|label=0	7.796497243361955e-07	6.489894133210328e-08	0.03366020694375038	0.46633270382881165	6.226111054274952e-06	4
bacteria_1086|label=0	4.327358055888908e-06	3.111150363110937e-06	0.44292840361595154	0.05705101415514946	1.316117777605541e-05	3
bacteria_1087|label=0	0.018823103979229927	2.4242301151389256e-05	0.26237040758132935	0.21809501945972443	0.0006872380035929382	3
bacteria_1088|label=0	0.0008195051341317594	9.315275661947453e-08	0.3429042100906372	0.1562751829624176	1.047929572450812e-06	3
bacteria_1089|label=0	0.005374067462980747	0.00011532143253134564	0.1602531224489212	0.3342570960521698	3.9016717323647754e-07	4
bacteria_1090|label=0	0.0009598322794772685	0.0001047629993990995	0.40101078152656555	0.09782323986291885	0.00010140614176634699	3
bacteria_1091|label=0	0.03914827108383179	0.0001585048157721758	0.2013116031885147	0.258592426776886	0.0007891874411143363	4
bacteria_1092|label=0	3.37861965817865e-05	4.713771340902895e-05	0.26324665546417236	0.2040099948644638	0.03266244754195213	3
bacteria_1093|label=0	0.000164028286235407	4.3566269596340135e-06	0.2363271266222	0.2634825110435486	2.1966423446428962e-05	4
bacteria_1094|label=0	2.025940193561837e-05	6.214061158971163e-07	0.30896881222724915	0.19100844860076904	1.878276407296653e-06	3
bacteria_1095|label=0	0.014352110214531422	0.00016094146121758968	0.19399799406528473	0.2913537323474884	0.00013521181244868785	4
bacteria_1096|label=0	0.00014566595200449228	4.975135379936546e-05	0.3963438868522644	0.10345476865768433	5.892181434319355e-06	3
bacteria_1097|label=0	0.00024420744739472866	3.990298409917159e-06	0.2656674087047577	0.2340840995311737	3.1353636131825624e-07	3
bacteria_1098|label=0	0.006508306134492159	6.441713651383907e-08	0.31829357147216797	0.1751583367586136	3.967211887356825e-05	3
bacteria_1099|label=0	2.858216475942754e-06	3.929356466869649e-07	0.38439419865608215	0.11555562913417816	4.686227839556523e-05	3
bacteria_1100|label=0	0.00015325697313528508	0.0006566986558027565	0.36021098494529724	0.13895739614963531	2.1661302525899373e-05	3
bacteria_1101|label=0	4.1454582060396206e-06	2.2987873649071844e-07	0.3773772418498993	0.12188660353422165	0.0007317895069718361	3
bacteria_1102|label=0	0.0004854285507462919	0.0001113357357098721	0.06039515882730484	0.43806391954421997	0.0009441731381230056	4
bacteria_1103|label=0	0.1237662211060524	0.0035762765910476446	0.10991411656141281	0.26274046301841736	2.9591608381451806e-06	4
bacteria_1104|label=0	0.010559734888374805	3.46022607118357e-05	0.08485977351665497	0.4039689302444458	0.0005769752315245569	4
bacteria_1105|label=0	0.0009810313349589705	1.5282250387826934e-05	0.4710350036621094	0.027967235073447227	1.4762614455321454e-06	3
bacteria_1106|label=0	0.00492894509807229	2.7600412067840807e-05	0.04365678131580353	0.45137789845466614	8.774182788329199e-06	4
bacteria_1107|label=0	0.0017790102865546942	4.371800969238393e-05	0.4118576645851135	0.08627374470233917	4.587895455188118e-05	3
bacteria_1108|label=0	0.06233232840895653	0.0002280315093230456	0.09287121891975403	0.3444878160953522	8.060983964242041e-05	4
bacteria_1109|label=0	1.3560722436523065e-05	6.258990765672934e-07	0.1793142557144165	0.3206682503223419	3.2999791983456817e-06	4
bacteria_1110|label=0	0.0004498759808484465	3.8191461499081925e-05	0.09772460162639618	0.40172186493873596	6.545017095049843e-05	4
bacteria_1111|label=0	1.1694196473399643e-05	2.77892624467313e-08	0.06501894444227219	0.43433305621147156	0.0006362695130519569	4
bacteria_1112|label=0	0.00014191865921020508	2.9586128675873624e-06	0.24951806664466858	0.2503318786621094	5.176601462153485e-06	4
bacteria_1113|label=0	0.31364747881889343	5.932352360105142e-05	0.09410370886325836	0.09076090902090073	0.0014285685028880835	1
bacteria_1114|label=0	0.0381794199347496	0.000516983331181109	0.15414264798164368	0.3065139353275299	0.0006470037624239922	4
bacteria_1115|label=0	0.017737550660967827	0.0005454756319522858	0.10886742174625397	0.10781699419021606	0.265032559633255	5
bacteria_1116|label=0	5.513360883924179e-05	4.383135092211887e-05	0.007114605978131294	0.4535868465900421	0.039199620485305786	4
bacteria_1117|label=0	0.03955972194671631	0.0008335162419825792	0.031154805794358253	0.42791303992271423	0.0005389371071942151	4
bacteria_1118|label=0	1.3514794773072936e-05	2.3577817387376854e-07	0.29343941807746887	0.20654629170894623	5.556458972932887e-07	3
bacteria_1119|label=0	0.0005049836472608149	0.00015317733050324023	0.31717464327812195	0.18213589489459991	3.126532828900963e-05	3
bacteria_1120|label=0	7.71936756791547e-05	5.625431003863923e-05	0.35763558745384216	0.14182618260383606	0.00040479356539435685	3
bacteria_1121|label=0	6.126626976765692e-05	0.0007480569183826447	0.16998305916786194	0.32920002937316895	7.609879048686707e-06	4
bacteria_1122|label=0	1.2241447677752149e-07	7.52325757247263e-09	0.013062169775366783	0.4869375228881836	1.9126623840293178e-07	4
bacteria_1123|label=0	0.0001319812290603295	4.497550889936974e-06	0.22069592773914337	0.2791673541069031	2.470590629854996e-07	4
bacteria_1124|label=0	0.0026632493827492	3.5797008877125336e-06	0.0654817745089531	0.43184900283813477	2.43498720919888e-06	4
bacteria_1125|label=0	0.00014060013927519321	3.9853919588495046e-05	0.4177073538303375	0.08125646412372589	0.0008557330002076924	3
bacteria_1126|label=0	0.000557331251911819	6.714009487041039e-06	0.0565122589468956	0.4429236054420471	1.0877280942622747e-07	4
bacteria_1127|label=0	3.5044288324570516e-06	2.9261045142447983e-07	0.049382735043764114	0.45061343908309937	4.470812342560748e-08	4
bacteria_1128|label=0	4.6425640903180465e-05	7.512147703891969e-07	0.37589895725250244	0.12404526025056839	8.601026820542756e-06	3
bacteria_1129|label=0	0.00532293738797307	0.001532225520350039	0.1021018922328949	0.387304425239563	0.003738506231456995	4
bacteria_1130|label=0	0.0020946378353983164	5.8825844462262467e-05	0.08215387910604477	0.4156569540500641	3.572516652639024e-05	4
bacteria_1131|label=0	0.0021792666520923376	0.00025834242114797235	0.282327800989151	0.21523407101631165	5.193376750867174e-07	3
bacteria_1132|label=0	0.000345004751579836	0.000689128995873034	0.4504455029964447	0.048512738198041916	7.545983862655703e-06	3
bacteria_1133|label=0	0.053464893251657486	8.09804916457324e-08	0.020222719758749008	0.4263116121292114	6.439531148316746e-07	4
bacteria_1134|label=0	0.0026573557406663895	0.00027114979457110167	0.3154264986515045	0.18098972737789154	0.0006552823469974101	3
bacteria_1135|label=0	0.0009452791418880224	2.57704186878982e-07	0.07199250906705856	0.42706191539764404	3.7344765502211885e-08	4
bacteria_1136|label=0	0.20872575044631958	2.8816431949962862e-05	0.17424336075782776	0.11680863797664642	0.00019342497398611158	1
bacteria_1137|label=0	4.460307536646724e-05	2.9183718197600683e-06	0.27096205949783325	0.22898422181606293	6.174676400405588e-06	3
bacteria_1138|label=0	8.199188596336171e-05	6.870830111438408e-05	0.148629829287529	0.3493786156177521	0.0018408544128760695	4
bacteria_1139|label=0	0.017469078302383423	9.446389594813809e-05	0.054288480430841446	0.42770513892173767	0.00044289309880696237	4
bacteria_1140|label=0	1.1730478036042769e-05	7.470107084373012e-05	0.4488333463668823	0.05043458193540573	0.0006456453702412546	3
bacteria_1141|label=0	0.004788451362401247	2.91249125439208e-06	0.1558363437652588	0.3381284773349762	0.0012437977129593492	4
bacteria_1142|label=0	0.00023302999034058303	2.6468334908713587e-05	0.059694185853004456	0.44003915786743164	7.179784006439149e-06	4
bacteria_1143|label=0	8.413218165514991e-05	8.135952521115541e-05	0.036069273948669434	0.4635072648525238	0.0002579779247753322	4
bacteria_1144|label=0	0.015557704493403435	3.002376797667239e-05	0.008655132725834846	0.47495877742767334	0.0007983319810591638	4
bacteria_1145|label=0	0.004009146708995104	0.1705779880285263	0.0968630313873291	0.22851143777370453	3.838509292108938e-05	4
bacteria_1146|label=0	0.0016014775028452277	0.0022340414579957724	0.2416842132806778	0.2542463541030884	0.00023390394926536828	4
bacteria_1147|label=0	0.011512753553688526	9.474431863054633e-06	0.10336321592330933	0.3849361836910248	0.00017837916675489396	4
bacteria_1148|label=0	0.0008751555578783154	3.1876959383225767e-06	0.06329057365655899	0.43582800030708313	3.1371919249068014e-06	4
bacteria_1149|label=0	0.008948992937803268	0.0003198734193574637	0.10309671610593796	0.38751208782196045	0.00012235513713676482	4
bacteria_1150|label=0	0.00043243783875368536	2.8873790142824873e-05	0.219374418258667	0.28016096353530884	3.3084947972383816e-06	4
bacteria_1151|label=0	0.013187147676944733	0.00016050718841142952	0.4258165955543518	0.060715850442647934	0.00011997319234069437	3
bacteria_1152|label=0	0.12720394134521484	1.0896128515014425e-05	0.17082642018795013	0.20192743837833405	3.1287061574403197e-05	4
bacteria_1153|label=0	0.011599834077060223	1.4813779216638068e-06	0.21363171935081482	0.27476197481155396	4.997963060304755e-06	4
bacteria_1154|label=0	9.58842210820876e-05	3.0329863875522278e-05	0.3825913071632385	0.11634021252393723	0.0009422620641998947	3
bacteria_1155|label=0	5.3505268624576274e-06	3.588430885770322e-08	0.279068261384964	0.22092626988887787	5.073657405318954e-08	3
bacteria_1156|label=0	0.0004238694382365793	0.00019317396800033748	0.1340625286102295	0.364132285118103	0.0011881365207955241	4
bacteria_1157|label=0	0.00970433745533228	0.000419882737332955	0.271280974149704	0.21601207554340363	0.002582753077149391	3
bacteria_1158|label=0	0.00021743931574746966	1.0050040145870298e-05	0.3375856876373291	0.16165927052497864	0.0005275339353829622	3
bacteria_1159|label=0	0.06829511374235153	4.4706575863529e-05	0.17427267134189606	0.2539709508419037	0.0034165356773883104	4
bacteria_1160|label=0	0.00420839199796319	0.00031184169347397983	0.05897948518395424	0.42854610085487366	0.007954178377985954	4
bacteria_1161|label=0	0.00041494154720567167	9.802468412090093e-06	0.024073872715234756	0.012080918997526169	0.46342045068740845	5
bacteria_1162|label=0	0.00016713519289623946	1.6732377844164148e-05	0.055345069617033005	0.4440678656101227	0.0004032220458611846	4
bacteria_1163|label=0	4.1201010390068404e-06	0.00026503248955123127	0.3719978332519531	0.1250307410955429	0.0027022860012948513	3
bacteria_1164|label=0	0.00034738596878014505	4.0908398659667e-06	0.19334642589092255	0.30630171298980713	3.621123596531106e-07	4
bacteria_1165|label=0	0.0002544541785027832	3.0504606911563314e-06	0.12997537851333618	0.36966681480407715	0.00010028805991169065	4
bacteria_1166|label=0	3.437538543948904e-05	1.2357489822534262e-06	0.18745750188827515	0.3125056326389313	1.2205579196233884e-06	4
bacteria_1167|label=0	0.0002485463919583708	0.00031954736914485693	0.45285728573799133	0.04391579329967499	0.0026588269975036383	3
bacteria_1168|label=0	0.014098436571657658	0.003856135532259941	0.22388432919979095	0.2581605315208435	6.293364549492253e-07	4
bacteria_1169|label=0	4.35516303696204e-05	4.5324441089178436e-08	0.034363120794296265	0.46558305621147156	1.0282983566867188e-05	4
bacteria_1170|label=0	0.0004577632644213736	0.00019295589299872518	0.3469840884208679	0.15234658122062683	1.8623888536239974e-05	3
bacteria_1171|label=0	0.0037501694168895483	0.00012201716162962839	0.37939900159835815	0.11665056645870209	7.831151015125215e-05	3
bacteria_1172|label=0	8.326097486133222e-06	1.374648149976565e-06	0.4090767800807953	0.09091328829526901	2.6262856067660323e-07	3
bacteria_1173|label=0	0.008305213414132595	7.509331771871075e-05	0.21818076074123383	0.2734227180480957	1.6198753655771725e-05	4
bacteria_1174|label=0	0.0034197173081338406	5.54198641111725e-06	0.28974562883377075	0.20681613683700562	1.2994893040740862e-05	3
bacteria_1175|label=0	5.783483175036963e-06	1.3987936142711987e-07	0.09713976085186005	0.4028528332710266	1.4325462416309165e-06	4
bacteria_1176|label=0	0.003973850514739752	2.2863022763885965e-07	0.026154756546020508	0.46950778365135193	0.00036339249345473945	4
bacteria_1177|label=0	0.0028707862365990877	2.966516774449701e-07	0.005390129052102566	0.47739124298095703	0.014347581192851067	4
bacteria_1178|label=0	0.00037453227560035884	1.1727887567758444e-06	0.011990482918918133	0.48710083961486816	0.0005329843843355775	4
bacteria_1179|label=0	0.0235317163169384	8.840999612402811e-07	0.12875239551067352	0.3477138876914978	1.1343388450768543e-06	4
bacteria_1180|label=0	1.7071186448447406e-05	5.153678102942649e-06	0.24707117676734924	0.25263410806655884	0.00027253624284639955	4
bacteria_1181|label=0	0.03479214757680893	0.0002822146052494645	0.23918581008911133	0.22510826587677002	0.0006315555656328797	3
bacteria_1182|label=0	0.018912358209490776	5.84665649512317e-05	0.25490856170654297	0.22611354291439056	7.071624622767558e-06	3
bacteria_1183|label=0	0.016049420461058617	0.00014792027650400996	0.20757152140140533	0.2758016288280487	0.00042952183866873384	4
bacteria_1184|label=0	0.002463904907926917	8.050290034589125e-07	0.04260431230068207	0.4549013674259186	2.9615082894451916e-05	4
bacteria_1185|label=0	0.003843938233330846	0.00010575519263511524	0.4761303961277008	0.019684581086039543	0.00023532169871032238	3
bacteria_1186|label=0	0.0053893690928816795	1.7140244381153025e-05	0.33769097924232483	0.155037522315979	0.0018649616977199912	3
bacteria_1187|label=0	0.011454373598098755	6.82886422964657e-07	0.03799206018447876	0.4440208971500397	0.0065320017747581005	4
bacteria_1188|label=0	0.0007384706404991448	2.8398351787473075e-05	0.015126693993806839	0.4825018346309662	0.0016045743832364678	4
bacteria_1189|label=0	0.01967284455895424	6.214431778062135e-05	0.04274316504597664	0.39010536670684814	0.04741649702191353	4
bacteria_1190|label=0	0.045472484081983566	0.0006615130696445704	0.24769417941570282	0.14411361515522003	0.06205819174647331	3
bacteria_1191|label=0	0.0004561250389087945	0.08778826147317886	0.07511346787214279	0.33255356550216675	0.00408859271556139	4
bacteria_1192|label=0	8.211015665438026e-05	6.802954999329813e-08	0.000360960082616657	0.4995388388633728	1.8027543774223886e-05	4
bacteria_1193|label=0	0.05723084881901741	0.00033700032508932054	0.03912355750799179	0.36157292127609253	0.041735656559467316	4
bacteria_1194|label=0	0.0013395139249041677	2.9254016098434477e-08	0.00031630563898943365	0.49832460284233093	1.9563303794711828e-05	4
bacteria_1195|label=0	0.1664719432592392	0.0019132678862661123	0.046020884066820145	0.0937400534749031	0.1918538361787796	5
bacteria_1196|label=0	0.0019860174506902695	1.6768219211371616e-05	0.19171494245529175	0.3062765896320343	5.70007432543207e-06	4
bacteria_1197|label=0	0.00023824347590561956	3.1907367770145356e-07	0.419643372297287	0.08006330579519272	5.4793694289401174e-05	3
bacteria_1198|label=0	0.10467702895402908	0.004293186590075493	0.09544720500707626	0.2955763041973114	6.275801297306316e-06	4
bacteria_1199|label=0	9.136108565144241e-05	2.291872363002767e-07	0.23467129468917847	0.26515188813209534	8.522780990460888e-05	4
bacteria_1200|label=0	3.8090161979198456e-05	1.7019840015564114e-05	0.03532687574625015	0.4645603597164154	5.7643694162834436e-05	4
bacteria_1201|label=0	0.0025636309292167425	0.0032504177652299404	0.2443023920059204	0.24961566925048828	0.00026794755831360817	4
bacteria_1202|label=0	0.00025371459196321666	1.090302021111711e-06	0.4260650873184204	0.0736798495054245	2.507328815681831e-07	3
bacteria_1203|label=0	0.00012140434409957379	0.0004614777280949056	0.3519834578037262	0.137590229511261	0.009843389503657818	3
bacteria_1204|label=0	5.7750195992412046e-05	2.6682909037845093e-07	0.03309014067053795	0.46685144305229187	3.680131612782134e-07	4
bacteria_1205|label=0	0.0012067765928804874	5.2058867368032224e-06	0.008935258723795414	0.48984676599502563	6.0242891777306795e-06	4
bacteria_1206|label=0	0.00018081453163176775	6.6381321630615275e-06	0.3125929832458496	0.18187926709651947	0.005340330768376589	3
bacteria_1207|label=0	0.0015925179468467832	3.5204648156650364e-06	0.33842507004737854	0.15997780859470367	1.07757807654707e-06	3
bacteria_1208|label=0	2.6800007617566735e-05	1.040645656757988e-06	0.16678467392921448	0.33315354585647583	3.391795326024294e-05	4
bacteria_1209|label=0	0.017786448821425438	0.0004196250229142606	0.2498895674943924	0.23185518383979797	4.918086051475257e-05	3
bacteria_1210|label=0	0.0005742546636611223	0.00016669653996359557	0.11578264832496643	0.38345929980278015	1.7075170035241172e-05	4
bacteria_1211|label=0	0.0064843883737921715	0.00027502200100570917	0.16862498223781586	0.3246067762374878	8.834583240968641e-06	4
bacteria_1212|label=0	0.0004043212393298745	7.822841325832997e-06	0.025194434449076653	0.47436606884002686	2.7381742256693542e-05	4
bacteria_1213|label=0	0.002072104485705495	0.0003909298393409699	0.28169938921928406	0.2123696357011795	0.0034679498057812452	3
bacteria_1214|label=0	0.0013416520087048411	2.876473263313528e-05	0.15381163358688354	0.3448159098625183	2.0248062355676666e-06	4
bacteria_1215|label=0	0.0006767117301933467	1.032183899951633e-05	0.30645403265953064	0.19234277307987213	0.0005161783774383366	3
bacteria_1216|label=0	0.0007982797687873244	0.0008050968172028661	0.35650843381881714	0.1418677419424057	2.045637484116014e-05	3
bacteria_1217|label=0	0.0002289304684381932	2.819556902977638e-05	0.26924166083335876	0.2305009812116623	2.5333102371405403e-07	3
bacteria_1218|label=0	7.202240522019565e-05	8.816345507511869e-05	0.30889901518821716	0.1905113309621811	0.0004294641548767686	3
bacteria_1219|label=0	0.0003354110231157392	5.672200586559484e-06	0.2888297438621521	0.21082815527915955	9.967433243218693e-07	3
bacteria_1220|label=0	0.00010529224527999759	5.207658978179097e-05	0.03807426989078522	0.46176525950431824	3.079966063523898e-06	4
bacteria_1221|label=0	0.057550836354494095	0.0007811309187673032	0.17243146896362305	0.2692321538925171	4.390158665046329e-06	4
bacteria_1222|label=0	0.0012319915695115924	0.00020562518329825252	0.030670689418911934	0.4672500193119049	0.0006416717660613358	4
bacteria_1223|label=0	0.014061393216252327	0.00010942856897599995	0.3555089831352234	0.1283303052186966	0.001989872194826603	3
bacteria_1224|label=0	0.00039890059269964695	4.112775968678761e-06	0.430656373500824	0.0688234195113182	0.00011720325710484758	3
bacteria_1225|label=0	0.00023078054073266685	0.00024935745750553906	0.21976833045482635	0.27974867820739746	2.8465133254940156e-06	4
bacteria_1226|label=0	0.0018097824649885297	4.055121826240793e-05	0.0865274965763092	0.4116208851337433	1.2912086049254867e-06	4
bacteria_1227|label=0	0.34198853373527527	0.007168214302510023	0.0443306639790535	0.09132738411426544	0.015185164287686348	1
bacteria_1228|label=0	0.18020080029964447	0.11104724556207657	0.027678338810801506	0.04662726819515228	0.13444632291793823	1
bacteria_1229|label=0	0.00048578163841739297	0.00014344806550070643	0.2828345000743866	0.21510553359985352	0.001430719392374158	3
bacteria_1230|label=0	0.029619596898555756	0.0002436895592836663	0.2759333848953247	0.19366325438022614	0.0005400351947173476	3
bacteria_1231|label=0	0.00021779541566502303	6.307286781748189e-08	0.10107921063899994	0.39870205521583557	8.973233320830332e-07	4
bacteria_1232|label=0	0.0016193910269066691	2.4485652829753235e-05	0.08873888850212097	0.4095959961414337	2.1232237486401573e-05	4
bacteria_1233|label=0	0.007255683187395334	1.4935192666598596e-05	0.03184280917048454	0.46088650822639465	4.7907718681017286e-08	4
bacteria_1234|label=0	0.08583781868219376	5.3107054554857314e-05	0.23309917747974396	0.17878466844558716	0.002225214149802923	3
bacteria_1235|label=0	0.042358193546533585	8.166199222614523e-06	0.2499331384897232	0.20462574064731598	0.0030747472774237394	3
bacteria_1236|label=0	0.03665497526526451	0.005216552875936031	0.18871349096298218	0.2693991959095001	1.579055970069021e-05	4
bacteria_1237|label=0	4.1941511881304905e-05	9.959968338080216e-06	0.014470125548541546	0.4854765832424164	1.4159593320073327e-06	4
bacteria_1238|label=0	5.159049032954499e-05	1.5593985153827816e-05	0.3664914071559906	0.13335703313350677	8.438240911345929e-05	3
bacteria_1239|label=0	0.00017451368330512196	1.529782025500026e-06	0.463152140378952	0.03665110468864441	2.0741235857713036e-05	3
bacteria_1240|label=0	0.0019749789498746395	2.3677528133703163e-06	0.12569794058799744	0.3722851872444153	3.952431507059373e-05	4
bacteria_1241|label=0	0.006827778648585081	0.0003101056208834052	0.06454387307167053	0.42825382947921753	6.439202115871012e-05	4
bacteria_1242|label=0	0.00022746651666238904	4.455287580640288e-06	0.08142943680286407	0.41713833808898926	0.001200290396809578	4
bacteria_1243|label=0	0.0005272470880299807	2.432235532978666e-06	0.006111208815127611	0.4933528006076813	6.315390237432439e-06	4
bacteria_1244|label=0	0.0075116995722055435	2.5064942747121677e-05	0.05711764097213745	0.43527257442474365	7.299717981368303e-05	4
bacteria_1245|label=0	0.00012367256567813456	0.0013195797801017761	0.04757491126656532	0.4507693648338318	0.0002124923194060102	4
bacteria_1246|label=0	0.0025316181126981974	8.839892728929044e-08	0.042832132428884506	0.45463600754737854	1.428817881787836e-07	4
bacteria_1247|label=0	0.01313915103673935	7.17353373147489e-07	0.02630145661532879	0.46054941415786743	9.253371899831109e-06	4
bacteria_1248|label=0	6.941288302186877e-05	2.6548627829470206e-06	0.06352952122688293	0.4363802373409271	1.817967313400004e-05	4
bacteria_1249|label=0	0.005737505853176117	2.6287284526915755e-07	0.4098389446735382	0.08442086726427078	2.4319265321537387e-06	3
bacteria_1250|label=0	0.00036248695687390864	5.522223545995075e-06	0.1026894673705101	0.3710780143737793	0.02586453966796398	4
bacteria_1251|label=0	0.0017406740225851536	1.7089379980461672e-05	0.0325513519346714	0.46227002143859863	0.0034208912402391434	4
bacteria_1252|label=0	0.0005858102231286466	4.6522622142219916e-05	0.18010979890823364	0.31295356154441833	0.006304334849119186	4
bacteria_1253|label=0	0.009070130065083504	6.342258529912215e-06	0.0245457012206316	0.46636685729026794	1.0951877811749e-05	4
bacteria_1254|label=0	0.001205692533403635	3.2940899927780265e-06	0.0019532348960638046	0.49638038873672485	0.0004574076156131923	4
bacteria_1255|label=0	0.0016689818585291505	2.1500856746570207e-05	0.003222291124984622	0.47511330246925354	0.01997392065823078	4
bacteria_1256|label=0	0.2532390058040619	0.0001350180828012526	0.09560932219028473	0.14993207156658173	0.0010845523793250322	1
bacteria_1257|label=0	0.0012224612291902304	4.430556600709679e-06	0.15118847787380219	0.3474900722503662	9.453219536226243e-05	4
bacteria_1258|label=0	0.0019315792014822364	7.543014248767577e-07	0.006591544486582279	0.4908198416233063	0.0006562419002875686	4
bacteria_1259|label=0	0.021364258602261543	1.7294187273364514e-05	0.019050538539886475	0.4589337706565857	0.0006341259577311575	4
bacteria_1260|label=0	8.127070032060146e-05	1.457924099668162e-06	0.010102566331624985	0.48889756202697754	0.0009171927231363952	4
bacteria_1261|label=0	0.017059648409485817	3.754735871552839e-06	0.05789657682180405	0.4250340461730957	5.98313727095956e-06	4
bacteria_1262|label=0	8.896502549760044e-05	2.2869666338465322e-07	0.1473037749528885	0.3526070713996887	1.935488036508559e-08	4
bacteria_1263|label=0	0.079738087952137	0.00048112234799191356	0.11547409743070602	0.30313608050346375	0.001170614967122674	4
bacteria_1264|label=0	5.88462280575186e-05	7.0439150476886425e-06	0.46715933084487915	0.032772328704595566	2.441246806483832e-06	3
bacteria_1265|label=0	0.0001249316119356081	3.247748099965975e-05	0.2910086214542389	0.20860852301120758	0.00022546271793544292	3
bacteria_1266|label=0	0.007392251864075661	0.00047118388465605676	0.16465385258197784	0.32745033502578735	3.2358999305870384e-05	4
bacteria_1267|label=0	0.027313193306326866	0.0027912037912756205	0.34374314546585083	0.11579722911119461	0.010355239734053612	3
bacteria_1268|label=0	0.0005357061163522303	2.7312997190165333e-05	0.30543169379234314	0.18977123498916626	0.004234065767377615	3
bacteria_1269|label=0	0.001925403717905283	0.003630144288763404	0.30116817355155945	0.19229860603809357	0.0009776807855814695	3
bacteria_1270|label=0	0.00014229047519620508	2.849972986496141e-07	0.055070389062166214	0.44379866123199463	0.000988373882137239	4
bacteria_1271|label=0	0.013134469278156757	0.007534069009125233	0.3533027768135071	0.12509751319885254	0.0009311852045357227	3
bacteria_1272|label=0	0.0011151689104735851	1.5168037862167694e-05	0.20583154261112213	0.29300105571746826	3.707587529788725e-05	4
bacteria_1273|label=0	0.003638225607573986	0.0001477144396631047	0.11411511152982712	0.3820154666900635	8.348481060238555e-05	4
bacteria_1274|label=0	0.000438594986917451	5.968720870441757e-06	0.2252635657787323	0.27387601137161255	0.0004158525844104588	4
bacteria_1275|label=0	0.05043419077992439	0.23479808866977692	0.1924949437379837	0.021142976358532906	0.001129829790443182	2
bacteria_1276|label=0	0.01896996982395649	0.0005261852638795972	0.4194391369819641	0.060316018760204315	0.0007487378898076713	3
bacteria_1277|label=0	0.10555672645568848	0.36117538809776306	0.029602013528347015	0.0012223527301102877	0.0024435201194137335	2
bacteria_1278|label=0	0.02807694301009178	0.016267577186226845	0.305914044380188	0.14819642901420593	0.0015450400533154607	3
bacteria_1279|label=0	1.1006400200130884e-05	6.217866757651791e-05	0.4681672751903534	0.03085441328585148	0.0009051192901097238	3
bacteria_1280|label=0	0.009535369463264942	2.3888410396466497e-06	0.3551837205886841	0.13527609407901764	2.432755081827054e-06	3
bacteria_1281|label=0	0.041662659496068954	2.551504258008208e-05	0.09230778366327286	0.24269339442253113	0.12331065535545349	4
bacteria_1282|label=0	0.002331901341676712	0.00012789730681106448	0.3266758918762207	0.11719466000795364	0.05366963520646095	3
bacteria_1283|label=0	0.00010150124580832198	6.43183957436122e-05	0.4775099754333496	0.01569298282265663	0.006631206721067429	3
bacteria_1284|label=0	0.010830392129719257	0.002435158472508192	0.45459994673728943	0.024562763050198555	0.007571717724204063	3
bacteria_1285|label=0	0.006529861595481634	9.099799353862181e-05	0.3277406394481659	0.12814712524414062	0.03749136999249458	3
bacteria_1286|label=0	0.026429828256368637	0.0007455202285200357	0.21443787217140198	0.23674097657203674	0.021645769476890564	4
bacteria_1287|label=0	0.015365433879196644	3.8618232792941853e-05	0.2000149041414261	0.28436604142189026	0.0002150083309970796	4
bacteria_1288|label=0	0.008128749206662178	3.0000757760717534e-05	0.14640165865421295	0.3430772125720978	0.002362359082326293	4
bacteria_1289|label=0	0.023817148059606552	7.597490912303329e-05	0.26755785942077637	0.1666281521320343	0.041920896619558334	3
bacteria_1290|label=0	0.03380772843956947	0.00760540459305048	0.32420897483825684	0.13284745812416077	0.0015304544940590858	3
bacteria_1291|label=0	0.00903347134590149	0.00010910283162957057	0.4137401878833771	0.010092671029269695	0.06702453643083572	3
bacteria_1292|label=0	0.0016757497796788812	5.355256871553138e-05	0.25123798847198486	0.22432973980903625	0.02270296961069107	3
bacteria_1293|label=0	0.005964689422398806	0.009057102724909782	0.37592270970344543	0.08525878936052322	0.023796722292900085	3
bacteria_1294|label=0	0.0021531181409955025	0.0004591916804201901	0.46336597204208374	0.027376951649785042	0.006644824054092169	3
bacteria_1295|label=0	0.00015989757957868278	8.193249811938585e-08	0.48747554421424866	0.01115146279335022	0.0012130412505939603	3
bacteria_1296|label=0	0.0235354732722044	2.4998042135848664e-05	0.23052558302879333	0.2392449676990509	0.006669009570032358	4
bacteria_1297|label=0	0.00017785097588784993	9.859717465587892e-06	0.12509450316429138	0.37470895051956177	8.85978079168126e-06	4
bacteria_1298|label=0	0.000958491291385144	0.00039194521377794445	0.4422614276409149	0.05476738139986992	0.0016207617009058595	3
bacteria_1299|label=0	0.0002755800087470561	1.5020343198557384e-05	0.11741570383310318	0.34237682819366455	0.039916861802339554	4
bacteria_1300|label=0	0.00010970023140544072	0.0007712048245593905	0.33313000202178955	0.15779031813144684	0.008198787458240986	3
bacteria_1301|label=0	0.0021941501181572676	0.0008238235022872686	0.3020813465118408	0.18982622027397156	0.005074488930404186	3
bacteria_1302|label=0	0.0032075976487249136	6.194347224663943e-05	0.3587397336959839	0.13794103264808655	4.9680736992741004e-05	3
bacteria_1303|label=0	0.0007840014877729118	2.272017098903234e-07	0.004306277725845575	0.4947477877140045	0.00016171751485671848	4
bacteria_1304|label=0	0.0008742384961806238	6.642817606916651e-05	0.13882488012313843	0.36004096269607544	0.00019349150534253567	4
bacteria_1305|label=0	2.941268940048758e-05	0.0003766321751754731	0.16296005249023438	0.23968560993671417	0.0969482883810997	4
bacteria_1306|label=0	0.009615534916520119	0.00027363564004190266	0.043174564838409424	0.4469127058982849	2.3536609660368413e-05	4
bacteria_1307|label=0	0.07969340682029724	0.00021949372603558004	0.04673290252685547	0.37304097414016724	0.00031325826421380043	4
bacteria_1308|label=0	0.0055287848226726055	8.043160050874576e-06	0.17394167184829712	0.32014164328575134	0.0003798303660005331	4
bacteria_1309|label=0	0.00012874719686806202	1.2833657820010558e-05	0.44258078932762146	0.05566537752747536	0.0016122263623401523	3
bacteria_1310|label=0	0.0009178401669487357	8.958907642409031e-07	0.05951981991529465	0.43945929408073425	0.00010218132956651971	4
bacteria_1311|label=0	9.386458987137303e-05	5.952460924163461e-05	0.3943423628807068	0.10545311868190765	5.1082082791253924e-05	3
bacteria_1312|label=0	0.0005606516497209668	9.941782991518266e-06	0.46862679719924927	0.030795037746429443	7.5240004662191495e-06	3
bacteria_1313|label=0	0.004753373097628355	4.337682912591845e-05	0.28398188948631287	0.21045605838298798	0.0007653337670490146	3
bacteria_1314|label=0	0.018985914066433907	0.0005595166585408151	0.03136487305164337	0.44897741079330444	0.00011230982636334375	4
bacteria_1315|label=0	0.00031683521228842437	0.0003043508040718734	0.33129826188087463	0.16807718575000763	3.3708954561006976e-06	3
bacteria_1316|label=0	9.212227450916544e-05	9.531863724987488e-06	0.331573486328125	0.168324813246727	3.987026886420608e-08	3
bacteria_1317|label=0	0.005130939185619354	3.568799002096057e-05	0.040768805891275406	0.4540589451789856	5.618512659566477e-06	4
bacteria_1318|label=0	0.00038091556052677333	0.0017102638958021998	0.10062841325998306	0.39689040184020996	0.00038998626405373216	4
bacteria_1319|label=0	0.00011251057003391907	5.7767807447817177e-05	0.33772042393684387	0.1620531529188156	5.613944085780531e-05	3
bacteria_1320|label=0	4.7628695028834045e-05	2.0008244518976426e-06	0.4296940267086029	0.070183165371418	7.319189899135381e-05	3
bacteria_1321|label=0	0.0061150044202804565	4.7247118345694616e-05	0.06339173763990402	0.43039020895957947	5.582121593761258e-05	4
bacteria_1322|label=0	0.005390269681811333	1.642872484808322e-05	0.03227420896291733	0.46224796772003174	7.11464963387698e-05	4
bacteria_1323|label=0	0.00727279856801033	3.455910018601571e-06	0.09887146204710007	0.393789142370224	6.31206130492501e-05	4
bacteria_1324|label=0	0.002922549145296216	6.541602488141507e-05	0.09118600189685822	0.3366301655769348	0.06919585913419724	4
bacteria_1325|label=0	0.04474511370062828	5.821507875225507e-05	0.044872112572193146	0.19363772869110107	0.21668684482574463	5
bacteria_1326|label=0	0.00032553073833696544	2.4823229978210293e-05	0.009061344899237156	0.03613172098994255	0.4544565975666046	5
bacteria_1327|label=0	5.8397388784214854e-05	5.143975911892085e-09	0.0161320511251688	0.4838092625141144	3.1664805533182516e-07	4
bacteria_1328|label=0	0.00803287047892809	1.763428190315608e-05	0.1964874118566513	0.29531022906303406	0.00015183155483100563	4
bacteria_1329|label=0	0.00020509670139290392	6.607538693970127e-07	0.11862630397081375	0.3811502158641815	1.771978713804856e-05	4
bacteria_1330|label=0	0.14835479855537415	2.4050012143561617e-05	0.08481359481811523	0.2643209397792816	0.0024866173043847084	4
bacteria_1331|label=0	0.0008500947733409703	4.8105488531291485e-05	0.14627419412136078	0.35251399874687195	0.00031355617102235556	4
bacteria_1332|label=0	0.0028958371840417385	0.0003465519694145769	0.1073957085609436	0.3797760605812073	0.009585841558873653	4
bacteria_1333|label=0	0.0007829179521650076	1.4114585837887716e-06	0.2992023527622223	0.1998491734266281	0.00016410851094406098	3
bacteria_1334|label=0	1.9552786397980526e-05	1.811278934837901e-06	0.292770653963089	0.2072029709815979	4.990267825633055e-06	3
bacteria_1335|label=0	1.9067290850216523e-05	0.00020022496755700558	0.0760207548737526	0.4237540364265442	5.905510079173837e-06	4
bacteria_1336|label=0	0.0006034514517523348	6.871330697322264e-05	0.2717963457107544	0.2274387776851654	9.271170711144805e-05	3
bacteria_1337|label=0	0.00016046944074332714	1.4358544831338804e-05	0.1089438796043396	0.3907683491706848	0.00011293245916021988	4
bacteria_1338|label=0	0.002548848045989871	0.0004065468383487314	0.21916358172893524	0.2670656740665436	0.010815354995429516	4
bacteria_1339|label=0	2.8389793442329392e-05	2.377701093791984e-06	0.47770485281944275	0.021444113925099373	0.0008202686440199614	3
bacteria_1340|label=0	0.0005165705224499106	0.006701224017888308	0.36010488867759705	0.07225462794303894	0.06042269617319107	3
bacteria_1341|label=0	0.12634161114692688	4.832061313209124e-05	0.2367716133594513	0.1292109489440918	0.007627498358488083	3
bacteria_1342|label=0	0.001091989572159946	9.00606482900912e-06	0.22075992822647095	0.27813777327537537	1.2998755209991941e-06	4
bacteria_1343|label=0	0.004452274180948734	0.01812996342778206	0.07200618833303452	0.40541067719459534	8.932913146963983e-07	4
bacteria_1344|label=0	0.004926864057779312	0.00017319851031061262	0.24025186896324158	0.25464531779289246	2.773407231870806e-06	4
bacteria_1345|label=0	0.002725820289924741	4.111116868443787e-05	0.0734286978840828	0.42378538846969604	1.8998582163476385e-05	4
bacteria_1346|label=0	0.0032778324093669653	0.0002840112429112196	0.039636142551898956	0.45620375871658325	0.0005982501315884292	4
bacteria_1347|label=0	6.920310988789424e-05	1.0477647265361156e-06	0.1503940373659134	0.3495350182056427	6.865303703307291e-07	4
bacteria_1348|label=0	0.02958553656935692	2.4600727556389757e-05	0.16746295988559723	0.30111393332481384	0.001812928938306868	4
bacteria_1349|label=0	0.03402557596564293	0.00045617620344273746	0.034630708396434784	0.43084993958473206	3.760943945962936e-05	4
bacteria_1350|label=0	1.1377778719179332e-05	0.0001356416178168729	0.2206716537475586	0.27916228771209717	1.9084163795923814e-05	4
bacteria_1351|label=0	0.0009358590468764305	0.0007542282692156732	0.21593937277793884	0.21939492225646973	0.06297558546066284	4
bacteria_1352|label=0	0.008824572898447514	9.370945917908102e-06	0.003428975585848093	0.48772212862968445	1.4960910448280629e-05	4
bacteria_1353|label=0	0.004185374826192856	3.358536559971981e-05	0.17145764827728271	0.3241828382015228	0.0001405933580826968	4
bacteria_1354|label=0	0.004668678157031536	0.0008563831797800958	0.1849299669265747	0.30620846152305603	0.003336514113470912	4
bacteria_1355|label=0	1.5161857845669147e-05	9.593923095962964e-06	0.17669306695461273	0.3232436180114746	3.856930561596528e-05	4
bacteria_1356|label=0	0.00770488940179348	3.8593805129494285e-07	0.19224275648593903	0.30003622174263	1.577470902702771e-05	4
bacteria_1357|label=0	1.4743472092959564e-05	8.43610621359403e-07	0.2699483633041382	0.22988100349903107	0.0001550740998936817	3
bacteria_1358|label=0	0.00043440653826110065	1.812480832086294e-06	0.33621636033058167	0.1633094847202301	3.7960555346217006e-05	3
bacteria_1359|label=0	0.015131541527807713	1.5511572200921364e-05	0.3256928324699402	0.15915943682193756	6.700817039018148e-07	3
bacteria_1360|label=0	2.6686651835916564e-05	1.6776630218373612e-06	0.25463199615478516	0.24533945322036743	1.7006591690460482e-07	3
bacteria_1361|label=0	0.00038957042852416635	6.0399820540624205e-06	0.4601841866970062	0.038207538425922394	0.0012126520741730928	3
bacteria_1362|label=0	0.028016479685902596	0.0005544372834265232	0.17174318432807922	0.2989138662815094	0.000772054132539779	4
bacteria_1363|label=0	5.675677130057011e-06	7.625450137993539e-08	0.007156145293265581	0.4928380846977234	2.5217076426997664e-08	4
bacteria_1364|label=0	0.016794798895716667	8.364683594663802e-07	0.16041849553585052	0.321769118309021	0.001016753725707531	4
bacteria_1365|label=0	0.008586293086409569	9.483226790507615e-07	0.2852939963340759	0.20611004531383514	8.752273060963489e-06	3
bacteria_1366|label=0	0.0004196316294837743	5.508493632078171e-05	0.2903439998626709	0.1591423749923706	0.05003897845745087	3
bacteria_1367|label=0	0.008498676121234894	0.0010336232371628284	0.1661970019340515	0.315598726272583	0.008671948686242104	4
bacteria_1368|label=0	0.00013597610814031214	2.4884535378078e-05	0.04210073873400688	0.4577285945415497	9.804331966734026e-06	4
bacteria_1369|label=0	0.00024097228015307337	1.1123465810669586e-06	0.12494521588087082	0.37476834654808044	4.432984860613942e-05	4
bacteria_1370|label=0	0.00011722359340637922	4.8116358811967075e-05	0.02907506935298443	0.47074198722839355	1.7645197658566758e-05	4
bacteria_1371|label=0	0.0009317896910943091	1.161577188213414e-06	0.09956661611795425	0.39949870109558105	1.7105567167163827e-06	4
bacteria_1372|label=0	0.02605743706226349	6.861378551548114e-06	0.027874339371919632	0.44606122374534607	1.2975375796031585e-07	4
bacteria_1373|label=0	0.006338127423077822	0.00014442998508457094	0.04906410351395607	0.4444497525691986	3.5400519209360937e-06	4
bacteria_1374|label=0	1.1758999789890368e-05	9.062021490535699e-06	0.2109336107969284	0.28903907537460327	6.521498107758816e-06	4
bacteria_1375|label=0	0.0005855626077391207	0.00010219198156846687	0.3722849190235138	0.1269802749156952	4.703927334048785e-05	3
bacteria_1376|label=0	0.022016683593392372	0.002777666551992297	0.16575287282466888	0.3085139989852905	0.0009387758909724653	4
bacteria_1377|label=0	0.0006996850133873522	2.7620144464890473e-06	0.15957562625408173	0.3396078050136566	0.00011413561151130125	4
bacteria_1378|label=0	0.20707713067531586	5.148588752490468e-05	0.018970098346471786	0.2736946642398834	0.0002066303277388215	4
bacteria_1379|label=0	0.005966814700514078	0.00014548753097187728	0.0031719340477138758	0.046135902404785156	0.4445798397064209	5
bacteria_1380|label=0	0.0013841973850503564	2.8873303108412074e-06	0.25487250089645386	0.24370065331459045	3.9772963646100834e-05	3
bacteria_1381|label=0	0.04154561460018158	1.2856006833317224e-05	0.10132507979869843	0.3570694625377655	4.7007608372950926e-05	4
bacteria_1382|label=0	0.0037497857119888067	0.0001226654858328402	0.1424105018377304	0.3535503149032593	0.00016672398487571627	4
bacteria_1383|label=0	2.5815575099841226e-06	1.6662137625189644e-07	0.43449774384498596	0.06549733877182007	2.1656414901372045e-06	3
bacteria_1384|label=0	0.46094849705696106	8.900197826733347e-06	0.005764169618487358	0.03324960544705391	2.879588646464981e-05	1
bacteria_1385|label=0	5.8951274695573375e-05	0.0004279614076949656	0.20641863346099854	0.262522429227829	0.03057200275361538	4
bacteria_1386|label=0	6.491894600912929e-05	3.053587715839967e-05	0.14876440167427063	0.3511338233947754	6.312453479040414e-06	4
bacteria_1387|label=0	0.22843366861343384	0.0035743138287216425	0.10517963767051697	0.13293109834194183	0.02988130785524845	1
bacteria_1388|label=0	0.0051846252754330635	0.0005467956070788205	0.045917313545942307	0.05027681961655617	0.3980744183063507	5
bacteria_1389|label=0	6.34849930065684e-05	5.938034883001819e-05	0.2648695707321167	0.23499007523059845	1.752060416038148e-05	3
bacteria_1390|label=0	0.00419417442753911	0.055833425372838974	0.07045470923185349	0.36934229731559753	0.00017538186511956155	4
bacteria_1391|label=0	0.0028978795744478703	0.004515797831118107	0.27329009771347046	0.19195273518562317	0.0273435041308403	3
bacteria_1392|label=0	0.02080688066780567	0.0017444840632379055	0.27031007409095764	0.10722041130065918	0.09991814196109772	3
bacteria_1393|label=0	0.00021009623014833778	8.333628647960722e-05	0.425519198179245	0.07412846386432648	5.888786108698696e-05	3
bacteria_1394|label=0	0.0007016502204351127	0.00012463584425859153	0.4411749541759491	0.05799790471792221	8.910184305932489e-07	3
bacteria_1395|label=0	0.03432011604309082	0.0005574985407292843	0.15268965065479279	0.26204171776771545	0.050391022115945816	4
bacteria_1396|label=0	0.010043298825621605	2.5893430574797094e-05	0.40162134170532227	0.08830033987760544	9.116011824517045e-06	3
bacteria_1397|label=0	6.538309389725327e-05	2.797221895889379e-06	0.012303309515118599	0.4868345260620117	0.000794005929492414	4
bacteria_1398|label=0	0.02989245392382145	0.0014915764331817627	0.018569286912679672	0.08444670587778091	0.36559996008872986	5
bacteria_1399|label=0	0.1481887549161911	0.00015851663192734122	0.15842962265014648	0.18422085046768188	0.00900224968791008	4
bacteria_1400|label=0	0.00010236819070996717	1.670886922511272e-05	0.2957358956336975	0.2011381834745407	0.0030068482737988234	3
bacteria_1401|label=0	0.017521699890494347	3.336189820402069e-06	0.16996872425079346	0.31249892711639404	7.3389910539845005e-06	4
bacteria_1402|label=0	0.0018694972386583686	2.452054832247086e-05	0.19183267652988434	0.3062562048435211	1.711862387310248e-05	4
bacteria_1403|label=0	0.004144042730331421	0.000591454328969121	0.19172996282577515	0.30349811911582947	3.638331691036001e-05	4
bacteria_1404|label=0	0.004143598023802042	0.00013484351802617311	0.15685810148715973	0.338845819234848	1.761688145052176e-05	4
bacteria_1405|label=0	0.01485053263604641	0.00018253701273351908	0.21593882143497467	0.2690224349498749	5.676417913491605e-06	4
bacteria_1406|label=0	0.0415065623819828	0.0014193757670000196	0.08934330940246582	0.3675376772880554	0.00019306426111143082	4
bacteria_1407|label=0	0.00048720338963903487	6.576021860382752e-07	0.3317314386367798	0.16778059303760529	8.411658569684732e-08	3
bacteria_1408|label=0	9.80390832410194e-05	5.879818490939215e-05	0.3319944143295288	0.16708487272262573	0.0007638157694600523	3
bacteria_1409|label=0	9.208294795826077e-05	6.025128982400929e-07	0.033482667058706284	0.4664245843887329	8.254863814727287e-08	4
bacteria_1410|label=0	0.0008964110747911036	9.868193046713714e-06	0.14353615045547485	0.355556845664978	7.394999670395919e-07	4
bacteria_1411|label=0	0.00031768265762366354	0.0003728641022462398	0.4508591592311859	0.04481024667620659	0.0036400463432073593	3
bacteria_1412|label=0	0.0005888203741051257	2.829045115504414e-06	0.0170880239456892	0.11398571729660034	0.3683345913887024	5
bacteria_1413|label=0	0.0007270933710969985	1.6620379028609022e-07	0.006718646269291639	0.05247453600168228	0.44007954001426697	5
bacteria_1414|label=0	0.0014994408702477813	3.097342778346501e-05	0.0712597519159317	0.42713916301727295	7.066135003697127e-05	4
bacteria_1415|label=0	0.007475291378796101	3.6687522424472263e-06	0.025564251467585564	0.4669489562511444	7.858232493163086e-06	4
bacteria_1416|label=0	9.732403850648552e-05	2.5895947608489678e-09	0.021094512194395065	0.47862082719802856	0.00018737876962404698	4
bacteria_1417|label=0	0.0006095623830333352	1.3410243582256953e-06	0.010356815531849861	0.4886995553970337	0.00033272948348894715	4
bacteria_1418|label=0	0.002758178161457181	0.005664065480232239	0.001094126608222723	0.49033764004707336	0.00014604291936848313	4
bacteria_1419|label=0	0.0008208319777622819	4.343244290794246e-05	0.03385250270366669	0.2800740599632263	0.18520916998386383	4
bacteria_1420|label=0	2.3219882905323175e-07	4.067568781795927e-10	0.0004255795502103865	0.4995732307434082	9.357193562209432e-07	4
bacteria_1421|label=0	0.0012140838662162423	0.0019213196355849504	0.0714462623000145	0.42540574073791504	1.2601511116372421e-05	4
bacteria_1422|label=0	0.0004264926537871361	1.7053718693205155e-05	0.020844390615820885	0.47871100902557373	1.0678649005058105e-06	4
bacteria_1423|label=0	0.02070959284901619	0.002243766328319907	0.19716359674930573	0.2742035984992981	0.005679403897374868	4
bacteria_1424|label=0	0.00012519610754679888	0.0004849456308875233	0.15763646364212036	0.11643856763839722	0.22531485557556152	5
bacteria_1425|label=0	0.0003689922159537673	1.221289949171478e-05	0.3847586214542389	0.11450529843568802	0.00035485177068039775	3
bacteria_1426|label=0	1.491961484134663e-06	5.594311573986488e-07	0.020712561905384064	0.47928377985954285	1.6181287492145202e-06	4
bacteria_1427|label=0	0.000319513026624918	4.442526915227063e-07	0.04294068366289139	0.45673733949661255	2.00179010789725e-06	4
bacteria_1428|label=0	0.0812390074133873	1.4356621704791905e-06	0.3205917179584503	0.09803656488656998	0.00013127521378919482	3
bacteria_1429|label=0	0.006526022683829069	0.0013075241586193442	0.02628273516893387	0.45698776841163635	0.008895953185856342	4
bacteria_1430|label=0	0.00013697557733394206	5.284156031848397e-06	0.018484586849808693	0.027943100780248642	0.45343002676963806	5
bacteria_1431|label=0	0.00010735122486948967	4.080509370396612e-06	0.3456229567527771	0.1542646884918213	9.168140309157025e-07	3
bacteria_1432|label=0	5.5583885114174336e-05	0.00022141530644148588	0.016352085396647453	0.4819403290748596	0.0014306169468909502	4
bacteria_1433|label=0	0.14249742031097412	0.0003377689281478524	0.004396695643663406	0.35266539454460144	0.00010272141662426293	4
bacteria_1434|label=0	0.0004240276466589421	3.8629440268778126e-07	0.04603608697652817	0.45353952050209045	1.0188281329703841e-08	4
bacteria_1435|label=0	0.009324437938630581	2.6477387109480333e-06	0.23745299875736237	0.2532193958759308	4.890197828899545e-07	4
bacteria_1436|label=0	0.0004852089914493263	2.611315176181961e-05	0.21444888412952423	0.28502675890922546	1.3048404071014374e-05	4
bacteria_1437|label=0	0.004273966420441866	1.5483759625567473e-06	0.18591594696044922	0.30980610847473145	2.417377345409477e-06	4
bacteria_1438|label=0	0.0029295580461621284	1.8458894146533567e-07	0.2946796417236328	0.20238913595676422	1.4863708202028647e-06	3
bacteria_1439|label=0	0.01156266313046217	4.787697616848163e-05	0.38881823420524597	0.0995708703994751	3.64236797167905e-07	3
bacteria_1440|label=0	0.0006439251592382789	2.3238220819621347e-05	0.19924408197402954	0.30005893111228943	2.9787745006615296e-05	4
bacteria_1441|label=0	0.02101380191743374	1.2016365872113965e-05	0.21508365869522095	0.2638677954673767	2.27260279643815e-05	4
bacteria_1442|label=0	0.0002777520858217031	2.1571920569840586e-06	0.014290851540863514	0.4854268431663513	2.3651371066080173e-06	4
bacteria_1443|label=0	0.0010911012068390846	0.00029845908284187317	0.11190025508403778	0.38527366518974304	0.001436525140888989	4
bacteria_1444|label=0	0.0003271612513344735	1.721963781164959e-05	0.3832506835460663	0.11639824509620667	6.686212600470753e-06	3
bacteria_1445|label=0	0.0005893268971703947	0.018978260457515717	0.1700594276189804	0.3102990388870239	7.39755923859775e-05	4
bacteria_1446|label=0	0.00017393504094798118	8.687425747666566e-07	0.19265422224998474	0.3071683943271637	2.5690183065307792e-06	4
bacteria_1447|label=0	0.0001560775563120842	0.00041375058935955167	0.04471670836210251	0.4546755850315094	3.787189052673057e-05	4
bacteria_1448|label=0	0.0023074408527463675	0.0004993118345737457	0.3310258090496063	0.1661672294139862	1.920236485375426e-07	3
bacteria_1449|label=0	0.0008067183662205935	1.112513473344734e-05	0.12818630039691925	0.37096452713012695	3.1349121854873374e-05	4
bacteria_1450|label=0	0.002409097272902727	0.0007671717321500182	0.3865818679332733	0.10692989081144333	0.0033119763247668743	3
bacteria_1451|label=0	7.002075290074572e-05	1.833401620388031e-05	0.30646511912345886	0.19332276284694672	0.00012375821825116873	3
bacteria_1452|label=0	0.007354366593062878	7.927569095045328e-05	0.0694846361875534	0.40593528747558594	0.01714641973376274	4
bacteria_1453|label=0	0.0038701172452419996	3.256859054090455e-05	0.18638744950294495	0.3096802830696106	2.9559731046902016e-05	4
bacteria_1454|label=0	0.00020434492034837604	0.0006190061685629189	0.20607146620750427	0.2832961976528168	0.009808993898332119	4
bacteria_1455|label=0	9.708477591630071e-05	1.3854871667717816e-06	0.1758938431739807	0.32400673627853394	9.198911925523134e-07	4
bacteria_1456|label=0	0.006424237508326769	4.1920222429325804e-05	0.07655396312475204	0.41694918274879456	3.0709936254424974e-05	4
bacteria_1457|label=0	0.04463615640997887	0.00020198147103656083	0.19390879571437836	0.25042739510536194	0.010825661942362785	4
bacteria_1458|label=0	0.0005798051133751869	1.2470835599742713e-06	0.0160962101072073	0.48331108689308167	1.1642897334240843e-05	4
bacteria_1459|label=0	0.0006173497531563044	6.22142124484526e-07	0.042641326785087585	0.454207181930542	0.002533555030822754	4
bacteria_1460|label=0	0.0012370123295113444	9.945674719347153e-07	0.014546210877597332	0.4842113256454468	4.434310994838597e-06	4
bacteria_1461|label=0	6.58927601762116e-05	6.205507929735177e-07	0.04445543885231018	0.45547229051589966	5.73180795981898e-06	4
bacteria_1462|label=0	0.0008674492710269988	4.3162413930986077e-05	0.10290597379207611	0.307479590177536	0.08870383352041245	4
bacteria_1463|label=0	0.0206063874065876	1.2160011237938306e-06	0.0013913735747337341	0.46751996874809265	0.010481012053787708	4
bacteria_1464|label=0	0.002571575343608856	6.75572619002196e-06	0.12209765613079071	0.3746471107006073	0.0006768969469703734	4
bacteria_1465|label=0	0.003493186319246888	3.009247393492842e-07	0.012568498961627483	0.36826255917549133	0.11567546427249908	4
bacteria_1466|label=0	0.02874676324427128	6.711514288326725e-06	0.005006309598684311	0.46358636021614075	0.0026538632810115814	4
bacteria_1467|label=0	0.02841268852353096	0.0011234068078920245	0.004035063087940216	0.46424293518066406	0.0021858958061784506	4
bacteria_1468|label=0	0.000611142604611814	1.6320292388627422e-06	0.04692414775490761	0.45236700773239136	9.606318053556606e-05	4
bacteria_1469|label=0	0.0007861102931201458	0.0004127458087168634	0.13437093794345856	0.3398898243904114	0.024540407583117485	4
bacteria_1470|label=0	0.0010519776260480285	3.102391232800983e-08	0.0002957777469418943	0.49863022565841675	2.1983341866871342e-05	4
bacteria_1471|label=0	0.0008964893058873713	0.0007381887407973409	0.19258171319961548	0.3057728409767151	1.074900046660332e-05	4
bacteria_1472|label=0	0.0006440801080316305	0.0001057460394804366	0.40655285120010376	0.09258797764778137	0.00010934840247500688	3
bacteria_1473|label=0	0.003886185586452484	4.349530229319498e-07	0.011582775972783566	0.4843496084213257	0.0001809553214116022	4
bacteria_1474|label=0	0.1569596529006958	1.3138633221387863e-06	0.0012398577528074384	0.34085118770599365	0.0009480063454248011	4
bacteria_1475|label=0	0.012060715816915035	0.00022820934827905148	0.035350251942873	0.452301025390625	5.9819485613843426e-05	4
bacteria_1476|label=0	9.412632061867043e-05	3.429437128943391e-06	0.39738357067108154	0.10247036814689636	4.849256947636604e-05	3
bacteria_1477|label=0	0.050507932901382446	0.000715517729986459	0.23436661064624786	0.21439382433891296	1.612354753888212e-05	3
bacteria_1478|label=0	0.054163023829460144	0.0025256250519305468	0.23698249459266663	0.20497047901153564	0.0013584207044914365	3
bacteria_1479|label=0	0.0008052578195929527	0.00023121386766433716	0.3717636168003082	0.12592241168022156	0.0012775200884789228	3
bacteria_1480|label=0	0.00033939923741854727	1.7702254808682483e-06	0.12905345857143402	0.37060362100601196	1.7298070815741085e-06	4
bacteria_1481|label=0	0.0015078129945322871	7.135059422580525e-05	0.26374107599258423	0.23467977344989777	1.4853234198142218e-08	3
bacteria_1482|label=0	2.207488432759419e-05	4.516535909715458e-07	0.45864149928092957	0.04133600741624832	2.7896325249798792e-09	3
bacteria_1483|label=0	0.004495865199714899	1.0607018339214846e-05	0.02174144610762596	0.4737507104873657	1.3792406434731674e-06	4
bacteria_1484|label=0	0.009945020079612732	1.3189101082389243e-05	0.218470960855484	0.2715701162815094	7.134191264412948e-07	4
bacteria_1485|label=0	0.005344823002815247	0.0025336763355880976	0.11087550222873688	0.3801952004432678	0.0010508036939427257	4
bacteria_1486|label=0	0.0007525156252086163	4.105343032279052e-05	0.11320176720619202	0.3333599865436554	0.05264468863606453	4
bacteria_1487|label=0	0.07833755761384964	5.072780368209351e-06	0.20355430245399475	0.21810218691825867	9.04822513803083e-07	4
bacteria_1488|label=0	0.0002342138031963259	1.09539814729942e-06	0.23553194105625153	0.2642279863357544	4.749002982862294e-06	4
bacteria_1489|label=0	0.0008214387344196439	6.476037469838047e-06	0.095407634973526	0.4037335216999054	3.092578117502853e-05	4
bacteria_1490|label=0	7.715846732025966e-05	2.5351646399940364e-06	0.2531624436378479	0.24673545360565186	2.2422913389164023e-05	3
bacteria_1491|label=0	0.0006193440058268607	1.348194814454473e-06	0.0023007646668702364	0.49707847833633423	5.104967826241591e-08	4
bacteria_1492|label=0	0.0003309613966848701	1.110078301280737e-05	0.02368548884987831	0.47595879435539246	1.3648298590851482e-05	4
bacteria_1493|label=0	0.019106550142169	0.012088005430996418	0.09233994781970978	0.37624239921569824	0.00022309774067252874	4
bacteria_1494|label=0	0.00016697924002073705	7.758068386465311e-05	0.17691847681999207	0.32177916169166565	0.0010578398359939456	4
bacteria_1495|label=0	0.001259825425222516	0.00010685632878448814	0.3001512289047241	0.198445126414299	3.6971021472709253e-05	3
bacteria_1496|label=0	0.00840451754629612	0.00013960909564048052	0.29122644662857056	0.20022086799144745	8.546197932446375e-06	3
bacteria_1497|label=0	5.287515705276746e-07	7.582382011150912e-08	0.05413489788770676	0.4457561671733856	0.00010827417281689122	4
bacteria_1498|label=0	0.0012563904747366905	8.888443517207634e-06	0.22843338549137115	0.2702970802783966	4.233244453644147e-06	4
bacteria_1499|label=0	0.00203020335175097	3.961561742471531e-05	0.23857611417770386	0.25935009121894836	3.945287062379066e-06	4
bacteria_1500|label=0	2.1649970221915282e-05	0.00013990854495204985	0.22201848030090332	0.27781251072883606	7.454451861121925e-06	4
bacteria_1501|label=0	0.00011787086259573698	2.371752452745568e-05	0.3132227957248688	0.18663537502288818	2.1380681403115886e-07	3
bacteria_1502|label=0	0.0001626462471904233	2.6509937924856786e-06	0.47637394070625305	0.023460201919078827	5.223901098361239e-07	3
bacteria_1503|label=0	9.687443525763229e-05	7.425279818562558e-06	0.27077245712280273	0.22912289202213287	3.343873515859741e-07	3
bacteria_1504|label=0	5.1022838306380436e-05	5.5625405366299674e-05	0.3365717828273773	0.16330745816230774	1.4140898201731034e-05	3
bacteria_1505|label=0	0.011200683191418648	0.00041701120790094137	0.2424270659685135	0.23684436082839966	0.009110881946980953	3
bacteria_1506|label=0	3.0255390811362304e-05	0.00013881914492230862	0.32935482263565063	0.1704692393541336	6.877195573906647e-06	3
bacteria_1507|label=0	0.043964602053165436	0.0002799779176712036	0.05470667779445648	0.3873703181743622	0.013678411021828651	4
bacteria_1508|label=0	0.030019624158740044	5.2598143156501465e-06	0.16304998099803925	0.28979793190956116	0.017127200961112976	4
bacteria_1509|label=0	0.0024678411427885294	0.001642364775761962	0.03583747148513794	0.4523903429508209	0.007661963813006878	4
bacteria_1510|label=0	0.0003543458878993988	1.3043472790741362e-05	0.25694915652275085	0.23917070031166077	0.0035127399023622274	3
bacteria_1511|label=0	9.219040657626465e-05	4.764539880852681e-06	0.09232133626937866	0.40757495164871216	6.748613031959394e-06	4
bacteria_1512|label=0	0.0009944022167474031	4.084125248482451e-05	0.10113433003425598	0.3978233337402344	7.05174716131296e-06	4
bacteria_1513|label=0	0.0021739620715379715	6.301137182163075e-05	0.31920039653778076	0.17842629551887512	0.0001363523188047111	3
bacteria_1514|label=0	0.002076168544590473	0.0010747861815616488	0.24449869990348816	0.2515122592449188	0.0008380627841688693	4
bacteria_1515|label=0	0.012622601352632046	0.0009240249055437744	0.2068173885345459	0.27957114577293396	6.48598070256412e-05	4
bacteria_1516|label=0	9.119265450863168e-05	8.514884939359035e-06	0.3413742482662201	0.15846392512321472	6.214535824256018e-05	3
bacteria_1517|label=0	0.003887286176905036	0.13847458362579346	0.1591826230287552	0.19593891501426697	0.0025166275445371866	4
bacteria_1518|label=0	0.0002526547759771347	0.0001565342245157808	0.17167535424232483	0.3279094994068146	5.978570243314607e-06	4
bacteria_1519|label=0	0.0003091282560490072	2.542477704992052e-05	0.06911680102348328	0.43054354190826416	5.076490197097883e-06	4
bacteria_1520|label=0	0.0005040083196945488	0.00013331878290046006	0.21230477094650269	0.28690075874328613	0.0001571638131281361	4
bacteria_1521|label=0	0.00043611752334982157	1.2365916290946188e-06	0.20994149148464203	0.289615273475647	5.862857506144792e-06	4
bacteria_1522|label=0	5.038478320784634e-06	5.88768534726114e-06	0.24486128985881805	0.2549501955509186	0.00017759182082954794	4
bacteria_1523|label=0	0.016578704118728638	0.0007680178387090564	0.21485501527786255	0.2670419216156006	0.0007563135004602373	4
bacteria_1524|label=0	2.5153038222924806e-05	1.7787702972782427e-06	0.24502260982990265	0.2549503743648529	8.18775234279201e-08	4
bacteria_1525|label=0	8.715337025932968e-05	2.625496790642501e-06	0.22818689048290253	0.2716904878616333	3.2876207114895806e-05	4
bacteria_1526|label=0	0.00177155586425215	1.4732985619048122e-05	0.09069008380174637	0.4075068235397339	1.682728179730475e-05	4
bacteria_1527|label=0	0.005318203940987587	8.408507710555568e-05	0.4034308195114136	0.09116045385599136	6.427751941373572e-06	3
bacteria_1528|label=0	3.14700482704211e-05	1.3770041732641403e-05	0.1324252188205719	0.36750420928001404	2.5315272068837658e-05	4
bacteria_1529|label=0	0.0009281159727834165	1.7910498399942298e-06	0.06310207396745682	0.4353123903274536	0.0006556045264005661	4
bacteria_1530|label=0	1.6867898011696525e-05	3.57857686594798e-07	0.22828297317028046	0.27169784903526306	1.9354388314241078e-06	4
bacteria_1531|label=0	5.55839178559836e-05	3.5025107081310125e-06	0.3424367606639862	0.15749196708202362	1.2188608707219828e-05	3
bacteria_1532|label=0	0.0122352484613657	6.585403752978891e-05	0.4403776228427887	0.04713144153356552	0.00018985271162819117	3
bacteria_1533|label=0	8.78953214851208e-05	2.2121983420220204e-05	0.36284705996513367	0.13701346516609192	2.949877489299979e-05	3
bacteria_1534|label=0	0.00033769235596992075	6.60825680824928e-05	0.1742628663778305	0.3248812258243561	0.0004521616792771965	4
bacteria_1535|label=0	0.037869565188884735	0.002810382517054677	0.315380722284317	0.14280545711517334	0.0011338685872033238	3
bacteria_1536|label=0	0.0001847504754550755	1.3412603721008054e-06	0.13092611730098724	0.36888641119003296	1.422730974809383e-06	4
bacteria_1537|label=0	0.01571611873805523	7.485038076993078e-05	0.1083449274301529	0.37571725249290466	0.0001468819536967203	4
bacteria_1538|label=0	0.3554089367389679	0.006631587632000446	0.03249617666006088	0.10545257478952408	1.0738301170931663e-05	1
bacteria_1539|label=0	0.00039712368743494153	0.000543844944331795	0.05865968018770218	0.4403475224971771	5.182172026252374e-05	4
bacteria_1540|label=0	0.0006383539293892682	0.0026024552062153816	0.2991347014904022	0.19754420220851898	8.030415483517572e-05	3
bacteria_1541|label=0	0.006592187564820051	0.0003875622933264822	0.14278250932693481	0.35022005438804626	1.7692129404167645e-05	4
bacteria_1542|label=0	0.001421368564479053	1.613287895452231e-05	0.062487877905368805	0.15439938008785248	0.28167521953582764	5
bacteria_1543|label=0	0.0011982917785644531	1.8802767272063647e-06	0.3823593556880951	0.0885474905371666	0.027892982587218285	3
bacteria_1544|label=0	0.016514679417014122	0.06007510796189308	0.15657760202884674	0.2667732238769531	5.936354864388704e-05	4
bacteria_1545|label=0	0.006705599837005138	0.0007848870009183884	0.17749109864234924	0.31499579548835754	2.2658690795651637e-05	4
bacteria_1546|label=0	0.0008801070507615805	3.8695248804287985e-05	0.40592479705810547	0.09314519912004471	1.1222503417229746e-05	3
bacteria_1547|label=0	0.00018766647554002702	8.033846825128421e-06	0.23270073533058167	0.26707136631011963	3.2200732675846666e-05	4
bacteria_1548|label=0	0.005440038628876209	1.2779945791407954e-05	0.19106964766979218	0.30340638756752014	7.114892650861293e-05	4
bacteria_1549|label=0	0.004398971796035767	4.148203879594803e-05	0.049795303493738174	0.445712685585022	5.1551283831940964e-05	4
bacteria_1550|label=0	0.3735261857509613	0.002636414021253586	0.032933685928583145	0.09085272997617722	5.096506720292382e-05	1
bacteria_1551|label=0	0.00026621780125424266	1.7597071746422444e-06	0.2971072793006897	0.20262102782726288	3.7063268791825976e-06	3
bacteria_1552|label=0	0.0002726212260313332	4.168519353697775e-06	0.23712001740932465	0.26249077916145325	0.00011241273023188114	4
bacteria_1553|label=0	0.00010175986244576052	2.8845515771536157e-06	0.2447659969329834	0.2551097273826599	1.9603150576585904e-05	4
bacteria_1554|label=0	0.007656698115170002	2.1846646632184274e-05	0.06208827719092369	0.4301772117614746	5.596053961198777e-05	4
bacteria_1555|label=0	0.03177362307906151	6.973019480938092e-05	0.012001167051494122	0.45544692873954773	0.0007086014957167208	4
bacteria_1556|label=0	2.8549940907396376e-05	8.531927596777678e-05	0.14842471480369568	0.3513032793998718	0.00015813004574738443	4
bacteria_1557|label=0	0.03195108473300934	0.2287689745426178	0.01054843608289957	0.22869020700454712	4.129395165364258e-05	2
bacteria_1558|label=0	0.04233881086111069	0.0002589483337942511	0.10354697704315186	0.3302876651287079	0.02356760948896408	4
bacteria_1559|label=0	2.4338987714145333e-05	4.96459904297808e-07	0.3432871699333191	0.15668798983097076	2.3275774641007274e-09	3
bacteria_1560|label=0	0.0007752501987852156	4.9390441745345015e-06	0.23652683198451996	0.26150205731391907	0.0011909353779628873	4
bacteria_1561|label=0	0.0022112750448286533	6.825439868407557e-06	0.03424113988876343	0.46352216601371765	1.8609252947499044e-05	4
bacteria_1562|label=0	0.0003114244027528912	6.419705186999636e-06	0.1518494039773941	0.34755244851112366	0.000280271953670308	4
bacteria_1563|label=0	0.04067575931549072	1.7857606735560694e-06	0.07459968328475952	0.3846321105957031	9.062785102287307e-05	4
bacteria_1564|label=0	4.894726589554921e-05	7.955187356856186e-06	0.4354698061943054	0.0644712820649147	2.0230020254530245e-06	3
bacteria_1565|label=0	0.09469452500343323	9.114094427786767e-05	0.07118961215019226	0.3340214788913727	3.226186208848958e-06	4
bacteria_1566|label=0	0.0035631286446005106	0.0001537446369184181	0.21144084632396698	0.22327876091003418	0.06156351789832115	4
bacteria_1567|label=0	0.047077927738428116	0.0032724314369261265	0.07132302969694138	0.030309664085507393	0.34801697731018066	5
bacteria_1568|label=0	0.03267873823642731	0.00248006172478199	0.001407536445185542	0.1300843507051468	0.333349347114563	5
bacteria_1569|label=0	6.5061167333624326e-06	1.0878277407755377e-06	0.25637251138687134	0.2436051219701767	1.4771526366530452e-05	3
bacteria_1570|label=0	0.000650788308121264	6.0219335864530876e-05	0.18735986948013306	0.2838682532310486	0.028060849756002426	4
bacteria_1571|label=0	0.002467135200276971	2.0503126506810077e-05	0.05220012366771698	0.44531211256980896	9.682663204557684e-08	4
bacteria_1572|label=0	0.002546088071539998	1.978439286176581e-05	0.0608246847987175	0.4090327024459839	0.02757674641907215	4
bacteria_1573|label=0	0.0036533791571855545	2.546611312936875e-06	0.3994039297103882	0.09688778966665268	5.231651812209748e-05	3
bacteria_1574|label=0	0.0006927960203029215	2.627530420795665e-06	0.06080837920308113	0.4383496642112732	0.00014651770470663905	4
bacteria_1575|label=0	3.519219535519369e-05	9.172385762212798e-05	0.3003074526786804	0.19948557019233704	8.003654511412606e-05	3
bacteria_1576|label=0	0.004244769923388958	0.0002009031450143084	0.2441951185464859	0.25127795338630676	8.125534805003554e-05	4
bacteria_1577|label=0	0.0012909319484606385	3.628485501394607e-06	0.2629256248474121	0.23550687730312347	0.00027291104197502136	3
bacteria_1578|label=0	0.00133649748750031	3.304985796148685e-07	0.05142108350992203	0.447240948677063	1.124025743592938e-06	4
bacteria_1579|label=0	0.0002777477784547955	0.00037955804145894945	0.4697456955909729	0.029569106176495552	2.7878713808604516e-05	3
bacteria_1580|label=0	5.686418080586009e-05	1.366098422295181e-05	0.34109777212142944	0.1585269421339035	0.0003047914942726493	3
bacteria_1581|label=0	0.0015324081759899855	0.07494967430830002	0.13601142168045044	0.28745537996292114	5.112281360197812e-05	4
bacteria_1582|label=0	0.003396505257114768	1.5860712665016763e-05	0.40061667561531067	0.09595926851034164	1.1698301932483446e-05	3
bacteria_1583|label=0	0.00014127757458481938	5.667226287187077e-05	0.009421159513294697	0.49032995104789734	5.0893697334686294e-05	4
bacteria_1584|label=0	0.0001227141619892791	1.4637007552664727e-05	0.313220739364624	0.17256082594394684	0.014081084169447422	3
bacteria_1585|label=0	0.0018910022918134928	0.02504582144320011	0.11947841197252274	0.3535822033882141	2.534261057007825e-06	4
bacteria_1586|label=0	0.0005870717577636242	4.2724412196548656e-05	0.09355030953884125	0.4058196246623993	3.0851077781335334e-07	4
bacteria_1587|label=0	0.0033673434518277645	1.7752141729943105e-06	0.01766093634068966	0.47479188442230225	0.004178078845143318	4
bacteria_1588|label=0	0.002917611738666892	0.00019225814321544021	0.05823976546525955	0.4386272728443146	2.3119057004805654e-05	4
bacteria_1589|label=0	0.007215642835944891	7.10479025656241e-06	0.032450418919324875	0.46019139885902405	0.0001354520209133625	4
bacteria_1590|label=0	0.0061467415653169155	1.2636233805096708e-05	0.08926507830619812	0.40324851870536804	0.0013270436320453882	4
bacteria_1591|label=0	0.05769408121705055	0.0041673253290355206	0.32181230187416077	0.10387343913316727	0.012452859431505203	3
bacteria_1592|label=0	0.00046414925600402057	4.261761205270886e-06	0.2940029501914978	0.2055230438709259	5.583173333434388e-06	3
bacteria_1593|label=0	0.00010357584687881172	2.408997090697085e-07	0.33216753602027893	0.16772817075252533	4.577227343816048e-07	3
bacteria_1594|label=0	0.052675895392894745	0.00023755615984555334	0.31299978494644165	0.13406144082546234	2.5309929696959443e-05	3
bacteria_1595|label=0	7.310703222174197e-05	6.945524546608794e-07	0.19234585762023926	0.3075762987136841	4.024995632789796e-06	4
bacteria_1596|label=0	0.009923078119754791	5.17001717526e-05	0.2512998878955841	0.23755626380443573	0.0011690855026245117	3
bacteria_1597|label=0	1.3398042028711643e-05	2.9319626726476145e-09	0.001915843691676855	0.49807074666023254	3.751446708832873e-09	4
bacteria_1598|label=0	0.011650066822767258	0.0056984336115419865	0.1302770972251892	0.34787169098854065	0.0045027039013803005	4
bacteria_1599|label=0	8.989240996015724e-06	4.084779357071966e-05	0.03894946724176407	0.4582299292087555	0.002770780585706234	4
bacteria_1600|label=0	0.0011991405626758933	4.0885853991312615e-07	0.020155053585767746	0.47864505648612976	3.6522976643027505e-07	4
bacteria_1601|label=0	1.4700021893077064e-05	2.6349628257094082e-08	0.1698964536190033	0.3300888240337372	8.253977945571478e-09	4
bacteria_1602|label=0	0.0005138987326063216	2.1573265257757157e-05	0.14170168340206146	0.357713907957077	4.890045238425955e-05	4
bacteria_1603|label=0	6.746614963049069e-05	3.6753976928594057e-06	0.2113456279039383	0.2885812222957611	2.0186205347272335e-06	4
bacteria_1604|label=0	1.3134705113770906e-05	9.451536243432201e-06	0.4369125962257385	0.0630640983581543	7.353283422162349e-07	3
bacteria_1605|label=0	0.00015691894805058837	0.015536616556346416	0.43919163942337036	0.044814806431531906	0.0003000092110596597	3
bacteria_1606|label=0	6.202180429681903e-06	1.3185423313188949e-06	0.12270230054855347	0.377288818359375	1.3602078752228408e-06	4
bacteria_1607|label=0	0.00959746353328228	0.0003154884616378695	0.1632441282272339	0.3261944353580475	0.0006484537152573466	4
bacteria_1608|label=0	0.0055048493668437	0.0001054028034559451	0.25693678855895996	0.23738573491573334	6.725091952830553e-05	3
bacteria_1609|label=0	0.0010957440827041864	0.0003847309562843293	0.36034390330314636	0.13817094266414642	4.680284291680437e-06	3
bacteria_1610|label=0	0.017363620921969414	0.00031758128898218274	0.32290828227996826	0.15937770903110504	3.277937867096625e-05	3
bacteria_1611|label=0	0.0006373152136802673	1.0054224730993155e-05	0.4357035458087921	0.06364888697862625	2.112269754661611e-07	3
bacteria_1612|label=0	0.008805576711893082	0.00017530533659737557	0.06806239485740662	0.4224957823753357	0.00046095409197732806	4
bacteria_1613|label=0	2.0993375073885545e-05	2.8339948130451376e-06	0.2956613302230835	0.20352476835250854	0.0007900799973867834	3
bacteria_1614|label=0	0.00016882852651178837	1.7764239146345062e-07	0.33130958676338196	0.16852068901062012	7.219398412416922e-07	3
bacteria_1615|label=0	0.00013392596156336367	2.0901256903016474e-06	0.16805733740329742	0.33180662989616394	1.9050458988090213e-08	4
bacteria_1616|label=0	0.00014473973715212196	1.1706880513884244e-06	0.10620701313018799	0.3933824896812439	0.00026458685169927776	4
bacteria_1617|label=0	0.0001343902840744704	3.7100086046848446e-05	0.22805674374103546	0.2717605531215668	1.1194439139217138e-05	4
bacteria_1618|label=0	0.015573513694107533	0.00023097384837456048	0.2603181302547455	0.22379745543003082	7.994248881004751e-05	3
bacteria_1619|label=0	0.003871261142194271	1.0832743100763764e-05	0.35815370082855225	0.1379636526107788	5.442245196718432e-07	3
bacteria_1620|label=0	0.0023531122133135796	0.0007706346805207431	0.2628202736377716	0.23404951393604279	6.421037141990382e-06	3
bacteria_1621|label=0	0.0012551202671602368	0.005427331663668156	0.18328221142292023	0.3091107904911041	0.0009245462715625763	4
bacteria_1622|label=0	0.00015797415107954293	3.4831473385565914e-06	0.3052103817462921	0.19462810456752777	4.631968408830289e-08	3
bacteria_1623|label=0	0.002250159624963999	0.0002218954177806154	0.29103559255599976	0.2063141167163849	0.00017821433721110225	3
bacteria_1624|label=0	0.0019436689326539636	2.9115799407009035e-06	0.22853562235832214	0.2695175111293793	2.866897830244852e-07	4
bacteria_1625|label=0	0.00039214780554175377	4.272157639206853e-06	0.21944725513458252	0.28015613555908203	1.8248002220389026e-07	4
bacteria_1626|label=0	0.0022715413942933083	1.2222824807395227e-05	0.40051427483558655	0.09606510400772095	0.0011368375271558762	3
bacteria_1627|label=0	0.14944422245025635	0.013883487321436405	0.22238707542419434	0.11388622969388962	0.0003989620308857411	3
bacteria_1628|label=0	0.001592686166986823	2.88795740743808e-06	0.46575862169265747	0.03139117732644081	0.0012546379584819078	3
bacteria_1629|label=0	0.0005992465885356069	6.197279617481399e-06	0.14221273362636566	0.3569551706314087	0.00022665226424578577	4
bacteria_1630|label=0	3.7711328332079574e-05	7.1204726737050805e-06	0.016215458512306213	0.4837338626384735	5.800297913083341e-06	4
bacteria_1631|label=0	0.04340625926852226	0.006735347677022219	0.309630811214447	0.13977760076522827	0.0004500034265220165	3
bacteria_1632|label=0	0.11643031984567642	0.0001990146847674623	0.30844318866729736	0.07457353174686432	0.00035393633879721165	3
bacteria_1633|label=0	0.01358876097947359	3.3665837690932676e-05	0.2347571700811386	0.2515486478805542	7.178716623457149e-05	4
bacteria_1634|label=0	0.051379699259996414	7.309252396225929e-05	0.10681293159723282	0.34166261553764343	7.16619033482857e-05	4
bacteria_1635|label=0	0.00827640388160944	2.3353518372459803e-06	0.013449246995151043	0.4782629609107971	9.058839168574195e-06	4
bacteria_1636|label=0	0.0059776464477181435	9.270622831536457e-05	0.055153388530015945	0.4387727677822113	3.5127920909872046e-06	4
bacteria_1637|label=0	0.15246407687664032	0.0016044237418100238	0.018182307481765747	0.228555828332901	0.09919334203004837	4
bacteria_1638|label=0	0.004849753342568874	5.503220563696232e-07	0.05446377024054527	0.04050508514046669	0.4001808166503906	5
bacteria_1639|label=0	0.0009430181817151606	1.424841866537463e-05	0.2733179032802582	0.2183377891778946	0.0073870206251740456	3
bacteria_1640|label=0	0.12757864594459534	8.459087439405266e-06	0.20447903871536255	0.12652578949928284	0.04140807315707207	3
bacteria_1641|label=0	0.011040739715099335	4.1217749640054535e-06	0.05225898697972298	0.4365650415420532	0.00013109903375152498	4
bacteria_1642|label=0	0.0014604979660362005	1.5412482525789528e-06	0.09954266250133514	0.3986906409263611	0.00030465220334008336	4
bacteria_1643|label=0	0.03068697080016136	0.0002660395985003561	0.2967909276485443	0.17199744284152985	0.0002586299669928849	3
bacteria_1644|label=0	0.038334332406520844	1.6434662029496394e-05	0.04424133524298668	0.417043000459671	0.00036489390186034143	4
bacteria_1645|label=0	0.08243662118911743	1.5178534340520855e-05	0.011114921420812607	0.4063974618911743	3.578893665689975e-05	4
bacteria_1646|label=0	0.002621900523081422	3.2621721857140074e-06	0.09914580732584	0.39739274978637695	0.0008362625376321375	4
bacteria_1647|label=0	0.0012512337416410446	3.7709357911808183e-06	0.18714739382266998	0.31078141927719116	0.0008161780424416065	4
bacteria_1648|label=0	0.3235028088092804	0.0017000146908685565	0.04940832406282425	0.12301558256149292	0.0023732499685138464	1
bacteria_1649|label=0	0.0001794780109776184	0.0013167980359867215	0.3464057445526123	0.15208731591701508	1.0665442459867336e-05	3
bacteria_1650|label=0	0.008646868169307709	4.3871349930668657e-07	0.22070373594760895	0.2706362009048462	1.2748603694490157e-05	4
bacteria_1651|label=0	0.00025504882796667516	0.00015160380280576646	0.29590460658073425	0.20368874073028564	3.805639803289296e-09	3
bacteria_1652|label=0	0.28088170289993286	0.00014242994075175375	0.04467840865254402	0.17428165674209595	1.5758181689307094e-05	1
bacteria_1653|label=0	0.0054129804484546185	1.2228960258653387e-05	0.1451818197965622	0.34580373764038086	0.0035892322193831205	4
bacteria_1654|label=0	0.01530969887971878	0.015469444915652275	0.03093254566192627	0.4366561770439148	0.0016321364091709256	4
bacteria_1655|label=0	0.0001553221809444949	1.605657644176972e-06	0.15445664525032043	0.3453620970249176	2.427836079732515e-05	4
bacteria_1656|label=0	0.0007941860239952803	3.5000648495042697e-06	0.48893260955810547	0.01022859662771225	4.110669033252634e-05	3
bacteria_1657|label=0	7.63859789003618e-05	1.1652225566649577e-06	0.45527195930480957	0.03392298147082329	0.010727539658546448	3
bacteria_1658|label=0	0.01732027158141136	0.00023638966376893222	0.3286176919937134	0.15306566655635834	0.0007599624805152416	3
bacteria_1659|label=0	0.0013569174334406853	0.0001766646164469421	0.39932528138160706	0.09913772344589233	3.3745016025932273e-06	3
bacteria_1660|label=0	5.0428334361640736e-05	1.8267946870764717e-06	0.3942219316959381	0.10566546022891998	6.0397767811082304e-05	3
bacteria_1661|label=0	0.00015589009854011238	4.774720218847506e-05	0.4031830132007599	0.09643973410129547	0.0001735991972964257	3
bacteria_1662|label=0	7.27091683074832e-05	1.1982668183918577e-05	0.34579452872276306	0.1541205197572708	2.5547791437929845e-07	3
bacteria_1663|label=0	0.00012163566862000152	3.287858999101445e-05	0.23095133900642395	0.26882192492485046	7.224518049042672e-05	4
bacteria_1664|label=0	1.1083480785600841e-05	2.5201886799663953e-08	0.06854240596294403	0.43144476413726807	1.7309477016169694e-06	4
bacteria_1665|label=0	0.0008403310202993453	2.955768195533892e-06	0.07112224400043488	0.4280325174331665	1.9474452983558876e-06	4
bacteria_1666|label=0	0.024209335446357727	2.359234531468246e-05	0.4140187203884125	0.061615411192178726	0.0001329181541223079	3
bacteria_1667|label=0	0.006461854092776775	9.15984419407323e-05	0.22375702857971191	0.26937755942344666	0.00031198360375128686	4
bacteria_1668|label=0	0.0005724027869291604	5.9948692069156095e-05	0.4491487741470337	0.05011744052171707	0.00010147460852749646	3
bacteria_1669|label=0	0.00013044540537521243	6.815950655436609e-06	0.2782588601112366	0.21900933980941772	0.002594524761661887	3
bacteria_1670|label=0	0.000749223108869046	2.317069174750941e-06	0.13380040228366852	0.3654477596282959	2.4511234641977353e-07	4
bacteria_1671|label=0	0.002144700149074197	3.833838036371162e-06	0.3428438901901245	0.15492980182170868	7.776275742799044e-05	3
bacteria_1672|label=0	0.001627267338335514	1.2596986380231101e-05	0.1443650871515274	0.35397690534591675	1.8093220205628313e-05	4
bacteria_1673|label=0	0.002824552357196808	9.851568756857887e-05	0.3233301341533661	0.17373551428318024	1.1285817890893668e-05	3
bacteria_1674|label=0	0.00026131916092708707	0.005078511778265238	0.08175776153802872	0.41216644644737244	0.000735945301130414	4
bacteria_1675|label=0	0.00033632927807047963	1.2481040130296606e-06	0.20850113034248352	0.291154146194458	7.144707524275873e-06	4
bacteria_1676|label=0	0.00012206054088892415	3.171350545017049e-05	0.1798548847436905	0.31999024748802185	1.1148504199809395e-06	4
bacteria_1677|label=0	7.240710601763567e-06	3.5921075891565124e-08	0.15519070625305176	0.34480178356170654	2.462699626448739e-07	4
bacteria_1678|label=0	0.0014219260774552822	2.762075382634066e-05	0.2488248497247696	0.24967581033706665	4.978848301107064e-05	4
bacteria_1679|label=0	0.00014386360999196768	8.422540531682898e-07	0.37914276123046875	0.12071247398853302	5.779022060892203e-08	3
bacteria_1680|label=0	0.0012101688189432025	0.00014093113713897765	0.21258562803268433	0.2860576808452606	5.551618869503727e-06	4
bacteria_1681|label=0	0.004628479015082121	3.3687690574879525e-06	0.2787631154060364	0.2165299654006958	7.50644612708129e-05	3
bacteria_1682|label=0	0.0009569654357619584	0.0003720534441526979	0.17051419615745544	0.3264011740684509	0.0017556125530973077	4
bacteria_1683|label=0	0.004254387225955725	2.0525992283637606e-07	0.019660988822579384	0.46265265345573425	0.01343180425465107	4
bacteria_1684|label=0	6.243587995413691e-05	3.359137963343528e-06	0.04821663349866867	0.4512266218662262	0.0004909660783596337	4
bacteria_1685|label=0	0.019074639305472374	0.0002328668924747035	0.18739378452301025	0.29047149419784546	0.0028272196650505066	4
bacteria_1686|label=0	0.0017613479867577553	6.152038986328989e-05	0.010292013175785542	0.48767879605293274	0.00020633799431379884	4
bacteria_1687|label=0	0.027585456147789955	5.7601588196121156e-05	0.15094022452831268	0.3212837278842926	0.00013301004946697503	4
bacteria_1688|label=0	0.0002838950604200363	1.9597887330746744e-06	0.1471633017063141	0.35248035192489624	7.049555279081687e-05	4
bacteria_1689|label=0	8.626663475297391e-05	3.2434797958558192e-06	0.3615575134754181	0.1377207636833191	0.0006322236731648445	3
bacteria_1690|label=0	3.0580304155591875e-05	3.648477431283936e-08	0.0864357054233551	0.4135266840457916	7.012151399976574e-06	4
bacteria_1691|label=0	0.000807122269179672	1.1960673873545602e-05	0.37776806950569153	0.11932039260864258	0.002092472044751048	3
bacteria_1692|label=0	0.012570368126034737	2.7210355256102048e-05	0.2108006328344345	0.27657896280288696	2.2835536583443172e-05	4
bacteria_1693|label=0	0.0009572345879860222	3.231224400224164e-05	0.16929228603839874	0.3297114372253418	6.726493211317575e-06	4
bacteria_1694|label=0	0.004005639813840389	1.4199484212440439e-05	0.3065653145313263	0.18940016627311707	1.4686384929518681e-05	3
bacteria_1695|label=0	0.00014621444279327989	2.377173768763896e-05	0.3830975890159607	0.11637777090072632	0.0003546812222339213	3
bacteria_1696|label=0	0.004397799260914326	0.00042970344657078385	0.25597628951072693	0.23623257875442505	0.0029636535327881575	3
bacteria_1697|label=0	3.055490378756076e-05	0.00010005237709265202	0.425932914018631	0.07393638789653778	7.804398194366513e-08	3
bacteria_1698|label=0	0.0029484995175153017	0.0008414586191065609	0.32221636176109314	0.17394034564495087	5.330902058631182e-05	3
bacteria_1699|label=0	0.0006904571200720966	0.000105548846477177	0.3477509915828705	0.1514514684677124	1.50582479818695e-06	3
bacteria_1700|label=0	0.0019683034624904394	0.00047682799049653113	0.3988913893699646	0.09865084290504456	1.2586447155626956e-05	3
bacteria_1701|label=0	0.00039963374729268253	7.128091237973422e-05	0.48296353220939636	0.016554540023207664	1.1025857020285912e-05	3
bacteria_1702|label=0	0.00013937392213847488	2.092883914883714e-05	0.2876516878604889	0.21218103170394897	6.970975846343208e-06	3
bacteria_1703|label=0	0.06935776770114899	0.004251798614859581	0.3592183291912079	0.06717169284820557	3.7662266549887136e-07	3
bacteria_1704|label=0	1.401669123879401e-06	2.602342306090577e-07	0.18719859421253204	0.31279829144477844	1.4621400623582304e-06	4
bacteria_1705|label=0	0.0407261848449707	5.453383096210018e-07	0.12162870168685913	0.3376428782939911	1.7399078160451609e-06	4
bacteria_1706|label=0	0.0013161861570551991	2.383105993430945e-06	0.06321720778942108	0.43546316027641296	1.108991568798956e-06	4
bacteria_1707|label=0	3.086436845478602e-05	1.4206893865775783e-05	0.4157480001449585	0.08420641720294952	5.669343750014377e-07	3
bacteria_1708|label=0	0.11959102004766464	3.227746856282465e-05	0.10139103978872299	0.274829238653183	0.004156441427767277	4
bacteria_1709|label=0	0.02117602340877056	0.027616145089268684	0.37442031502723694	0.07673266530036926	5.484209759742953e-05	3
bacteria_1710|label=0	1.8030375940725207e-05	3.090928294113837e-05	0.31778544187545776	0.1821654886007309	1.2907311486287654e-07	3
bacteria_1711|label=0	0.002882246160879731	0.0004993749898858368	0.4709901213645935	0.025625262409448624	2.9729412744927686e-06	3
bacteria_1712|label=0	0.06635019183158875	0.00028556972392834723	0.17683669924736023	0.25570783019065857	0.00081971928011626	4
bacteria_1713|label=0	0.00034227612195536494	0.001163601758889854	0.2819627523422241	0.21651102602481842	2.0322826458141208e-05	3
bacteria_1714|label=0	0.01014409027993679	0.00402285810559988	0.28978437185287476	0.19411025941371918	0.0019384064944460988	3
bacteria_1715|label=0	0.00036734441528096795	1.3698612747248262e-05	0.044283438473939896	0.45512494444847107	0.00021057820413261652	4
bacteria_1716|label=0	1.655215965001844e-05	7.89966361480765e-06	0.09254158288240433	0.4074269235134125	7.018324595264858e-06	4
bacteria_1717|label=0	0.0006823896546848118	0.0006004751776345074	0.1621510237455368	0.33656442165374756	1.6635003703413531e-06	4
bacteria_1718|label=0	0.0012159819016233087	1.9001265627593966e-06	0.342329740524292	0.15645191073417664	4.550836649741541e-07	3
bacteria_1719|label=0	0.38333752751350403	0.0012009593192487955	0.07758468389511108	0.036287955939769745	0.0015888859052211046	1
bacteria_1720|label=0	0.027561986818909645	0.00017181046132463962	0.016466323286294937	0.45530280470848083	0.0004970466834492981	4
bacteria_1721|label=0	0.000417099567130208	5.40416408512101e-07	0.03665414825081825	0.46280646324157715	0.00012175093434052542	4
bacteria_1722|label=0	0.012420528568327427	3.908737562596798e-05	0.21636824309825897	0.2711304724216461	4.1699462599353865e-05	4
bacteria_1723|label=0	0.003140821121633053	7.87862063589273e-06	0.23980166018009186	0.25702592730522156	2.3675624106545e-05	4
bacteria_1724|label=0	1.0005114745581523e-05	1.597279322140821e-07	0.17492593824863434	0.3250638246536255	7.926033873673077e-08	4
bacteria_1725|label=0	0.0009751693578436971	5.295586902320792e-07	0.3654814660549164	0.13352707028388977	1.57649046741426e-05	3
bacteria_1726|label=0	0.07671403884887695	0.00010377970465924591	0.03512692451477051	0.3864305019378662	0.0016247606836259365	4
bacteria_1727|label=0	0.08234301954507828	2.7196487280889414e-05	0.177443727850914	0.2401725947856903	1.3482343092618976e-05	4
bacteria_1728|label=0	0.0006841372814960778	2.931670906036743e-06	0.01580868847668171	0.4835014045238495	2.808609679050278e-06	4
bacteria_1729|label=0	0.0007432677666656673	2.6386067474959418e-05	0.15572069585323334	0.2779792249202728	0.06553041934967041	4
bacteria_1730|label=0	0.05679187551140785	6.794595037717954e-07	0.2093590497970581	0.23216849565505981	0.0016798832220956683	4
bacteria_1731|label=0	0.29197537899017334	8.481398253934458e-06	0.0862833559513092	0.12170282751321793	2.994599890371319e-05	1
bacteria_1732|label=0	0.0004907522816210985	3.364578105902183e-06	0.26560133695602417	0.23381994664669037	8.459004311589524e-05	3
bacteria_1733|label=0	0.0006374110816977918	8.162774975062348e-06	0.31551700830459595	0.18362772464752197	0.00020967039745301008	3
bacteria_1734|label=0	0.08973823487758636	7.04060512362048e-05	0.2729029655456543	0.13728824257850647	1.870625396804826e-07	3
bacteria_1735|label=0	0.00024370070605073124	8.290130040222721e-07	0.10059326142072678	0.3991621434688568	2.8890477565823858e-08	4
bacteria_1736|label=0	0.04387278854846954	0.0036811656318604946	0.2386818677186966	0.2067301720380783	0.007034031208604574	3
bacteria_1737|label=0	0.0009864582680165768	4.425084171089111e-06	0.22771526873111725	0.27125677466392517	3.704292976181023e-05	4
bacteria_1738|label=0	0.009961660951375961	1.8270591681357473e-05	0.22702817618846893	0.26299169659614563	1.5473447945169028e-07	4
bacteria_1739|label=0	0.0008099781698547304	0.005536799784749746	0.2279311865568161	0.26435190439224243	0.0013701191637665033	4
bacteria_1740|label=0	0.4340129792690277	1.8228443877887912e-05	0.062198445200920105	0.0037456811405718327	2.4665647288202308e-05	1
bacteria_1741|label=0	0.03982925042510033	3.940068563679233e-05	0.17069830000400543	0.27049604058265686	0.018937041983008385	4
bacteria_1742|label=0	0.085536889731884	1.3966372534923721e-05	0.057250648736953735	0.3436797559261322	0.01351871807128191	4
bacteria_1743|label=0	1.8498237750463886e-06	2.4496580408595037e-06	0.38596484065055847	0.11402840912342072	2.4173971269192407e-06	3
bacteria_1744|label=0	0.00021546579955611378	0.0001999845408136025	0.18672198057174683	0.31278955936431885	7.300056313397363e-05	4
bacteria_1745|label=0	0.008503217250108719	1.339002551503654e-06	0.08931681513786316	0.40217769145965576	9.192724519380135e-07	4
bacteria_1746|label=0	0.001087249256670475	7.257191555254394e-06	0.15931744873523712	0.33909082412719727	0.0004971935413777828	4
bacteria_1747|label=0	0.00010177122749155387	5.322105062077753e-05	0.12257903814315796	0.3771275579929352	0.00013840734027326107	4
bacteria_1748|label=0	0.006172501016408205	1.2273141692276113e-05	0.02110373228788376	0.47254300117492676	0.00016846982180140913	4
bacteria_1749|label=0	0.016530977562069893	7.440554327331483e-05	0.07144339382648468	0.40961572527885437	0.002335480647161603	4
bacteria_1750|label=0	8.088821232377086e-06	8.029308082768694e-05	0.046017538756132126	0.45385587215423584	3.8190471968846396e-05	4
bacteria_1751|label=0	0.004408635199069977	2.384370964136906e-05	0.1938784420490265	0.298617422580719	0.0030716711189597845	4
bacteria_1752|label=0	0.00018203175568487495	0.000199000773136504	0.3433765470981598	0.1459752470254898	0.01026715524494648	3
bacteria_1753|label=0	0.02260315977036953	2.087855500576552e-05	0.1976209133863449	0.2797544598579407	6.111883976700483e-07	4
bacteria_1754|label=0	0.03128499910235405	8.291843187180348e-06	0.40205734968185425	0.06664760410785675	1.7264346752199344e-06	3
bacteria_1755|label=0	0.0005116899264976382	0.0002151283115381375	0.11797604709863663	0.3812969923019409	1.3591140657354117e-07	4
bacteria_1756|label=0	0.005055879708379507	2.2123687813291326e-05	0.32770243287086487	0.1296243816614151	0.03759520873427391	3
bacteria_1757|label=0	0.00607389397919178	4.131866717216326e-06	0.09505632519721985	0.3798941969871521	0.01897147297859192	4
bacteria_1758|label=0	0.0333951860666275	0.0001775011041900143	0.35013896226882935	0.11625297367572784	3.5392618883633986e-05	3
bacteria_1759|label=0	0.00026779205654747784	4.519310095929541e-05	0.4218446612358093	0.07783988863229752	2.4424355160590494e-06	3
bacteria_1760|label=0	0.0016348219942301512	0.0009805161971598864	0.472064733505249	0.023891281336545944	0.0014286251971498132	3
bacteria_1761|label=0	0.04099461808800697	0.00021946540800854564	0.40480151772499084	0.04977697879076004	0.004207395017147064	3
bacteria_1762|label=0	0.49919751286506653	1.0924974048975855e-05	0.0006278371438384056	0.00016365649935323745	6.225366888656936e-08	1
bacteria_1763|label=0	0.0002437353105051443	4.4877946692167825e-08	0.45906445384025574	0.04066414758563042	2.7566029530134983e-05	3
bacteria_1764|label=0	0.01234663836658001	0.00016853626584634185	0.11471646279096603	0.37017300724983215	0.00259538390673697	4
bacteria_1765|label=0	0.0019034093711525202	8.618344145361334e-05	0.46546119451522827	0.03228619322180748	0.0002630251692607999	3
bacteria_1766|label=0	0.00022279263066593558	1.1502550478326157e-05	0.3690215051174164	0.12270695716142654	0.008037248626351357	3
bacteria_1767|label=0	0.061703961342573166	0.00026305465144105256	0.3123014569282532	0.1252894401550293	0.0004420735640451312	3
bacteria_1768|label=0	9.875422983895987e-05	2.342307681146849e-07	0.48132508993148804	0.018568718805909157	7.1889676291903015e-06	3
bacteria_1769|label=0	0.05586325749754906	0.00031317074899561703	0.39272230863571167	0.05105078965425491	5.048215825809166e-05	3
bacteria_1770|label=0	0.000370945519534871	1.1125218406959902e-05	0.44793951511383057	0.051599886268377304	7.85415613790974e-05	3
bacteria_1771|label=0	0.0006031531956978142	6.599047537747538e-06	0.41149017214775085	0.08785242587327957	4.7667497710790485e-05	3
bacteria_1772|label=0	0.004388267174363136	3.644897878984921e-05	0.0513962060213089	0.4441561698913574	2.293661964358762e-05	4
bacteria_1773|label=0	0.0004348141374066472	7.001139601925388e-05	0.47684523463249207	0.022491367533802986	0.00015852286014705896	3
bacteria_1774|label=0	0.0013567882124334574	1.8189713273386587e-06	0.45121482014656067	0.03926461562514305	0.008161928504705429	3
bacteria_1775|label=0	0.00029431641451083124	1.3332273738342337e-06	0.47003450989723206	0.028742725029587746	0.0009271583985537291	3
bacteria_1776|label=0	0.0008841340313665569	0.00010137569188373163	0.27507397532463074	0.20976030826568604	0.014180204831063747	3
bacteria_1777|label=0	0.001549875712953508	0.00012845623132307082	0.34803298115730286	0.028980117291212082	0.12130860239267349	3
bacteria_1778|label=0	0.00013626384316012263	4.5621759454661515e-06	0.14308924973011017	0.3567308783531189	3.902520620613359e-05	4
bacteria_1779|label=0	0.09502595663070679	4.778833773144697e-09	0.2967308461666107	0.10824289917945862	2.3048120567636943e-07	3
bacteria_1780|label=0	0.00792611762881279	0.00033820944372564554	0.35726144909858704	0.13407404720783234	0.0004001552006229758	3
bacteria_1781|label=0	0.00018173504213336855	2.5826270757534076e-06	0.4386877715587616	0.06099753826856613	0.00013030455738771707	3
bacteria_1782|label=0	0.000431909371400252	1.3795433915220201e-05	0.4879906475543976	0.010690046474337578	0.0008735974552109838	3
bacteria_1783|label=0	0.0004465985402930528	1.1462337852208293e-06	0.47099974751472473	0.028507431969046593	4.507440826273523e-05	3
bacteria_1784|label=0	3.8213875086512417e-05	8.765150738554439e-08	0.4961484372615814	0.0038131950423121452	5.386751311675653e-08	3
bacteria_1785|label=0	0.00024820450926199555	2.2085649220571213e-07	0.4155694246292114	0.08399926871061325	0.00018284120596945286	3
bacteria_1786|label=0	0.00017709535313770175	3.6042067677044543e-06	0.4845559895038605	0.015256342478096485	6.999161541898502e-06	3
bacteria_1787|label=0	0.0021894227247685194	8.677438017912209e-05	0.2948422133922577	0.20166625082492828	0.0012153846910223365	3
bacteria_1788|label=0	0.0014083627611398697	5.882664666501114e-08	0.47368618845939636	0.024859823286533356	4.5559769205283374e-05	3
bacteria_1789|label=0	4.624756456905743e-06	3.911769752562577e-08	0.3718104958534241	0.1281086653470993	7.617786468472332e-05	3
bacteria_1790|label=0	2.8075055524823256e-05	1.5429734048666432e-05	0.18484993278980255	0.01522989384829998	0.29987668991088867	5
bacteria_1791|label=0	0.00047878260375000536	1.0645275324350223e-05	0.24311929941177368	0.2563881576061249	3.1240958833222976e-06	4
bacteria_1792|label=0	0.00044395317672751844	1.7693693735054694e-05	0.4362824559211731	0.05330435559153557	0.009951530024409294	3
bacteria_1793|label=0	0.0011393016902729869	4.904081833956297e-07	0.494100958108902	0.004543188959360123	0.00021605234360322356	3
bacteria_1794|label=0	0.0008792681037448347	0.0005228075315244496	0.30356672406196594	0.19480504095554352	0.00022617161448579282	3
bacteria_1795|label=0	0.0011064010905101895	0.001340509857982397	0.07841348648071289	0.19251708686351776	0.22662250697612762	5
bacteria_1796|label=0	0.02082587033510208	6.150030094431713e-05	0.43006792664527893	0.04890625178813934	0.00013844564091414213	3
bacteria_1797|label=0	0.0005699648754671216	5.1128554332535714e-05	0.3078506290912628	0.12522506713867188	0.06630321592092514	3
bacteria_1798|label=0	0.001569496700540185	0.0004613521450664848	0.3996262848377228	0.09783942997455597	0.0005034588975831866	3
bacteria_1799|label=0	0.0002682622289285064	2.748224687820766e-05	0.37388476729393005	0.12398530542850494	0.001834210124798119	3
bacteria_1800|label=0	4.481080031837337e-05	1.295110365617802e-07	0.36850276589393616	0.13143818080425262	1.4109114090388175e-05	3
bacteria_1801|label=0	1.2835744200856425e-05	3.10222844746022e-07	0.4133424758911133	0.025670256465673447	0.06097408011555672	3
bacteria_1802|label=0	0.0005112434737384319	1.7165977624244988e-05	0.3522099256515503	0.0628376454114914	0.08442401140928268	3
bacteria_1803|label=0	2.4769951778580435e-05	8.000239176908508e-05	0.296034038066864	0.12829211354255676	0.0755690336227417	3
bacteria_1804|label=0	7.980561349540949e-05	6.767977289712235e-09	0.42625880241394043	0.07337591797113419	0.0002854119520634413	3
bacteria_1805|label=0	0.001035345601849258	0.00023247006174642593	0.292633593082428	0.20586486160755157	0.00023376439639832824	3
bacteria_1806|label=0	6.747486622771248e-05	8.515987246937584e-06	0.41652289032936096	0.08339850604534149	2.6411003091197927e-06	3
bacteria_1807|label=0	0.00019668260938487947	0.00011058939708163962	0.11375284940004349	0.02105950191617012	0.36488035321235657	5
bacteria_1808|label=0	3.361119524925016e-05	3.366215196365374e-06	0.49351534247398376	0.006447023246437311	6.359351800711011e-07	3
bacteria_1809|label=0	0.0005311299464665353	6.55947660561651e-05	0.440346360206604	0.048857707530260086	0.010199175216257572	3
bacteria_1810|label=0	8.192312816390768e-05	3.590131382225081e-05	0.38853099942207336	0.08030173927545547	0.031049421057105064	3
bacteria_1811|label=0	0.00013237066741567105	0.000491625105496496	0.4421389102935791	0.057127341628074646	0.00010975159239023924	3
bacteria_1812|label=0	2.9528006052714773e-05	3.3463093132013455e-05	0.4420356750488281	0.0578920841217041	9.273067007598002e-06	3
bacteria_1813|label=0	8.68869319674559e-05	3.03245396935381e-05	0.26981985569000244	0.2299271523952484	0.0001357277069473639	3
bacteria_1814|label=0	0.007995477877557278	0.0017500999383628368	0.2394474893808365	0.2504984736442566	0.00030847027665004134	4
bacteria_1815|label=0	1.1779878150264267e-05	9.585525731381495e-06	0.4539095461368561	0.045666784048080444	0.0004022955254185945	3
bacteria_1816|label=0	3.0143261028570123e-05	4.272472324373666e-06	0.357375830411911	0.13719230890274048	0.0053974539041519165	3
bacteria_1817|label=0	0.004949308466166258	4.147090294281952e-06	0.21556609869003296	0.0855092853307724	0.1939711719751358	3
bacteria_1818|label=0	0.000563513080123812	0.00021160900359973311	0.35395538806915283	0.06703430414199829	0.0782351866364479	3
bacteria_1819|label=0	0.1596754789352417	0.028239808976650238	0.20223775506019592	0.109120212495327	0.0007266948232427239	3
bacteria_1820|label=0	0.00027868294273503125	2.4842720449669287e-06	0.23422861099243164	0.2648533582687378	0.0006369040929712355	4
bacteria_1821|label=0	4.771263320435537e-06	1.2818476591291983e-07	0.12179567664861679	0.0636114627122879	0.3145879805088043	5
bacteria_1822|label=0	0.004117725882679224	5.955040251137689e-06	0.25705263018608093	0.23866310715675354	0.00016064094961620867	3
bacteria_1823|label=0	0.024605020880699158	5.907944432692602e-05	0.34860900044441223	0.1121688038110733	0.014558069407939911	3
bacteria_1824|label=0	4.262831134838052e-05	8.294027793454006e-06	0.4711883068084717	0.02847187966108322	0.000288908660877496	3
bacteria_1825|label=0	0.00027829056489281356	1.0247867066937033e-05	0.31461942195892334	0.17932076752185822	0.005771246738731861	3
bacteria_1826|label=0	8.396861812798306e-05	3.9298288356803823e-07	0.36323118209838867	0.13590702414512634	0.0007774257101118565	3
bacteria_1827|label=0	0.00022057858586777002	2.5868264856399037e-05	0.10856867581605911	0.008936431258916855	0.3822484314441681	5
bacteria_1828|label=0	0.0018819972174242139	4.400642865221016e-05	0.46390870213508606	0.03414084389805794	2.4437293177470565e-05	3
bacteria_1829|label=0	0.0005223422776907682	1.4424882692765095e-06	0.024669582024216652	0.001824058941565454	0.47298258543014526	5
bacteria_1830|label=0	0.058349017053842545	0.005515451077371836	0.22676873207092285	0.19399142265319824	0.01537543348968029	3
bacteria_1831|label=0	0.0005347997648641467	3.5054115869570524e-05	0.4258080720901489	0.07353702187538147	8.50520737003535e-05	3
bacteria_1832|label=0	3.560553886927664e-05	3.4034319806863778e-09	0.49326595664024353	0.006692683324217796	5.716625310014933e-06	3
bacteria_1833|label=0	0.004643353633582592	3.1590701610184624e-07	0.4390300214290619	0.04792456701397896	0.008401762694120407	3
bacteria_1834|label=0	0.002099610399454832	0.011956797912716866	0.0818919688463211	0.2348182648420334	0.16923333704471588	4
bacteria_1835|label=0	0.005722849164158106	0.0038474558386951685	0.11365232616662979	0.375590056180954	0.0011872939066961408	4
bacteria_1836|label=0	5.549381967284717e-06	4.145877392147668e-05	0.28703802824020386	0.21268773078918457	0.00022719008848071098	3
bacteria_1837|label=0	0.02614261396229267	0.024489380419254303	0.11477438360452652	0.3345240652561188	6.956119614187628e-05	4
bacteria_1838|label=0	0.4986446499824524	5.586098995991051e-05	3.433664096519351e-05	0.0012635659659281373	1.5413905884997803e-06	1
bacteria_1839|label=0	0.05657306686043739	0.11248516291379929	0.22390878200531006	0.10655621439218521	0.0004767699574586004	3
bacteria_1840|label=0	0.00183401838876307	0.00010455479059601203	0.06845291703939438	0.4133635461330414	0.016244981437921524	4
bacteria_1841|label=0	0.0016366330673918128	0.0007373145199380815	0.457343190908432	0.03702051565051079	0.003262337064370513	3
bacteria_1842|label=0	0.0036904639564454556	5.708447133656591e-05	0.4582468271255493	0.037432074546813965	0.000573547265958041	3
bacteria_1843|label=0	0.026851836591959	0.000286138616502285	0.4513185918331146	0.02143104374408722	0.0001124237896874547	3
bacteria_1844|label=0	0.00023535422224085778	0.0011284996289759874	0.48433008790016174	0.013867898844182491	0.0004381864855531603	3
bacteria_1845|label=0	0.029059041291475296	0.003038187511265278	0.3352870047092438	0.08129781484603882	0.05131794139742851	3
bacteria_1846|label=0	0.3087001144886017	0.00011384206300135702	0.18503031134605408	0.0056109437718987465	0.0005447571165859699	1
bacteria_1847|label=0	0.0014183048624545336	0.0002406733692623675	0.47027823328971863	0.026833780109882355	0.0012289948062971234	3
bacteria_1848|label=0	0.00015935824194457382	6.0723573369614314e-06	0.34604156017303467	0.15379036962985992	2.6575087304081535e-06	3
bacteria_1849|label=0	0.0013148783473297954	2.0042998585267924e-05	0.2894226908683777	0.11318065226078033	0.09606172144412994	3
bacteria_1850|label=0	0.00023145275190472603	2.3253608105733292e-06	0.1550237089395523	0.3447413146495819	1.2481813200793113e-06	4
bacteria_1851|label=0	0.0716790035367012	0.0009834404336288571	0.31960511207580566	0.10762612521648407	0.00010633414785843343	3
bacteria_1852|label=0	0.003885176731273532	2.2648582671536133e-06	0.1540016382932663	0.3420768976211548	3.400245259399526e-05	4
bacteria_1853|label=0	4.061884101247415e-05	1.7735432265908457e-05	0.2622565031051636	0.23768505454063416	7.009633407051297e-08	3
bacteria_1854|label=0	0.006374811753630638	8.177059498848394e-05	0.22450904548168182	0.23040802776813507	0.03862638771533966	4
bacteria_1855|label=0	0.0004688046465162188	3.8218793633859605e-05	0.1988067924976349	0.3006739020347595	1.2308989425946493e-05	4
bacteria_1856|label=0	0.00016661705740261823	8.551265636924654e-06	0.48142388463020325	0.01734842360019684	0.0010525642428547144	3
bacteria_1857|label=0	0.007439248729497194	0.000969672342762351	0.2640293538570404	0.08842772990465164	0.1391339898109436	3
bacteria_1858|label=0	0.011976610869169235	0.0051614693365991116	0.4212796986103058	0.05932709947228432	0.002255174331367016	3
bacteria_1859|label=0	0.0018874955130741	0.0011186283081769943	0.3228704035282135	0.17138473689556122	0.002738724462687969	3
bacteria_1860|label=0	8.203141624107957e-05	0.01348898932337761	0.37885376811027527	0.10741018503904343	0.00016502381186001003	3
bacteria_1861|label=0	0.0360783226788044	0.0008169111679308116	0.3813060522079468	0.029971683397889137	0.051827069371938705	3
bacteria_1862|label=0	0.00013072515139356256	5.3015737648820505e-06	0.13363352417945862	0.36515894532203674	0.0010714879026636481	4
bacteria_1863|label=0	0.043456513434648514	5.188306749914773e-05	0.37032264471054077	0.08614140748977661	2.7543459509615786e-05	3
bacteria_1864|label=0	0.0436127632856369	2.2944297597859986e-05	0.40211743116378784	0.054138194769620895	0.00010866700176848099	3
bacteria_1865|label=0	0.00013709963241126388	4.02383329856093e-06	0.48893430829048157	0.010906871408224106	1.7702486729831435e-05	3
bacteria_1866|label=0	0.00988609530031681	1.1373214874765836e-05	0.44027644395828247	0.04981543868780136	1.065699598257197e-05	3
bacteria_1867|label=0	0.0002196379646193236	2.9117732992745005e-05	0.3918682932853699	0.10313626378774643	0.004746698774397373	3
bacteria_1868|label=0	0.002022916218265891	2.629832579259528e-06	0.41761425137519836	0.06815717369318008	0.012203024700284004	3
bacteria_1869|label=0	5.4139822168508545e-05	4.033091158817115e-07	0.479459285736084	0.008384928107261658	0.012101277709007263	3
bacteria_1870|label=0	0.00015354454808402807	4.543852264760062e-05	0.36731013655662537	0.13214293122291565	0.0003479748556856066	3
bacteria_1871|label=0	6.782064883736894e-05	3.1243882858689176e-06	0.444087415933609	0.05569799616932869	0.00014360752538777888	3
bacteria_1872|label=0	2.8757433028658852e-05	2.7010239023184113e-07	0.2073696404695511	0.002921509090811014	0.28967979550361633	5
bacteria_1873|label=0	0.0065479581244289875	6.081381070544012e-05	0.2158782035112381	0.2756108045578003	0.0019022340420633554	4
bacteria_1874|label=0	0.10170142352581024	3.622431540861726e-05	0.3740229904651642	0.02420368231832981	3.5639961424749345e-05	3
bacteria_1875|label=0	0.0009355291840620339	6.807067052250204e-07	0.34725186228752136	0.15074653923511505	0.0010653622448444366	3
bacteria_1876|label=0	0.023079846054315567	0.00010694714001147076	0.21287864446640015	0.2637175917625427	0.000216940141399391	4
bacteria_1877|label=0	0.0016350700752809644	3.1080816143003176e-07	0.3944948613643646	0.08145038038492203	0.02241937443614006	3
bacteria_1878|label=0	0.2495838850736618	0.00045793165918439627	0.11522591859102249	0.13463152945041656	0.00010080570791615173	1
bacteria_1879|label=0	1.1064007594541181e-05	9.895260154735297e-05	0.4739483594894409	0.022714681923389435	0.003226921893656254	3
bacteria_1880|label=0	0.0008547947509214282	9.527565271127969e-05	0.25177231431007385	0.24722997844219208	4.76617096865084e-05	3
bacteria_1881|label=0	0.0011533332290127873	7.362462838500505e-06	0.4554084837436676	0.04342830926179886	2.4874166228983086e-06	3
bacteria_1882|label=0	0.006940961815416813	0.0003074338601436466	0.25251972675323486	0.240218386054039	1.3491793652065098e-05	3
bacteria_1883|label=0	0.008962571620941162	5.77551982132718e-05	0.23763082921504974	0.25320303440093994	0.0001458606420783326	4
bacteria_1884|label=0	0.07981075346469879	0.19454258680343628	0.16335715353488922	0.051359109580516815	0.010930358432233334	2
bacteria_1885|label=0	0.013577316887676716	0.00011633707617875189	0.377460777759552	0.10171351581811905	0.007132078520953655	3
bacteria_1886|label=0	0.0005201277090236545	1.280824562854832e-05	0.48679274320602417	0.012242631055414677	0.00043168367119506	3
bacteria_1887|label=0	7.453972102666739e-06	6.998303092586866e-07	0.4212196171283722	0.07470248639583588	0.004069723188877106	3
bacteria_1888|label=0	0.00018158320744987577	2.3070251700119115e-05	0.4417034387588501	0.04935489594936371	0.008737030439078808	3
bacteria_1889|label=0	0.06181146577000618	0.0009989304235205054	0.12846890091896057	0.017474908381700516	0.29124578833580017	5
bacteria_1890|label=0	0.0013747807824984193	0.010797999799251556	0.014203913509845734	0.03619183599948883	0.4374314546585083	5
bacteria_1891|label=0	0.0039862715639173985	0.02927951142191887	0.2704538404941559	0.19613800942897797	0.00014235648268368095	3
bacteria_1892|label=0	0.011172324419021606	0.016146615147590637	0.2291957437992096	0.24099291861057281	0.0024923563469201326	4
bacteria_1893|label=0	0.32501089572906494	0.01199206244200468	0.10311106592416763	0.045613422989845276	0.014272559434175491	1
bacteria_1894|label=0	0.2732062339782715	0.0016469412948936224	0.14752978086471558	0.05072079226374626	0.026896268129348755	1
bacteria_1895|label=0	0.020398182794451714	3.058649235754274e-05	0.24171647429466248	0.23784272372722626	1.1999279195151757e-05	3
bacteria_1896|label=0	0.1373066008090973	0.002991750603541732	0.03930826112627983	0.014348401688039303	0.3060449957847595	5
bacteria_1897|label=0	0.4419915974140167	0.0019372465321794152	0.03462818264961243	0.007886644452810287	0.013556395657360554	1
bacteria_1898|label=0	0.0013738967245444655	0.03450935706496239	0.32866171002388	0.13531608879566193	0.0001389708195347339	3
bacteria_1899|label=0	0.009423471987247467	0.40086057782173157	0.06909992545843124	0.019950689747929573	0.0006653435993939638	2
bacteria_1900|label=0	0.00041917883208952844	4.592929326463491e-05	0.46715354919433594	0.032189756631851196	0.000191562416148372	3
bacteria_1901|label=0	0.48882290720939636	0.008210213854908943	0.0007723568705841899	0.002190361497923732	4.170118700130843e-06	1
bacteria_1902|label=0	0.3808099031448364	0.11898007988929749	3.0418425012612715e-05	2.859367486962583e-05	0.00015097267169039696	1
bacteria_1903|label=0	0.0006323098205029964	0.0008869545417837799	0.010663642548024654	0.013551851734519005	0.4742652177810669	5
bacteria_1904|label=0	0.32715970277786255	0.003784752683714032	0.030531490221619606	0.05710728466510773	0.0814167857170105	1
bacteria_1905|label=0	0.007345480844378471	0.4905768036842346	0.00010166352876694873	0.0019611751195043325	1.4885659766150638e-05	2
bacteria_1906|label=0	0.36006951332092285	0.13857632875442505	0.0008159675635397434	0.0005293599679134786	8.815394721750636e-06	1
bacteria_1907|label=0	0.0590386725962162	0.08372753858566284	0.1492816060781479	0.20772115886211395	0.00023104349384084344	4
bacteria_1908|label=0	0.13973179459571838	0.0004187246668152511	0.062465887516736984	0.2959558367729187	0.0014277788577601314	4
bacteria_1909|label=0	0.42147472500801086	0.04686804115772247	0.016624262556433678	0.014950945973396301	8.198067371267825e-05	1
bacteria_1910|label=0	0.4882306456565857	0.0030994547996670008	0.003809330752119422	0.0016431192634627223	0.0032174258958548307	1
bacteria_1911|label=0	0.07286539673805237	0.0009602716309018433	0.18216577172279358	0.24310529232025146	0.0009032537927851081	4
bacteria_1912|label=0	0.010062032379209995	0.14218221604824066	0.19565266370773315	0.1514776349067688	0.0006254487088881433	3
bacteria_1913|label=0	0.40362000465393066	0.04134818911552429	0.007319700438529253	0.0454864576458931	0.0022256504744291306	1
bacteria_1914|label=0	0.0011867599096149206	0.007958955131471157	0.2547668516635895	0.19990582764148712	0.036181624978780746	3
bacteria_1915|label=0	0.005498117301613092	0.002469961065798998	0.43214237689971924	0.03441941738128662	0.025470081716775894	3
bacteria_1916|label=0	0.0001331842504441738	0.0006371792987920344	0.46328383684158325	0.007026698440313339	0.028919143602252007	3
bacteria_1917|label=0	3.444649337325245e-05	2.6165294002566952e-06	0.45115017890930176	0.048790059983730316	2.2695941879646853e-05	3
bacteria_1918|label=0	0.00016489818517584354	1.4959517102397513e-05	0.3921171724796295	0.10750045627355576	0.00020250902161933482	3
bacteria_1919|label=0	0.0010776208946481347	0.0001930052094394341	0.36839139461517334	0.12889701128005981	0.0014409527648240328	3
bacteria_1920|label=0	0.00019371925736777484	9.885775398288388e-06	0.2789332866668701	0.21589124202728271	0.004971880931407213	3
bacteria_1921|label=0	0.0004044967354275286	0.00016285943274851888	0.4159187972545624	0.046523887664079666	0.03698993846774101	3
bacteria_1922|label=0	1.781251012289431e-05	0.0011586087057366967	0.418581485748291	0.07896801084280014	0.0012741109821945429	3
bacteria_1923|label=0	0.0132241640239954	0.00016653303464408964	0.4178580939769745	0.0657808929681778	0.0029703371692448854	3
bacteria_1924|label=0	0.0046229129657149315	2.3909933588583954e-07	0.30132001638412476	0.17958280444145203	0.014474005438387394	3
bacteria_1925|label=0	0.00039822800317779183	7.225960871437564e-05	0.18050386011600494	0.3156677484512329	0.0033578791189938784	4
bacteria_1926|label=0	5.267462620395236e-05	2.0367372144391993e-06	0.4365672767162323	0.05538042262196541	0.007997579872608185	3
bacteria_1927|label=0	0.008247542195022106	4.337029895395972e-05	0.4239000380039215	0.06576351076364517	0.002045532688498497	3
bacteria_1928|label=0	0.003467123955488205	0.0013385770143941045	0.2572994828224182	0.23614074289798737	0.0017541020642966032	3
bacteria_1929|label=0	0.0019186431309208274	1.2413885315254447e-06	0.23817525804042816	0.25989970564842224	5.155924554856028e-06	4
bacteria_1930|label=0	0.0051652006804943085	0.0003052189131267369	0.25176888704299927	0.23824870586395264	0.004512015730142593	3
bacteria_1931|label=0	0.014763561077415943	0.001334420870989561	0.47367820143699646	0.010130669921636581	9.317891817772761e-05	3
bacteria_1932|label=0	0.00030900107230991125	6.375101406774775e-07	0.4752892553806305	0.024377232417464256	2.3931655960041098e-05	3
bacteria_1933|label=0	0.060520824044942856	0.048422038555145264	0.14048008620738983	0.08809749782085419	0.16247957944869995	5
bacteria_1934|label=0	0.010606217198073864	6.248002591746626e-06	0.41298338770866394	0.07617597281932831	0.0002281440538354218	3
bacteria_1935|label=0	0.0003788608592003584	1.5790978977747727e-06	0.3673483431339264	0.1322556585073471	1.55611960508395e-05	3
bacteria_1936|label=0	0.00017572967044543475	3.2543819543207064e-05	0.4568963646888733	0.042468730360269547	0.00042662725900299847	3
bacteria_1937|label=0	0.0036038586404174566	5.273247370496392e-05	0.39470669627189636	0.08493214100599289	0.016704551875591278	3
bacteria_1938|label=0	4.85996606585104e-05	0.00036499451380223036	0.4755691587924957	0.022239742800593376	0.001777501660399139	3
bacteria_1939|label=0	0.0006360341794788837	1.342727045994252e-05	0.44860777258872986	0.04758603125810623	0.003156773978844285	3
bacteria_1940|label=0	0.006924952380359173	7.905739039415494e-06	0.17488619685173035	0.3153935372829437	0.002787375822663307	4
bacteria_1941|label=0	3.6246223316993564e-05	2.4107777790050022e-05	0.36243531107902527	0.1342421919107437	0.003262138459831476	3
bacteria_1942|label=0	0.0004838571767322719	1.9375477222638438e-06	0.38644009828567505	0.1130308136343956	4.330705996835604e-05	3
bacteria_1943|label=0	4.318563514971174e-05	8.679804886924103e-05	0.4253869950771332	0.07443958520889282	4.338344660936855e-05	3
bacteria_1944|label=0	0.004192629363387823	1.1124840966658667e-05	0.260082870721817	0.2356521338224411	6.127147207735106e-05	3
bacteria_1945|label=0	0.0011449498124420643	0.00010112808377016336	0.27548739314079285	0.10075651109218597	0.12251002341508865	3
bacteria_1946|label=0	0.005389029625803232	8.477611845592037e-05	0.3806494474411011	0.07789523154497147	0.03598148748278618	3
bacteria_1947|label=0	0.0012924645561724901	2.982786327265785e-06	0.13176485896110535	0.3669304847717285	9.19772810448194e-06	4
bacteria_1948|label=0	3.522455517668277e-05	0.00021057325648143888	0.3888256847858429	0.10543204843997955	0.005496469791978598	3
bacteria_1949|label=0	0.0007994412444531918	5.330591375241056e-05	0.17923779785633087	0.3196941912174225	0.00021525514603126794	4
bacteria_1950|label=0	0.00021531230595428497	6.674925771221751e-06	0.3776622712612152	0.12192607671022415	0.0001896727189887315	3
bacteria_1951|label=0	0.0009628442348912358	5.73465013076202e-06	0.4347497224807739	0.06345115602016449	0.0008305457886308432	3
bacteria_1952|label=0	1.127704422287934e-06	5.822087587148417e-06	0.42938047647476196	0.06997926533222198	0.0006332709453999996	3
bacteria_1953|label=0	0.0037807063199579716	0.008119978941977024	0.37070417404174805	0.11592122167348862	0.0014739203033968806	3
bacteria_1954|label=0	0.0006891114171594381	2.0163761291769333e-05	0.3421784043312073	0.14948543906211853	0.007626903243362904	3
bacteria_1955|label=0	0.0009683077805675566	1.4642017958976794e-05	0.4663980305194855	0.030345002189278603	0.002274036407470703	3
bacteria_1956|label=0	0.007662287447601557	0.0018895453540608287	0.3687315583229065	0.11653438955545425	0.00518227182328701	3
bacteria_1957|label=0	4.4711920054396614e-05	7.184663104453648e-07	0.1271371841430664	0.1351616233587265	0.23765580356121063	5
bacteria_1958|label=0	0.023644020780920982	0.0008670393726788461	0.19029659032821655	0.2832931578159332	0.0018992177210748196	4
bacteria_1959|label=0	0.024353407323360443	0.0015412797220051289	0.24364563822746277	0.23029208183288574	0.00016765916370786726	3
bacteria_1960|label=0	0.3909892439842224	0.006339014042168856	0.005949103273451328	0.042558036744594574	0.054164621978998184	1
bacteria_1961|label=0	0.000783449737355113	3.409510827623308e-05	0.4579204022884369	0.04125826433300972	3.744638206626405e-06	3
bacteria_1962|label=0	0.30321529507637024	0.0007195002399384975	0.12964004278182983	0.06632819026708603	9.696718188934028e-05	1
bacteria_1963|label=0	0.05264253169298172	0.00027358366060070693	0.09655441343784332	0.35043030977249146	9.918829891830683e-05	4
bacteria_1964|label=0	7.513463060604408e-05	1.2812419925012364e-07	0.0260541420429945	0.47373223304748535	0.00013835581194143742	4
bacteria_1965|label=0	0.002323210472241044	0.0008533045183867216	0.4181922674179077	0.07398197799921036	0.0046492707915604115	3
bacteria_1966|label=0	0.11306958645582199	0.016551950946450233	0.10879509150981903	0.2612345516681671	0.00034883824991993606	4
bacteria_1967|label=0	0.026635607704520226	0.00022934847220312804	0.40949746966362	0.06361842155456543	1.913208507176023e-05	3
bacteria_1968|label=0	0.00026853723102249205	1.193306343338918e-05	0.3976956307888031	0.09316848963499069	0.008855439722537994	3
bacteria_1969|label=0	0.0006335763027891517	0.0008435117197223008	0.4117754101753235	0.06089666858315468	0.02585083618760109	3
bacteria_1970|label=0	0.0005424580886028707	0.00025783153250813484	0.2923601567745209	0.20654511451721191	0.00029445550171658397	3
bacteria_1971|label=0	0.00023599179985467345	8.524271834176034e-06	0.2803921103477478	0.21933867037296295	2.470789331709966e-05	3
bacteria_1972|label=0	0.00040673339390195906	3.543372076819651e-05	0.20992915332317352	0.2895824909210205	4.6192384616006166e-05	4
bacteria_1973|label=0	0.0009820773266255856	1.7779991878796864e-07	0.1950114369392395	0.30400484800338745	1.4457300494541414e-06	4
bacteria_1974|label=0	0.008629742078483105	2.0208375644870102e-05	0.2507111430168152	0.24056391417980194	7.499799539800733e-05	3
bacteria_1975|label=0	0.005603068508207798	0.0009172798600047827	0.17867612838745117	0.3040385842323303	0.0107649564743042	4
bacteria_1976|label=0	0.02206922508776188	8.71353258844465e-05	0.321979820728302	0.15514394640922546	0.0007198598468676209	3
bacteria_1977|label=0	0.0003146739909425378	5.198127837502398e-06	0.3275698125362396	0.17210882902145386	1.5325405229305034e-06	3
bacteria_1978|label=0	0.0003590860578697175	9.904764738166705e-06	0.36490926146507263	0.13471022248268127	1.1515112419147044e-05	3
bacteria_1979|label=0	0.006803553551435471	2.1290381368999078e-07	0.05535045266151428	0.43783465027809143	1.11048002509051e-05	4
bacteria_1980|label=0	0.0011097427923232317	2.235015381302219e-05	0.16010133922100067	0.33653658628463745	0.0022299611009657383	4
bacteria_1981|label=0	0.0014431866584345698	0.00013685064914170653	0.31364500522613525	0.17841270565986633	0.006362247746437788	3
bacteria_1982|label=0	0.0011555851669982076	0.0005280580371618271	0.3311276137828827	0.16712686419487	6.188442785060033e-05	3
bacteria_1983|label=0	3.709243901539594e-05	1.0904604863526401e-07	0.47132864594459534	0.02857274003326893	6.140329060144722e-05	3
bacteria_1984|label=0	0.00018721952801570296	7.82026254455559e-05	0.465971440076828	0.018637167289853096	0.015125987119972706	3
bacteria_1985|label=0	0.1421019285917282	0.0002300405758433044	0.3086986839771271	0.04814894497394562	0.0008204277837648988	3
bacteria_1986|label=0	0.0005771844298578799	4.7156518121482804e-05	0.33745017647743225	0.1525602638721466	0.009365229867398739	3
bacteria_1987|label=0	0.0014583435840904713	1.9156275811837986e-05	0.31090566515922546	0.07527149468660355	0.11234531551599503	3
bacteria_1988|label=0	0.17293648421764374	0.00011521096166688949	0.30193883180618286	0.0246577225625515	0.0003517727309372276	3
bacteria_1989|label=0	0.10154850780963898	3.9112350350478664e-05	0.3427494466304779	0.05561723932623863	4.572313264361583e-05	3
bacteria_1990|label=0	0.007403394673019648	1.0171233952860348e-06	0.22567497193813324	0.2645586133003235	0.002361992374062538	4
bacteria_1991|label=0	0.21384231746196747	9.345263242721558e-05	0.1924697756767273	0.09324768930673599	0.0003468122740741819	1
bacteria_1992|label=0	0.0005977444816380739	2.2214291675481945e-05	0.19194935262203217	0.307178258895874	0.0002524571609683335	4
bacteria_1993|label=0	0.0009491337114013731	8.76111225807108e-05	0.32884925603866577	0.1700279861688614	8.601872104918584e-05	3
bacteria_1994|label=0	6.969393780309474e-06	1.4077931155043188e-05	0.18476299941539764	0.3151264786720276	8.947628521127626e-05	4
bacteria_1995|label=0	0.0005023393896408379	0.00028867015498690307	0.025242440402507782	0.02313310094177723	0.45083343982696533	5
bacteria_1996|label=0	2.136379771400243e-05	6.909359058226983e-07	0.33249562978744507	0.16465291380882263	0.002829417586326599	3
bacteria_1997|label=0	0.0004432205168996006	0.00013947856496088207	0.31288278102874756	0.1849113255739212	0.00162316404748708	3
bacteria_1998|label=0	0.012374944984912872	0.00020281555771362036	0.43508678674697876	0.04957705736160278	0.002758406102657318	3
bacteria_1999|label=0	0.04370570927858353	0.0060967919416725636	0.29309332370758057	0.10183625668287277	0.05526790767908096	3
eukaryotic_0|label=1	0.002012974349781871	0.0036619591992348433	0.27341097593307495	0.22077897191047668	0.00013513689918909222	3
eukaryotic_1|label=1	0.3578217327594757	0.006587237119674683	0.045572031289339066	0.09001372009515762	5.276551291899523e-06	1
eukaryotic_2|label=1	0.11602288484573364	0.013576695695519447	0.09647364169359207	0.27344438433647156	0.0004824126954190433	4
eukaryotic_3|label=1	0.37271976470947266	0.116858571767807	0.007156058680266142	0.0032134356442838907	5.216256613493897e-05	1
eukaryotic_4|label=1	0.4660208821296692	0.00012366547889541835	0.029947392642498016	0.0038743384648114443	3.369765909155831e-05	1
eukaryotic_5|label=1	0.47058606147766113	0.01734970137476921	0.009406747296452522	0.0023724883794784546	0.0002849063603207469	1
eukaryotic_6|label=1	0.4991688132286072	0.0004157542425673455	0.00014897026994731277	0.0002663851191755384	5.688621129706917e-08	1
eukaryotic_7|label=1	0.4805437922477722	0.00019294506637379527	0.013616107404232025	0.005585937295109034	6.124907667981461e-05	1
eukaryotic_8|label=1	0.0018956750864163041	0.48662522435188293	0.007736733183264732	0.003555461997166276	0.00018698027997743338	2
eukaryotic_9|label=1	0.4998525083065033	6.014772588969208e-05	3.9055870729498565e-05	4.72850188089069e-05	9.990286571337492e-07	1
eukaryotic_10|label=1	0.4909597933292389	0.00018136783910449594	0.0034267064183950424	0.001037364942021668	0.004394752439111471	1
eukaryotic_11|label=1	0.0008278010645881295	0.4989323914051056	2.82993059954606e-05	0.00021124351769685745	2.2965782875417062e-07	2
eukaryotic_12|label=1	0.461080402135849	0.003994273487478495	0.018586834892630577	0.01631387323141098	2.466971091052983e-05	1
eukaryotic_13|label=1	0.018211007118225098	0.03212415799498558	0.19946600496768951	0.1750180423259735	0.07518075406551361	3
eukaryotic_14|label=1	0.041750695556402206	0.016708163544535637	0.34596240520477295	0.004729489330202341	0.09084922075271606	3
eukaryotic_15|label=1	8.93718097358942e-05	0.49205321073532104	0.003910286817699671	0.0023086208384484053	0.0016384707996621728	2
eukaryotic_16|label=1	0.03766652196645737	0.000496858439873904	0.31110167503356934	0.14218616485595703	0.008548779413104057	3
eukaryotic_17|label=1	0.15093886852264404	0.13108956813812256	0.04250798746943474	0.01615227945148945	0.15931127965450287	5
eukaryotic_18|label=1	0.11951115727424622	0.11139412969350815	0.2580541968345642	0.011033599264919758	6.8946246756240726e-06	3
eukaryotic_19|label=1	0.49034354090690613	0.0029290474485605955	0.004060051869601011	0.0026656982954591513	1.6220013776546693e-06	1
eukaryotic_20|label=1	0.369373083114624	0.10303068161010742	0.015550453215837479	0.011902264319360256	0.00014355979510582983	1
eukaryotic_21|label=1	0.36498168110847473	0.06713461130857468	0.00837756972759962	0.004151226487010717	0.05535493046045303	1
eukaryotic_22|label=1	0.0031969177071005106	0.3766523599624634	0.059554774314165115	0.008714107796549797	0.05188184604048729	2
eukaryotic_23|label=1	0.06197725236415863	0.43569856882095337	0.001748114125803113	0.0005756018799729645	4.503907007347152e-07	2
eukaryotic_24|label=1	0.3248950242996216	0.03194082900881767	0.008890874683856964	0.1318632811307907	0.0024100299924612045	1
eukaryotic_25|label=1	0.008857877925038338	0.019117344170808792	0.44119614362716675	0.024227427318692207	0.006601228378713131	3
eukaryotic_26|label=1	0.36214932799339294	0.09127190709114075	0.028946267440915108	0.015199418179690838	0.0024331158492714167	1
eukaryotic_27|label=1	0.48528605699539185	0.009011060930788517	0.004217448178678751	0.0014653222169727087	2.020788269874174e-05	1
eukaryotic_28|label=1	0.0006508631049655378	0.005594115238636732	0.47523123025894165	0.01641746051609516	0.0021063312888145447	3
eukaryotic_29|label=1	0.0035841986536979675	0.02250092290341854	0.41611868143081665	0.05434546619653702	0.003450761316344142	3
eukaryotic_30|label=1	0.0011569659691303968	0.008263079449534416	0.42414626479148865	0.06633310765028	0.00010057321196654812	3
eukaryotic_31|label=1	0.0009729490266181529	0.42646437883377075	0.06100074201822281	0.007576399017125368	0.003985527437180281	2
eukaryotic_32|label=1	0.02042320929467678	0.001586800324730575	0.12525524199008942	0.26174718141555786	0.09098754823207855	4
eukaryotic_33|label=1	0.015354427509009838	0.000441845681052655	0.04267232120037079	0.44144368171691895	8.770677959546447e-05	4
eukaryotic_34|label=1	0.09290675818920135	0.03467729315161705	0.10857053846120834	0.2606605589389801	0.0031848594080656767	4
eukaryotic_35|label=1	0.0001442276407033205	0.0020801001228392124	0.49546733498573303	0.002292353892698884	1.5991294276318513e-05	3
eukaryotic_36|label=1	7.261379505507648e-05	0.00010192619811277837	0.4876008629798889	0.011048907414078712	0.0011756665771827102	3
eukaryotic_37|label=1	0.003433812875300646	0.0027290016878396273	0.4810127913951874	0.012565966695547104	0.00025841352180577815	3
eukaryotic_38|label=1	0.015992648899555206	0.3020770251750946	0.09598472714424133	0.07069316506385803	0.015252413228154182	2
eukaryotic_39|label=1	0.17589502036571503	0.03510044515132904	0.1170169860124588	0.16018229722976685	0.01180524006485939	1
eukaryotic_40|label=1	0.38943126797676086	0.105324886739254	0.0039447518065571785	0.0012459392892196774	5.3151936299400404e-05	1
eukaryotic_41|label=1	0.4935256242752075	0.001005248399451375	0.001345727825537324	0.0009430146892555058	0.003180353669449687	1
eukaryotic_42|label=1	0.49823272228240967	0.0017669129883870482	1.7323294798643474e-07	1.5427058741579458e-08	2.0187131610782671e-07	1
eukaryotic_43|label=1	0.2816038727760315	0.217895045876503	0.00024135095009114593	7.461407221853733e-05	0.00018508019275031984	1
eukaryotic_44|label=1	0.32904747128486633	0.1660493016242981	0.001367228222079575	0.0034293271601200104	0.00010666404705261812	1
eukaryotic_45|label=1	0.4548100233078003	0.002050532726570964	0.012150516733527184	0.030978072434663773	1.0862891940632835e-05	1
eukaryotic_46|label=1	0.47555652260780334	0.0001363905903417617	0.00011755149171222001	0.024189509451389313	3.218352473410846e-09	1
eukaryotic_47|label=1	0.49595901370048523	0.0009878298733383417	2.0123063222854398e-05	0.0029844234231859446	4.867309326073155e-05	1
eukaryotic_48|label=1	0.4949502646923065	0.00013328780187293887	8.550855272915214e-05	0.0046513499692082405	0.000179603899596259	1
eukaryotic_49|label=1	0.4998677670955658	5.852059530297993e-07	1.8726133532709355e-07	0.0001312103122472763	2.5548595772306726e-07	1
eukaryotic_50|label=1	0.0628361627459526	0.0031794689130038023	0.17556099593639374	0.2583889365196228	3.443409877945669e-05	4
eukaryotic_51|label=1	0.30180251598358154	0.1740541309118271	0.004928743001073599	0.019198844209313393	1.5788567907293327e-05	1
eukaryotic_52|label=1	0.35972923040390015	0.0034487976226955652	0.050704654306173325	0.06458044797182083	0.02153688296675682	1
eukaryotic_53|label=1	0.11714175343513489	0.19861142337322235	0.14414940774440765	0.022533541545271873	0.017563873901963234	2
eukaryotic_54|label=1	0.04076999053359032	0.004789638798683882	0.018574031069874763	0.112100750207901	0.3237656056880951	5
eukaryotic_55|label=1	0.031980060040950775	0.04867880791425705	0.10487348586320877	0.3051614761352539	0.009306186810135841	4
eukaryotic_56|label=1	0.1353265941143036	0.31369441747665405	0.02282777801156044	0.027672817930579185	0.00047838682075962424	2
eukaryotic_57|label=1	0.09685871750116348	0.23074111342430115	0.09968780726194382	0.0727042704820633	8.097542377072386e-06	2
eukaryotic_58|label=1	0.0625450536608696	0.0006225413526408374	0.006257643457502127	0.42824774980545044	0.0023270004894584417	4
eukaryotic_59|label=1	0.02272847853600979	0.015486267395317554	0.3640488088130951	0.0730932354927063	0.024643229320645332	3
eukaryotic_60|label=1	0.4993783235549927	0.0006157992174848914	4.6661617147947254e-07	2.6580130452202866e-06	2.7633268473437056e-06	1
eukaryotic_61|label=1	0.280267596244812	0.0070406412705779076	0.1361285299062729	0.07615067064762115	0.0004125384730286896	1
eukaryotic_62|label=1	0.06061212345957756	0.17782756686210632	0.17480963468551636	0.08617303520441055	0.0005776315811090171	2
eukaryotic_63|label=1	0.011383774690330029	0.1358172595500946	0.15247157216072083	0.19986294209957123	0.00046444268082268536	4
eukaryotic_64|label=1	0.24020163714885712	0.18639616668224335	0.0045970045030117035	0.030155787244439125	0.038649410009384155	1
eukaryotic_65|label=1	0.0765221044421196	0.002930097747594118	0.29969412088394165	0.12036952376365662	0.00048417740617878735	3
eukaryotic_66|label=1	0.3986164331436157	0.0961153581738472	0.0011398092610761523	0.0040347520262002945	9.360622789245099e-05	1
eukaryotic_67|label=1	0.36088183522224426	0.08383625000715256	0.047319281846284866	0.007867023348808289	9.559019963489845e-05	1
eukaryotic_68|label=1	0.22916561365127563	0.0680556669831276	0.03061777912080288	0.03451267257332802	0.13764826953411102	1
eukaryotic_69|label=1	0.3270851671695709	0.10456518083810806	0.025873398408293724	0.039225976914167404	0.0032502543181180954	1
eukaryotic_70|label=1	0.49626052379608154	0.0037393122911453247	1.1705268754269582e-08	4.543653986388563e-08	1.0880549439207243e-07	1
eukaryotic_71|label=1	0.00047702036681585014	0.027973854914307594	0.43705859780311584	0.034450821578502655	3.9720624045003206e-05	3
eukaryotic_72|label=1	0.4989929795265198	0.0009737135842442513	1.608046659384854e-05	9.392148967890535e-06	7.879282748035621e-06	1
eukaryotic_73|label=1	0.4641937017440796	0.035804614424705505	1.3323946745913418e-07	7.388052836176939e-08	1.4740131746293628e-06	1
eukaryotic_74|label=1	0.2333993762731552	0.2559817135334015	0.007914586924016476	0.002574814483523369	0.00012947084906045347	2
eukaryotic_75|label=1	0.280322790145874	0.059853583574295044	0.047653403133153915	0.10562606900930405	0.00654413178563118	1
eukaryotic_76|label=1	0.4680585563182831	0.031871285289525986	2.8522319553303532e-05	1.1675600944727194e-05	3.0027791581233032e-05	1
eukaryotic_77|label=1	0.01749340072274208	0.26585453748703003	0.076697938144207	0.1382569521665573	0.0016971701988950372	2
eukaryotic_78|label=1	0.00011401379015296698	0.45621639490127563	0.026803992688655853	0.0163355004042387	0.0005301226628944278	2
eukaryotic_79|label=1	0.0006240088259801269	0.492911696434021	2.3992623027879745e-05	0.0005591173539869487	0.005881188437342644	2
eukaryotic_80|label=1	0.005113993771374226	0.004748352337628603	0.3719106912612915	0.11552061140537262	0.0027062883600592613	3
eukaryotic_81|label=1	0.024347839877009392	0.4753585755825043	2.0617708287318237e-05	2.1935406039119698e-05	0.00025103730149567127	2
eukaryotic_82|label=1	0.009155605919659138	0.4901236295700073	0.0001078702334780246	3.7728714232798666e-05	0.0005751438438892365	2
eukaryotic_83|label=1	0.03301116079092026	0.04200443997979164	0.35755088925361633	0.06731308996677399	0.00012039322609780356	3
eukaryotic_84|label=1	0.48050656914711	0.0008158579003065825	0.01638094335794449	0.002215555403381586	8.103735308395699e-05	1
eukaryotic_85|label=1	0.4368405044078827	0.05694976821541786	0.0006843289593234658	0.005370803643018007	0.00015463701856788248	1
eukaryotic_86|label=1	0.18732047080993652	0.310960054397583	0.0009375624940730631	0.0007590433233417571	2.287125062139239e-05	2
eukaryotic_87|label=1	0.048639897257089615	0.45133212208747864	9.513810255157296e-07	1.5381509001599625e-05	1.1616352821874898e-05	2
eukaryotic_88|label=1	0.04566286504268646	0.4532673954963684	0.0006093289121054113	0.000459825387224555	5.479635660776694e-07	2
eukaryotic_89|label=1	0.3929821252822876	0.021524718031287193	0.07672203332185745	0.008754726499319077	1.6396808860008605e-05	1
eukaryotic_90|label=1	0.49975723028182983	8.252074621850625e-05	8.636289567220956e-05	2.285556774950237e-06	7.159913366194814e-05	1
eukaryotic_91|label=1	0.49945104122161865	8.611569501226768e-05	0.0003806140157394111	4.762954404213815e-07	8.175663970177993e-05	1
eukaryotic_92|label=1	0.0003742803819477558	0.4927401840686798	0.006383796222507954	0.00012133879499742761	0.00038038461934775114	2
eukaryotic_93|label=1	0.3067534863948822	0.044391125440597534	0.0368628203868866	0.0529232993721962	0.05906926840543747	1
eukaryotic_94|label=1	0.01281421072781086	0.4469532370567322	0.010181986726820469	0.02821020595729351	0.0018403268186375499	2
eukaryotic_95|label=1	0.3777609169483185	0.12156206369400024	0.00012160022743046284	0.0003459911677055061	0.000209464444196783	1
eukaryotic_96|label=1	0.49957430362701416	7.2768802965583745e-06	1.5373417454611626e-06	0.0004157161747571081	1.1191655175935011e-06	1
eukaryotic_97|label=1	0.041074514389038086	0.4586752653121948	0.0002254227438243106	1.453920231142547e-05	1.0300305802957155e-05	2
eukaryotic_98|label=1	0.38091370463371277	0.10926873236894608	0.00879678688943386	0.0009082314791157842	0.0001125569106079638	1
eukaryotic_99|label=1	0.4998987019062042	6.088330701459199e-05	1.8435493984725326e-05	2.1240564819891006e-05	7.4786396453419e-07	1
eukaryotic_100|label=1	0.4907503128051758	0.0013387289363890886	2.545061033742968e-05	0.00767463818192482	0.00021089593064971268	1
eukaryotic_101|label=1	0.03427916392683983	0.018140068277716637	0.06960134208202362	0.3475003242492676	0.03047911450266838	4
eukaryotic_102|label=1	0.018387770280241966	0.050945330411195755	0.26999741792678833	0.14404425024986267	0.016625192016363144	3
eukaryotic_103|label=1	0.09971529245376587	0.0004957321798428893	0.305437833070755	0.0903640016913414	0.003987137693911791	3
eukaryotic_104|label=1	0.44421300292015076	0.006619230378419161	0.01563708670437336	0.0048728035762906075	0.02865789271891117	1
eukaryotic_105|label=1	0.0001749667717376724	0.44544997811317444	0.017456086352467537	0.018241770565509796	0.018677158281207085	2
eukaryotic_106|label=1	5.513657970945482e-14	8.067415659118726e-12	0.4997137784957886	1.4031620594323613e-05	0.00027216720627620816	3
eukaryotic_107|label=1	0.024805186316370964	0.22446943819522858	0.022895630449056625	0.07078148424625397	0.15704821050167084	2
eukaryotic_108|label=1	0.1434057652950287	0.019954219460487366	0.33407676219940186	0.0002064978762064129	0.0023567702155560255	3
eukaryotic_109|label=1	0.4999639391899109	3.6043926229467615e-05	5.397861269074156e-09	6.454371259678737e-09	1.1966613477909505e-08	1
eukaryotic_110|label=1	0.12914788722991943	0.04543318599462509	0.17182907462120056	0.025238504633307457	0.1283513307571411	3
eukaryotic_111|label=1	0.04182059317827225	0.036904413253068924	0.040186937898397446	0.13023100793361664	0.25085705518722534	5
eukaryotic_112|label=1	0.3381185233592987	0.004029818810522556	0.10343261808156967	0.05168936401605606	0.0027296491898596287	1
eukaryotic_113|label=1	0.2804777920246124	0.21514351665973663	0.0007018514443188906	0.0030742387752979994	0.0006025927141308784	1
eukaryotic_114|label=1	0.49947667121887207	0.0001548479194752872	0.0002077702956739813	0.00014506164006888866	1.5640098354197107e-05	1
eukaryotic_115|label=1	0.49403589963912964	8.149003406288102e-05	0.003197113052010536	0.00254934118129313	0.0001361435861326754	1
eukaryotic_116|label=1	0.4625212252140045	0.03677640110254288	0.00027704215608537197	0.00040719451499171555	1.815767609514296e-05	1
eukaryotic_117|label=1	0.49525725841522217	0.0026410329155623913	0.0009148367680609226	0.00115148164331913	3.5352066333871335e-05	1
eukaryotic_118|label=1	0.4984474182128906	0.0014986071037128568	2.1278253825585125e-06	7.304950941033894e-06	4.44897887064144e-05	1
eukaryotic_119|label=1	0.49987879395484924	0.00010160268720937893	3.317701612104429e-06	1.5333276678575203e-05	9.561525757817435e-07	1
eukaryotic_120|label=1	0.49096956849098206	0.00023145413433667272	0.004014231730252504	0.004077419172972441	0.0007073393790051341	1
eukaryotic_121|label=1	0.1558842808008194	0.34229955077171326	8.168111889972351e-06	0.00023492495529353619	0.001573100103996694	2
eukaryotic_122|label=1	0.005066371522843838	0.49412280321121216	0.0002763179945759475	0.0005334250745363533	1.0846990790014388e-06	2
eukaryotic_123|label=1	0.0008360847714357078	0.4981449842453003	0.00026960871764458716	0.000721694843377918	2.766099714790471e-05	2
eukaryotic_124|label=1	0.004298526793718338	0.00131791562307626	0.4526382088661194	0.030998533591628075	0.010746821761131287	3
eukaryotic_125|label=1	0.04727298393845558	0.44134363532066345	0.0012435746612027287	0.0034795019309967756	0.006660296581685543	2
eukaryotic_126|label=1	0.1514274924993515	0.1598384827375412	0.03444863483309746	0.14623530209064484	0.008050057105720043	2
eukaryotic_127|label=1	0.03137224540114403	0.4680732786655426	4.0688764784135856e-06	5.725706432713196e-05	0.0004931658622808754	2
eukaryotic_128|label=1	0.13573874533176422	0.2920803725719452	0.006343236658722162	0.026607614010572433	0.03923004865646362	2
eukaryotic_129|label=1	0.2993442416191101	0.19951489567756653	0.00011559169797692448	0.0008479327661916614	0.00017733723507262766	1
eukaryotic_130|label=1	0.05226197466254234	0.19919909536838531	0.00533277727663517	0.20092394948005676	0.04228222742676735	4
eukaryotic_131|label=1	0.37180230021476746	0.10603334754705429	0.01049844827502966	0.011172699742019176	0.0004931845469400287	1
eukaryotic_132|label=1	0.44613227248191833	0.0014073635684326291	0.03786186873912811	0.013817020691931248	0.0007814776618033648	1
eukaryotic_133|label=1	0.2840265929698944	0.0324106328189373	0.0025540522765368223	0.0020975936204195023	0.17891111969947815	1
eukaryotic_134|label=1	0.009991136379539967	0.004190376959741116	0.3320021331310272	0.13622361421585083	0.01759278029203415	3
eukaryotic_135|label=1	0.030435504391789436	0.46649399399757385	0.00012874588719569147	0.0001451009011361748	0.002796627813950181	2
eukaryotic_136|label=1	0.49982452392578125	0.0001704667811281979	3.279988050053362e-06	1.6799110653664684e-06	4.797616171003938e-08	1
eukaryotic_137|label=1	0.1513342261314392	0.022037826478481293	0.0014060672838240862	0.0010584235424175858	0.32416343688964844	5
eukaryotic_138|label=1	0.4408802390098572	0.0038015495520085096	0.03324221819639206	0.01653221622109413	0.005543758627027273	1
eukaryotic_139|label=1	0.01730065792798996	0.45440584421157837	0.025782519951462746	0.00251089408993721	4.07899882759466e-08	2
eukaryotic_140|label=1	0.025264274328947067	0.19803056120872498	0.24080364406108856	0.03360200300812721	0.0022994731552898884	3
eukaryotic_141|label=1	0.291021466255188	0.14523723721504211	0.054174941033124924	0.006176546216011047	0.0033898286055773497	1
eukaryotic_142|label=1	0.49977996945381165	9.170766134047881e-05	3.995040970039554e-05	8.279757457785308e-05	5.520409558812389e-06	1
eukaryotic_143|label=1	0.2579658627510071	0.0037316465750336647	0.01909913495182991	0.15756069123744965	0.06164265051484108	1
eukaryotic_144|label=1	0.47284233570098877	0.004946607630699873	0.019061952829360962	0.002828833879902959	0.0003202309599146247	1
eukaryotic_145|label=1	0.006311733741313219	0.025989042595028877	0.4314420819282532	0.03612411394715309	0.00013298414705786854	3
eukaryotic_146|label=1	0.0012585914228111506	0.0003409090277273208	0.49463874101638794	0.003172552678734064	0.0005891770124435425	3
eukaryotic_147|label=1	0.11552619189023972	0.14956118166446686	0.22148001194000244	0.012802837416529655	0.0006297309882938862	3
eukaryotic_148|label=1	0.028077660128474236	0.04425620660185814	0.07074462622404099	0.153806671500206	0.20311486721038818	5
eukaryotic_149|label=1	0.4871315658092499	0.008003483526408672	0.002843413734808564	0.002018627477809787	2.9217187602625927e-06	1
eukaryotic_150|label=1	0.209851935505867	0.18762098252773285	0.044427040964365005	0.04010341316461563	0.01799658313393593	1
eukaryotic_151|label=1	0.41876330971717834	0.07779259234666824	0.0013374602422118187	0.0018451978685334325	0.000261442648479715	1
eukaryotic_152|label=1	0.494427889585495	0.0054754274897277355	4.937987250741571e-05	3.382984141353518e-05	1.3425702491076663e-05	1
eukaryotic_153|label=1	0.4404993951320648	0.018977012485265732	0.03889467567205429	0.0016237057279795408	5.182088443689281e-06	1
eukaryotic_154|label=1	0.34117013216018677	0.15488876402378082	0.0021328593138605356	0.001638178015127778	0.00017007759015541524	1
eukaryotic_155|label=1	0.010065674781799316	0.48974740505218506	6.183489404065767e-06	0.00015406389138661325	2.6654184694052674e-05	2
eukaryotic_156|label=1	0.015182801522314548	0.0016520946519449353	0.052338022738695145	0.12912802398204803	0.30169904232025146	5
eukaryotic_157|label=1	0.026602311059832573	0.030533108860254288	0.06613089144229889	0.1944521814584732	0.182281494140625	4
eukaryotic_158|label=1	0.031141305342316628	0.009491694159805775	0.15532085299491882	0.14337198436260223	0.16067412495613098	5
eukaryotic_159|label=1	0.4078806936740875	0.07020486891269684	0.0012664361856877804	0.003446880029514432	0.01720111444592476	1
eukaryotic_160|label=1	0.44140034914016724	0.05845870077610016	9.291774040320888e-05	2.9017419365118258e-05	1.9052276911679655e-05	1
eukaryotic_161|label=1	0.15452127158641815	0.34502315521240234	0.0003702307876665145	8.33813683129847e-05	2.0109355318709277e-06	2
eukaryotic_162|label=1	0.001597820082679391	0.49823692440986633	9.58680102485232e-05	6.375610246323049e-05	5.66178505323478e-06	2
eukaryotic_163|label=1	0.3553897440433502	0.12916439771652222	0.012477741576731205	0.0009391427738592029	0.0020290110260248184	1
eukaryotic_164|label=1	0.478826642036438	0.015999281778931618	0.001793419593013823	0.0027816100046038628	0.0005990492063574493	1
eukaryotic_165|label=1	0.014681849628686905	0.00032003014348447323	0.010355538688600063	0.019496580585837364	0.4551459848880768	5
eukaryotic_166|label=1	0.12349944561719894	0.36146458983421326	0.005369354039430618	0.006601125001907349	0.003065449418500066	2
eukaryotic_167|label=1	0.020194653421640396	0.00833459384739399	0.26875126361846924	0.15454991161823273	0.04816962778568268	3
eukaryotic_168|label=1	0.16947780549526215	0.0012697683414444327	0.3056710362434387	0.02347508631646633	0.00010630168981151655	3
eukaryotic_169|label=1	0.1148320809006691	0.30698642134666443	0.001715608756057918	0.06962554901838303	0.00684029096737504	2
eukaryotic_170|label=1	0.16027596592903137	0.016417939215898514	0.21063649654388428	0.11232694983482361	0.0003426427720114589	3
eukaryotic_171|label=1	0.012349260039627552	0.48470404744148254	0.0015749067533761263	0.0013229415053501725	4.888117473456077e-05	2
eukaryotic_172|label=1	0.4898325204849243	0.010165587067604065	8.110000635497272e-07	9.948450951924315e-07	1.4598035136259568e-07	1
eukaryotic_173|label=1	0.001212559873238206	0.0343618243932724	0.39954572916030884	0.04643159732222557	0.018448298797011375	3
eukaryotic_174|label=1	0.24272513389587402	0.21547287702560425	0.01650240086019039	0.018742866814136505	0.006556712090969086	1
eukaryotic_175|label=1	0.07697737962007523	0.00047985807759687304	0.29685136675834656	0.12429951131343842	0.0013918636832386255	3
eukaryotic_176|label=1	0.44958940148353577	0.04567807912826538	0.001033502398058772	0.0036435131914913654	5.55510341655463e-05	1
eukaryotic_177|label=1	0.24335145950317383	0.014973180368542671	0.16635818779468536	0.07245862483978271	0.0028585686814039946	1
eukaryotic_178|label=1	0.2883084714412689	0.20635558664798737	0.002549812663346529	0.0025052926503121853	0.00028081407072022557	1
eukaryotic_179|label=1	0.403855562210083	0.07214394211769104	0.01258570235222578	0.010557021014392376	0.0008577699773013592	1
eukaryotic_180|label=1	0.31191810965538025	0.07441039383411407	0.05619791895151138	0.012976697646081448	0.04449688643217087	1
eukaryotic_181|label=1	0.12318328022956848	0.36069345474243164	0.011986819095909595	0.0038693177048116922	0.00026712706312537193	2
eukaryotic_182|label=1	0.4045044183731079	0.048459168523550034	0.04249889776110649	0.0043735019862651825	0.00016396322462242097	1
eukaryotic_183|label=1	0.011158433742821217	0.2844807803630829	0.09103541076183319	0.10873891413211823	0.004586451221257448	2
eukaryotic_184|label=1	0.059099145233631134	0.006720142439007759	0.3686944544315338	0.0650842934846878	0.0004019298357889056	3
eukaryotic_185|label=1	0.0507860966026783	0.4461558163166046	0.0016772858798503876	0.001159688807092607	0.00022116221953183413	2
eukaryotic_186|label=1	0.014353418722748756	0.47887688875198364	0.006251759361475706	0.00035147101152688265	0.00016644502466078848	2
eukaryotic_187|label=1	0.04464466869831085	0.0017276523867622018	0.2246188372373581	0.22701096534729004	0.0019978429190814495	4
eukaryotic_188|label=1	0.49913278222084045	0.0003610083949752152	0.0002513806975912303	0.0002523074217606336	2.5528227070026333e-06	1
eukaryotic_189|label=1	0.4889698326587677	0.0005980202695354819	0.007559916004538536	0.0027987207286059856	7.357019785558805e-05	1
eukaryotic_190|label=1	0.4470396637916565	0.04842642694711685	0.0009451994556002319	0.0035746991634368896	1.4085948350839317e-05	1
eukaryotic_191|label=1	0.4715748727321625	0.025480668991804123	0.0006537724402733147	0.002285041380673647	5.615007012238493e-06	1
eukaryotic_192|label=1	0.1591479331254959	0.3401876389980316	0.0005817143828608096	4.224346412229352e-05	4.045333116664551e-05	2
eukaryotic_193|label=1	0.44078904390335083	0.05823785066604614	0.00021874537924304605	0.0007536125485785306	7.210028911686095e-07	1
eukaryotic_194|label=1	0.0017969176406040788	0.015334593132138252	0.1970095932483673	0.2858542799949646	4.584943326335633e-06	4
eukaryotic_195|label=1	0.44584980607032776	0.0010123179526999593	2.622520514705684e-05	0.05310468375682831	6.969628884689882e-06	1
eukaryotic_196|label=1	0.1736813336610794	0.30453917384147644	0.013476099818944931	0.008168104104697704	0.00013526188558898866	2
eukaryotic_197|label=1	0.034445010125637054	0.4651784300804138	7.226479647215456e-05	0.00017451102030463517	0.00012980870087631047	2
eukaryotic_198|label=1	0.4986637830734253	0.00109714490827173	4.533825267571956e-05	0.00014892588660586625	4.482961958274245e-05	1
eukaryotic_199|label=1	0.22880928218364716	0.016160758212208748	0.18706607818603516	0.015619457699358463	0.05234440416097641	1
eukaryotic_200|label=1	0.4983564615249634	0.0007166865980252624	0.0008777277544140816	3.777558958972804e-05	1.132140005211113e-05	1
eukaryotic_201|label=1	0.42964789271354675	0.03142264857888222	0.015835357829928398	0.02308117412030697	1.2855099157604855e-05	1
eukaryotic_202|label=1	0.0013893647119402885	0.49799972772598267	2.6227900889352895e-05	0.0005783035303466022	6.406073225662112e-06	2
eukaryotic_203|label=1	0.00015553770936094224	0.286702960729599	0.05954340845346451	0.028024116531014442	0.125573992729187	2
eukaryotic_204|label=1	0.46534863114356995	0.005670842248946428	0.007005270570516586	0.00264690606854856	0.019328361377120018	1
eukaryotic_205|label=1	0.014011313207447529	0.003215383505448699	0.3696710765361786	0.1105799451470375	0.0025222469121217728	3
eukaryotic_206|label=1	0.48175865411758423	0.007043513935059309	0.004988494329154491	0.0004528360441327095	0.005756495054811239	1
eukaryotic_207|label=1	0.351306289434433	0.10554797202348709	0.004659892059862614	0.02979450486600399	0.008691373281180859	1
eukaryotic_208|label=1	0.44598275423049927	0.04256312549114227	0.002619632752612233	0.004871436394751072	0.003963098395615816	1
eukaryotic_209|label=1	0.4041154384613037	0.09587759524583817	4.585583610605681e-06	6.389105351445323e-07	1.758946496011049e-06	1
eukaryotic_210|label=1	0.15274597704410553	0.3402797281742096	0.003927215933799744	0.0023405388928949833	0.0007065372774377465	2
eukaryotic_211|label=1	0.4458102881908417	0.05078888684511185	0.0003351417544763535	0.0008605761104263365	0.002205143216997385	1
eukaryotic_212|label=1	0.00871462095528841	0.4912645220756531	1.361312206427101e-05	2.5335523332614684e-06	4.772351985593559e-06	2
eukaryotic_213|label=1	0.4999591112136841	3.619241397245787e-05	2.8489142778198584e-07	2.096927801176207e-06	2.3015029455564218e-06	1
eukaryotic_214|label=1	0.49994343519210815	5.642745236400515e-05	1.7032025567687015e-08	3.8455684858718087e-08	7.098370247149433e-08	1
eukaryotic_215|label=1	0.46056243777275085	0.03350035846233368	0.005241830833256245	0.000671618152409792	2.3719163436908275e-05	1
eukaryotic_216|label=1	0.4945380687713623	0.004876288119703531	4.3481719330884516e-05	0.00041982464608736336	0.00012230411812197417	1
eukaryotic_217|label=1	0.012344975024461746	0.29316776990890503	0.1674754023551941	0.004959414713084698	0.02205243520438671	2
eukaryotic_218|label=1	0.488220751285553	0.011753256432712078	4.029134743177565e-06	1.3771987141808495e-05	8.21557841845788e-06	1
eukaryotic_219|label=1	0.30239900946617126	0.1697712391614914	0.002659098245203495	0.00935290940105915	0.015817714855074883	1
eukaryotic_220|label=1	0.34034764766693115	0.15931391716003418	3.1788513297215104e-05	0.0002856946084648371	2.0934079657308757e-05	1
eukaryotic_221|label=1	0.4882804751396179	0.011667885817587376	1.2446157597878482e-05	2.6041445380542427e-05	1.3136563211446628e-05	1
eukaryotic_222|label=1	0.49424368143081665	0.005755878984928131	5.8162084037860495e-09	2.0817958912289214e-08	4.4225907913642004e-07	1
eukaryotic_223|label=1	0.007855288684368134	0.49214184284210205	1.880620857264148e-06	3.755592956622422e-07	6.477316674136091e-07	2
eukaryotic_224|label=1	0.38072487711906433	0.06419119238853455	0.02167976088821888	0.023843098431825638	0.00956106185913086	1
eukaryotic_225|label=1	0.499927818775177	7.178980740718544e-05	4.984854129475025e-08	2.3624802736321726e-07	6.927612616891565e-08	1
eukaryotic_226|label=1	0.029876545071601868	0.4692205786705017	7.839297904865816e-05	0.0007692196522839367	5.529469854081981e-05	2
eukaryotic_227|label=1	0.017107950523495674	0.47236281633377075	0.003377147950232029	0.006514032371342182	0.0006380671984516084	2
eukaryotic_228|label=1	0.02337665855884552	0.001800987054593861	0.13099411129951477	0.3336096704006195	0.010218526236712933	4
eukaryotic_229|label=1	0.3798471689224243	0.006049298215657473	0.02320278435945511	0.07747172564268112	0.013429015874862671	1
eukaryotic_230|label=1	0.4761502146720886	0.02347099781036377	0.0002992472145706415	6.489204679382965e-05	1.4643584108853247e-05	1
eukaryotic_231|label=1	0.3632427453994751	0.12629124522209167	0.0032886548433452845	0.0006278417422436178	0.006549546495079994	1
eukaryotic_232|label=1	0.06512085348367691	0.276378870010376	0.15756122767925262	0.0009259351063519716	1.3126835256116465e-05	2
eukaryotic_233|label=1	0.05082312226295471	0.4266038239002228	0.002956886775791645	0.008397956378757954	0.01121825072914362	2
eukaryotic_234|label=1	0.004923063796013594	0.0042449054308235645	0.005766528192907572	0.4797765910625458	0.005288873799145222	4
eukaryotic_235|label=1	0.4479953348636627	0.036854762583971024	0.0024168293457478285	0.00045586266787722707	0.012277167290449142	1
eukaryotic_236|label=1	0.09051419794559479	0.38334113359451294	0.018057577311992645	0.0067245326936244965	0.0013625856954604387	2
eukaryotic_237|label=1	0.031457267701625824	0.19809859991073608	0.019062010571360588	0.021601900458335876	0.22978021204471588	5
eukaryotic_238|label=1	0.030401654541492462	0.30288055539131165	0.14910712838172913	0.013939940370619297	0.0036707487888634205	2
eukaryotic_239|label=1	0.002654207870364189	0.014692309312522411	0.371263712644577	0.09853565692901611	0.012854088097810745	3
eukaryotic_240|label=1	0.013346896506845951	0.4767054617404938	0.008196016773581505	0.0017502476694062352	1.359502562081616e-06	2
eukaryotic_241|label=1	0.012714549899101257	0.45895230770111084	0.019589286297559738	0.007302243262529373	0.0014416316989809275	2
eukaryotic_242|label=1	0.32216277718544006	0.017512746155261993	0.06544353812932968	0.09458712488412857	0.0002938123943749815	1
eukaryotic_243|label=1	1.0864740033866838e-05	0.485535591840744	0.009220966137945652	0.0052300370298326015	2.5334609290439403e-06	2
eukaryotic_244|label=1	0.06000816822052002	0.013218030333518982	0.35567229986190796	0.02552906982600689	0.045572418719530106	3
eukaryotic_245|label=1	0.3369855284690857	0.013260968960821629	0.14006608724594116	0.0079238535836339	0.001763590145856142	1
eukaryotic_246|label=1	0.05792093649506569	0.44203147292137146	7.184536116255913e-06	1.2951053349752328e-06	3.9099228160921484e-05	2
eukaryotic_247|label=1	0.0017535957740619779	0.024281607940793037	0.43796125054359436	0.033793773502111435	0.0022097821347415447	3
eukaryotic_248|label=1	0.49913984537124634	8.140408317558467e-05	0.0002565812028478831	0.00018385799194220454	0.00033835304202511907	1
eukaryotic_249|label=1	0.38107040524482727	0.06554316729307175	0.004873866681009531	0.048436496406793594	7.606184226460755e-05	1
eukaryotic_250|label=1	0.2388189136981964	0.22971776127815247	0.02546425722539425	0.0051577272824943066	0.0008413559407927096	1
eukaryotic_251|label=1	0.0003937720903195441	0.0009104052442125976	0.124039426445961	0.3316862881183624	0.04297012463212013	4
eukaryotic_252|label=1	0.3658744692802429	0.009310625493526459	0.07081573456525803	0.04642553627490997	0.007573655340820551	1
eukaryotic_253|label=1	0.1101406142115593	0.08823122084140778	0.287223756313324	0.01346747949719429	0.000936914118938148	3
eukaryotic_254|label=1	0.002599841682240367	0.492987722158432	0.0031574524473398924	0.000798748224042356	0.00045620938180945814	2
eukaryotic_255|label=1	1.2580646398419049e-05	0.00010481027857167646	0.4922986924648285	0.007559140212833881	2.481867340975441e-05	3
eukaryotic_256|label=1	0.005548243410885334	0.033358026295900345	0.436936616897583	0.021407581865787506	0.0027495725080370903	3
eukaryotic_257|label=1	0.002728137420490384	0.49084120988845825	0.0038168609607964754	0.002479968825355172	0.00013380647578742355	2
eukaryotic_258|label=1	0.06815675646066666	0.1843668818473816	0.04791346937417984	0.1636022925376892	0.03596057370305061	2
eukaryotic_259|label=1	0.499286949634552	0.0005321210483089089	0.00010815609130077064	6.462533929152414e-05	8.179492397175636e-06	1
eukaryotic_260|label=1	0.0045478385873138905	0.2553826570510864	0.1707974523305893	0.06470232456922531	0.00456972187384963	2
eukaryotic_261|label=1	0.03300675004720688	0.14010250568389893	0.27963727712631226	0.04664602875709534	0.0006074432167224586	3
eukaryotic_262|label=1	0.4900690019130707	0.009853794239461422	5.429071461549029e-05	1.2000394235656131e-05	1.0974040378641803e-05	1
eukaryotic_263|label=1	0.38660329580307007	0.015792205929756165	0.09249826520681381	0.005103082861751318	3.1209276585286716e-06	1
eukaryotic_264|label=1	0.03407268226146698	0.4651612937450409	0.0006822501891292632	7.808490045135841e-05	5.648543265124317e-06	2
eukaryotic_265|label=1	0.49808469414711	0.0011192960664629936	0.0002993619709741324	0.0004958010395057499	8.350787652489089e-07	1
eukaryotic_266|label=1	0.29221847653388977	0.20746180415153503	8.688854904903565e-06	1.9134386093355715e-05	0.0002918918908108026	1
eukaryotic_267|label=1	0.005302329547703266	0.0008768159314058721	0.036327607929706573	0.11563196033239365	0.3418612778186798	5
eukaryotic_268|label=1	0.0033524478785693645	0.47185006737709045	0.010726993903517723	0.012083180248737335	0.0019873057026416063	2
eukaryotic_269|label=1	0.49700555205345154	0.0005310822161845863	0.001963268732652068	0.0004673411895055324	3.2703457691241056e-05	1
eukaryotic_270|label=1	0.4587632417678833	0.028219835832715034	0.01155722327530384	0.001281130127608776	0.00017858626961242408	1
eukaryotic_271|label=1	0.3870333433151245	0.0007668944308534265	0.07975210249423981	0.022966371849179268	0.009481261484324932	1
eukaryotic_272|label=1	0.11372525990009308	0.3426499664783478	0.040706031024456024	0.0018976997816935182	0.0010210402542725205	2
eukaryotic_273|label=1	0.001713240286335349	0.4517613351345062	0.02163434959948063	0.002386474749073386	0.022504594177007675	2
eukaryotic_274|label=1	0.0002391815942246467	0.48565545678138733	0.0008393122116103768	0.006772440858185291	0.0064936610870063305	2
eukaryotic_275|label=1	0.0011351567227393389	0.33371973037719727	0.057244811207056046	0.009857464581727982	0.09804283082485199	2
eukaryotic_276|label=1	0.4945314824581146	0.005459283012896776	2.0998279524064856e-06	6.944182132428978e-06	1.9805520423687994e-07	1
eukaryotic_277|label=1	0.015922226011753082	0.021096428856253624	0.22433015704154968	0.10375310480594635	0.1348981261253357	3
eukaryotic_278|label=1	0.25561216473579407	0.01623208075761795	0.17490820586681366	0.04796109348535538	0.00528643187135458	1
eukaryotic_279|label=1	0.15831080079078674	0.33061254024505615	0.007936111651360989	0.0027519415598362684	0.00038865889655426145	2
eukaryotic_280|label=1	0.11665583401918411	0.38113778829574585	0.0006108348607085645	0.00016867299564182758	0.0014268982922658324	2
eukaryotic_281|label=1	0.2628643810749054	0.2199195921421051	0.011809329502284527	0.0018938692519441247	0.0035128239542245865	1
eukaryotic_282|label=1	0.4112307131290436	0.025648443028330803	0.036605991423130035	0.023068072274327278	0.0034467815421521664	1
eukaryotic_283|label=1	0.10597360134124756	0.3939855098724365	3.45872831530869e-06	9.221841537510045e-06	2.8235876015969552e-05	2
eukaryotic_284|label=1	2.5441384423174895e-05	0.4995872676372528	0.0003353061038069427	4.939472273690626e-05	2.6446768970345147e-06	2
eukaryotic_285|label=1	0.002600138308480382	0.0011151530779898167	0.45484885573387146	0.029490843415260315	0.011944972909986973	3
eukaryotic_286|label=1	0.008042585104703903	0.49178415536880493	7.34976856620051e-05	9.778196545084938e-05	1.983584070330835e-06	2
eukaryotic_287|label=1	0.4876439869403839	0.010285460390150547	0.0016215209616348147	0.0004488170670811087	1.5328278379911353e-07	1
eukaryotic_288|label=1	0.35136935114860535	0.0001458573096897453	0.129219651222229	0.016466809436678886	0.0027983644977211952	1
eukaryotic_289|label=1	0.40481171011924744	0.05066109821200371	0.042020197957754135	0.0014103117864578962	0.00109665107447654	1
eukaryotic_290|label=1	0.4909687638282776	0.009025419130921364	9.493390393799928e-07	4.697810709330952e-06	1.873516026762445e-07	1
eukaryotic_291|label=1	0.4460380971431732	0.05245264247059822	0.00043813628144562244	0.00039546017069369555	0.0006757182418368757	1
eukaryotic_292|label=1	0.3013586401939392	0.006470118183642626	0.06886206567287445	0.11655355989933014	0.0067556495778262615	1
eukaryotic_293|label=1	0.07395989447832108	0.4217383563518524	0.002297999570146203	0.0019099729834124446	9.383033466292545e-05	2
eukaryotic_294|label=1	0.00999707542359829	0.48993709683418274	5.242360202828422e-05	1.1495088983792812e-05	1.8593916593090398e-06	2
eukaryotic_295|label=1	0.34277987480163574	0.15080520510673523	0.002795424545183778	0.0025538934860378504	0.0010656315134838223	1
eukaryotic_296|label=1	0.10957848280668259	0.015523508191108704	0.34091371297836304	0.017545586451888084	0.016438709571957588	3
eukaryotic_297|label=1	0.021796945482492447	0.47796380519866943	1.420287026121514e-05	2.8727163225994445e-05	0.00019632259500212967	2
eukaryotic_298|label=1	0.4973524510860443	0.0007969684083946049	0.0014897985383868217	0.00033122615423053503	2.9549721148214303e-05	1
eukaryotic_299|label=1	0.49599841237068176	0.0001977144565898925	0.003022996475920081	0.0004883346846327186	0.00029250356601551175	1
eukaryotic_300|label=1	0.0627027302980423	0.001206283806823194	0.02355213649570942	0.0005219631129875779	0.412016898393631	5
eukaryotic_301|label=1	0.0224026907235384	0.0005453680059872568	0.2529703676700592	0.07071947306394577	0.15336209535598755	3
eukaryotic_302|label=1	0.00551568390801549	0.4944835603237152	4.2276397493878903e-08	9.062426897799014e-08	5.650330194839626e-07	2
eukaryotic_303|label=1	0.4833960235118866	0.016092171892523766	2.1828753233421594e-05	1.1866027307405602e-05	0.00047813868150115013	1
eukaryotic_304|label=1	0.4774283468723297	0.006593652535229921	0.015679866075515747	0.00023760125623084605	6.0495211073430255e-05	1
eukaryotic_305|label=1	0.4978633522987366	0.0019617381040006876	0.00011156954133184627	2.6666497433325276e-05	3.6686338717117906e-05	1
eukaryotic_306|label=1	0.02971762605011463	0.4519181549549103	0.017261816188693047	0.0008539259433746338	0.00024844356812536716	2
eukaryotic_307|label=1	0.29377612471580505	0.03849325329065323	0.13765744864940643	0.011784563772380352	0.018288617953658104	1
eukaryotic_308|label=1	0.17720116674900055	0.2931517958641052	0.009497447870671749	0.020071685314178467	7.784987974446267e-05	2
eukaryotic_309|label=1	0.4845969080924988	0.007258998230099678	0.006763862445950508	0.001342609990388155	3.7613783206325024e-05	1
eukaryotic_310|label=1	0.013696313835680485	0.48586195707321167	9.456805128138512e-05	3.9120153815019876e-05	0.00030798951047472656	2
eukaryotic_311|label=1	0.007101680152118206	0.012966614216566086	0.3203708529472351	0.1562652885913849	0.0032955575734376907	3
eukaryotic_312|label=1	0.09959839284420013	0.21743881702423096	0.06194912642240524	0.041600413620471954	0.07941324263811111	2
eukaryotic_313|label=1	0.03263339400291443	0.4565476179122925	0.0032433653250336647	0.002742844633758068	0.004832738544791937	2
eukaryotic_314|label=1	0.013450180180370808	2.898862658184953e-05	0.06419733166694641	0.40689778327941895	0.015425723977386951	4
eukaryotic_315|label=1	1.5546882423222996e-05	0.00012014897220069543	0.014908776618540287	0.005043605342507362	0.4799119234085083	5
eukaryotic_316|label=1	0.09680641442537308	0.3235383927822113	0.0009016618714667857	0.0011821252992376685	0.07757143676280975	2
eukaryotic_317|label=1	0.48381587862968445	0.0028301707934588194	0.011776815168559551	0.0009383420692756772	0.0006388156907632947	1
eukaryotic_318|label=1	0.5	2.832896139892682e-09	5.652709411663182e-10	1.4576541362831819e-10	3.2328755228405726e-09	1
eukaryotic_319|label=1	0.4996098279953003	6.391117494786158e-05	7.854195428080857e-05	0.0002469407336320728	7.574339520033391e-07	1
eukaryotic_320|label=1	0.35737931728363037	0.13985247910022736	0.0001460233615944162	0.000321193685522303	0.0023009779397398233	1
eukaryotic_321|label=1	0.14726170897483826	0.029949219897389412	0.07306437194347382	0.24882596731185913	0.0008987825131043792	4
eukaryotic_322|label=1	0.06028319150209427	0.4357456862926483	0.0029042174573987722	0.000534378516022116	0.0005325419479049742	2
eukaryotic_323|label=1	0.44403791427612305	0.05422747880220413	0.0005738735781051219	0.0009692599414847791	0.00019148823048453778	1
eukaryotic_324|label=1	0.13725920021533966	0.26360952854156494	0.01465612929314375	0.01205453835427761	0.07242058962583542	2
eukaryotic_325|label=1	0.01346614584326744	0.48575785756111145	0.00013560443767346442	0.0006392974173650146	1.088486328626459e-06	2
eukaryotic_326|label=1	0.23322118818759918	0.2659068703651428	8.908967720344663e-05	0.0007724409806542099	1.0382272193965036e-05	2
eukaryotic_327|label=1	0.4996388256549835	0.00036009843461215496	5.660488113790052e-07	4.559499586775928e-07	1.778312785916114e-08	1
eukaryotic_328|label=1	0.4996141791343689	0.00038285963819362223	8.67682992122809e-09	9.949007306886415e-08	2.8334100079518976e-06	1
eukaryotic_329|label=1	0.0122043052688241	0.001055929227732122	0.12244164943695068	0.27798932790756226	0.08630876988172531	4
eukaryotic_330|label=1	0.4550430178642273	0.023615414276719093	0.0069059389643371105	0.014301996678113937	0.0001336372079094872	1
eukaryotic_331|label=1	0.035911526530981064	0.08339159935712814	0.05668257549405098	0.2355196177959442	0.08849465847015381	4
eukaryotic_332|label=1	0.13568298518657684	0.04430108517408371	0.027194272726774216	0.2548072338104248	0.03801442310214043	4
eukaryotic_333|label=1	0.40844205021858215	0.049691274762153625	0.030721155926585197	0.010761573910713196	0.00038395088631659746	1
eukaryotic_334|label=1	0.0026995909865945578	0.003024014411494136	0.4199657738208771	0.07202554494142532	0.002285135444253683	3
eukaryotic_335|label=1	0.0005037640803493559	0.0078065297566354275	0.24195393919944763	0.24944494664669037	0.0002908231399487704	4
eukaryotic_336|label=1	0.06116904318332672	0.2524445950984955	0.11065355688333511	0.07572340965270996	9.367693564854562e-06	2
eukaryotic_337|label=1	0.4995158314704895	0.00012351454643066972	8.71456359163858e-06	0.00034928054083138704	2.6777304356073728e-06	1
eukaryotic_338|label=1	0.08207375556230545	0.01244890782982111	0.07254306226968765	0.06597059965133667	0.2669636905193329	5
eukaryotic_339|label=1	0.0002642098697833717	0.08049070090055466	0.1847643256187439	0.23389412462711334	0.0005866443971171975	4
eukaryotic_340|label=1	0.4353660047054291	0.02052556537091732	0.011841987259685993	0.020836403593420982	0.011430011130869389	1
eukaryotic_341|label=1	0.18503616750240326	0.06632306426763535	0.044124264270067215	0.19363945722579956	0.010877048596739769	4
eukaryotic_342|label=1	0.10899940878152847	0.22601260244846344	0.05454635992646217	0.08768745511770248	0.022754140198230743	2
eukaryotic_343|label=1	0.06440258771181107	0.4344681203365326	0.00012073219841113314	0.0006801719428040087	0.0003283609985373914	2
eukaryotic_344|label=1	0.003930133767426014	0.48983874917030334	0.002746365498751402	0.003060591407120228	0.0004242436261847615	2
eukaryotic_345|label=1	0.4813804030418396	0.00574197294190526	0.007856362499296665	0.004994677379727364	2.664818566699978e-05	1
eukaryotic_346|label=1	0.29723697900772095	0.08511894196271896	0.052808526903390884	0.06450091302394867	0.0003345818549860269	1
eukaryotic_347|label=1	0.49911120533943176	0.0008808596758171916	4.3074925315522705e-07	7.278723387571517e-06	2.6337400527154387e-07	1
eukaryotic_348|label=1	0.4931599199771881	0.006597229745239019	7.236713281599805e-05	0.0001695939718047157	8.538706310901034e-07	1
eukaryotic_349|label=1	0.43219292163848877	0.05199376493692398	0.006219136528670788	0.00881890021264553	0.0007752490928396583	1
eukaryotic_350|label=1	0.0597824864089489	0.43956276774406433	8.510782208759338e-05	0.0005664725904352963	3.1226477403833997e-06	2
eukaryotic_351|label=1	0.4979889690876007	0.0018099364824593067	0.00011045037535950541	8.378367783734575e-05	6.903622761456063e-06	1
eukaryotic_352|label=1	0.168948233127594	0.0011018299264833331	0.17153367400169373	0.07302527874708176	0.08539100736379623	3
eukaryotic_353|label=1	0.011353643611073494	0.2696132957935333	0.21743611991405487	0.0015737228095531464	2.322602813364938e-05	2
eukaryotic_354|label=1	0.33848410844802856	0.1506318300962448	5.9730973589466885e-05	0.00030854513170197606	0.010515794157981873	1
eukaryotic_355|label=1	0.495910108089447	0.004089499358087778	3.8259864254541753e-07	5.872036723530982e-08	1.0253986992836417e-08	1
eukaryotic_356|label=1	0.3972233831882477	0.09573718160390854	0.006099913269281387	0.0008217165013775229	0.00011780017666751519	1
eukaryotic_357|label=1	0.3801764249801636	0.07061474025249481	0.023919418454170227	0.012678303755819798	0.012611130252480507	1
eukaryotic_358|label=1	0.0030516101978719234	0.0037499666213989258	0.13135552406311035	0.3612717390060425	0.0005711615085601807	4
eukaryotic_359|label=1	0.004180312622338533	0.00019407203944865614	0.09956949949264526	0.33959898352622986	0.05645715817809105	4
eukaryotic_360|label=1	0.06891283392906189	0.0006022710585966706	0.03434106707572937	0.3960164785385132	0.00012735719792544842	4
eukaryotic_361|label=1	0.008138645440340042	0.034419238567352295	0.37243416905403137	0.04090314731001854	0.04410479590296745	3
eukaryotic_362|label=1	0.002055673161521554	0.008374485187232494	0.20720401406288147	0.02706901729106903	0.25529682636260986	5
eukaryotic_363|label=1	0.4812054932117462	0.0021887256298214197	0.013440494425594807	0.0028629463631659746	0.0003023685421794653	1
eukaryotic_364|label=1	0.4266279637813568	0.07267654687166214	0.0005138579872436821	8.27749099698849e-05	9.881515870802104e-05	1
eukaryotic_365|label=1	0.25196272134780884	0.24592117965221405	0.0007815160788595676	0.0013009742833673954	3.3664025977486745e-05	1
eukaryotic_366|label=1	0.05027175694704056	0.12924736738204956	0.2301710844039917	0.08447851985692978	0.005831311456859112	3
eukaryotic_367|label=1	0.47356754541397095	0.010407608933746815	0.008719895035028458	0.007228510919958353	7.645531877642497e-05	1
eukaryotic_368|label=1	0.03333044424653053	0.01090695895254612	0.10634768754243851	0.30831965804100037	0.0410953015089035	4
eukaryotic_369|label=1	0.1637718230485916	0.04055488854646683	0.14518728852272034	0.13760149478912354	0.012884452007710934	1
eukaryotic_370|label=1	0.37094712257385254	0.020590389147400856	0.07870147377252579	0.026688287034630775	0.003072688588872552	1
eukaryotic_371|label=1	0.47647470235824585	0.022664206102490425	0.0004742611781693995	0.00031598933856002986	7.08170045982115e-05	1
eukaryotic_372|label=1	0.3010302484035492	0.02392326481640339	0.07098213583230972	0.08085256069898605	0.023211780935525894	1
eukaryotic_373|label=1	0.20622390508651733	0.2936997711658478	6.257944187382236e-05	3.457242200965993e-06	1.0283101801178418e-05	2
eukaryotic_374|label=1	0.4996643662452698	0.00028459090390242636	2.4662675059516914e-05	2.623691216285806e-05	1.7649151118348527e-07	1
eukaryotic_375|label=1	0.49310433864593506	0.006773818749934435	3.619955532485619e-05	2.2346885089064017e-05	6.333510827971622e-05	1
eukaryotic_376|label=1	0.4999276399612427	1.5502519090659916e-05	3.713036903718603e-06	5.238486482994631e-05	7.506061479034543e-07	1
eukaryotic_377|label=1	0.19209828972816467	0.30736130475997925	0.00014726175868418068	0.0003814615774899721	1.167322898254497e-05	2
eukaryotic_378|label=1	0.4956933259963989	0.004268256016075611	3.514771833579289e-06	1.0905683893724927e-06	3.386464959476143e-05	1
eukaryotic_379|label=1	0.41684022545814514	0.019311487674713135	0.00896205473691225	0.015098880976438522	0.03978731110692024	1
eukaryotic_380|label=1	0.21044565737247467	0.14200487732887268	0.0073727029375731945	0.11989246308803558	0.02028430439531803	1
eukaryotic_381|label=1	0.08678010106086731	0.004540689289569855	0.15985840559005737	0.1455029845237732	0.10331784188747406	3
eukaryotic_382|label=1	0.0010180766694247723	4.9097976443590596e-05	0.03668268769979477	0.39536723494529724	0.06688293814659119	4
eukaryotic_383|label=1	0.3588886857032776	0.004762023687362671	0.03105291910469532	0.08320865780115128	0.022087737917900085	1
eukaryotic_384|label=1	0.021390685811638832	0.0036587947979569435	0.20031079649925232	0.24747653305530548	0.027163194492459297	4
eukaryotic_385|label=1	0.4780019223690033	0.0005940628470852971	0.011603211984038353	0.009497630409896374	0.0003031842061318457	1
eukaryotic_386|label=1	0.012504130601882935	0.011411668732762337	0.19020652770996094	0.2855469286441803	0.00033074477687478065	4
eukaryotic_387|label=1	0.29042935371398926	0.188338965177536	0.006232219748198986	0.01056350115686655	0.00443596625700593	1
eukaryotic_388|label=1	0.4974193871021271	0.002540051005780697	4.009124950243859e-06	1.6891663108253852e-06	3.48675275745336e-05	1
eukaryotic_389|label=1	0.19733209908008575	0.0048223501071333885	0.15458612143993378	0.1428891122341156	0.0003702989488374442	1
eukaryotic_390|label=1	0.16313204169273376	0.018175682052969933	0.00723945302888751	0.07463926076889038	0.23681358993053436	5
eukaryotic_391|label=1	0.146956205368042	0.017409032210707664	0.23763929307460785	0.0969579666852951	0.0010375019628554583	3
eukaryotic_392|label=1	0.0835113450884819	0.008731541223824024	0.14444361627101898	0.10097922384738922	0.16233427822589874	5
eukaryotic_393|label=1	0.027888372540473938	0.4199846088886261	0.045553117990493774	0.00631340965628624	0.0002604794572107494	2
eukaryotic_394|label=1	0.49135515093803406	0.00862980354577303	1.0068254596262705e-05	3.1375382150145015e-06	1.8000723684963305e-06	1
eukaryotic_395|label=1	0.0011693094857037067	0.4965124726295471	0.0014146716566756368	0.0008735598530620337	2.997148476424627e-05	2
eukaryotic_396|label=1	0.46454450488090515	0.009470265358686447	0.01474085170775652	0.004623332992196083	0.006621074862778187	1
eukaryotic_397|label=1	0.42088380455970764	0.07853394746780396	0.0003491978859528899	0.00014026662393007427	9.276444325223565e-05	1
eukaryotic_398|label=1	0.005280395969748497	0.4904961884021759	0.0024315372575074434	0.0015926166670396924	0.00019924707885365933	2
eukaryotic_399|label=1	3.449334326433018e-05	0.4657532274723053	0.025462083518505096	0.008359088562428951	0.0003910886007361114	2
eukaryotic_400|label=1	0.03196446970105171	0.46544167399406433	0.0010509726125746965	0.001397676533088088	0.00014520928380079567	2
eukaryotic_401|label=1	0.03218577802181244	0.00013193153426982462	0.4117104709148407	0.05269556865096092	0.003276244970038533	3
eukaryotic_402|label=1	0.08103614300489426	0.0029263708274811506	0.06346704065799713	0.3525601327419281	1.0292021215718705e-05	4
eukaryotic_403|label=1	0.003975689876824617	0.0059005278162658215	0.036309465765953064	0.43634504079818726	0.01746927946805954	4
eukaryotic_404|label=1	0.027024216949939728	0.4716131091117859	0.00016337765555363148	0.0010272952495142817	0.0001719565043458715	2
eukaryotic_405|label=1	0.449195921421051	0.004688385874032974	0.0028075454756617546	0.04058065637946129	0.002727521350607276	1
eukaryotic_406|label=1	0.47272732853889465	0.0015645562671124935	0.0048539042472839355	0.013102746568620205	0.007751488592475653	1
eukaryotic_407|label=1	0.031362757086753845	7.829110109014437e-05	0.2696220576763153	0.198480486869812	0.000456384354038164	3
eukaryotic_408|label=1	0.3111838400363922	0.18871347606182098	5.769767813035287e-05	2.1093614122946747e-05	2.3912934921099804e-05	1
eukaryotic_409|label=1	0.005094856023788452	0.49466732144355774	0.0001518584758741781	8.200576849048957e-05	3.950695372623159e-06	2
eukaryotic_410|label=1	0.4984775185585022	0.0015224082162603736	8.229722681107887e-08	2.1837477603980915e-08	1.3391953324060069e-08	1
eukaryotic_411|label=1	0.00026598304975777864	0.4997105002403259	2.8459978693717858e-06	5.628088729281444e-06	1.5098793483048212e-05	2
eukaryotic_412|label=1	0.4875878095626831	0.0055342745035886765	0.0005579824210144579	0.004050517920404673	0.0022694235667586327	1
eukaryotic_413|label=1	0.28322359919548035	0.14052611589431763	0.05439746007323265	0.021497158333659172	0.00035562715493142605	1
eukaryotic_414|label=1	0.49501854181289673	0.0049809422343969345	2.970014456593617e-08	4.6089735405985266e-07	5.696931371090841e-09	1
eukaryotic_415|label=1	0.47033384442329407	0.010245556011795998	0.0029038642533123493	0.016514010727405548	2.691515646802145e-06	1
eukaryotic_416|label=1	0.20211337506771088	0.2237771600484848	0.05513428896665573	0.01654636114835739	0.0024288082495331764	2
eukaryotic_417|label=1	0.07440666109323502	0.3505833148956299	0.0540163591504097	0.009325608611106873	0.01166810467839241	2
eukaryotic_418|label=1	0.00423256354406476	0.34001222252845764	0.045127373188734055	0.10516911745071411	0.00545868556946516	2
eukaryotic_419|label=1	0.006387305445969105	0.043943896889686584	0.38754603266716003	0.055055029690265656	0.007067725993692875	3
eukaryotic_420|label=1	0.1801230013370514	0.30958470702171326	0.009934641420841217	0.0003555951698217541	2.0774809854628984e-06	2
eukaryotic_421|label=1	0.4860178530216217	0.008647401817142963	0.0016392858233302832	0.001813918468542397	0.0018815407529473305	1
eukaryotic_422|label=1	0.4167124330997467	0.006898203864693642	0.040986914187669754	0.034858036786317825	0.0005444232374429703	1
eukaryotic_423|label=1	0.3701896369457245	0.0004008577379863709	0.1232764795422554	0.0061246310360729694	8.375972356589045e-06	1
eukaryotic_424|label=1	0.49595963954925537	0.004039097111672163	5.990281124468311e-07	5.409992809290998e-07	9.891238761383647e-08	1
eukaryotic_425|label=1	0.02311551570892334	0.010942268185317516	0.09261981397867203	0.008596858941018581	0.3647255003452301	5
eukaryotic_426|label=1	0.39498165249824524	0.0006012346129864454	0.006813917309045792	0.09419912844896317	0.003404048504307866	1
eukaryotic_427|label=1	0.36649805307388306	0.1334259808063507	3.3741329389158636e-05	5.279270226310473e-06	3.697291322168894e-05	1
eukaryotic_428|label=1	0.4993244707584381	0.000671161338686943	4.6673582687617454e-07	2.898516868299339e-06	1.0299401083102566e-06	1
eukaryotic_429|label=1	0.467709481716156	0.03164564445614815	6.358064274536446e-05	5.9797785070259124e-05	0.0005214798147790134	1
eukaryotic_430|label=1	0.4975561797618866	0.00031080952612683177	0.0016114362515509129	0.00048035912914201617	4.124424958718009e-05	1
eukaryotic_431|label=1	0.49999725818634033	1.3472272257786244e-06	3.190792341456472e-08	1.304324882767105e-06	7.476155694519093e-09	1
eukaryotic_432|label=1	0.16264624893665314	0.33735203742980957	1.601256144567742e-06	1.627040013829628e-08	6.190764167968155e-08	2
eukaryotic_433|label=1	0.35267728567123413	0.05531100928783417	0.03448764234781265	0.013616030104458332	0.043908048421144485	1
eukaryotic_434|label=1	0.4998171329498291	0.00018273189198225737	1.4511233104030907e-08	2.0110187293198578e-08	1.4216135468814173e-07	1
eukaryotic_435|label=1	0.484122633934021	0.0031899921596050262	0.006490272935479879	0.0061765615828335285	2.0527209926513024e-05	1
eukaryotic_436|label=1	0.49949005246162415	0.0003835108072962612	2.950525959022343e-05	9.628674160921946e-05	5.735266768169822e-07	1
eukaryotic_437|label=1	0.49882569909095764	0.0011562140425667167	2.41913062382082e-06	1.151535616372712e-05	4.101398644706933e-06	1
eukaryotic_438|label=1	0.33013567328453064	0.1685563027858734	9.121641051024199e-05	0.0006475368863902986	0.0005692561971955001	1
eukaryotic_439|label=1	0.02701406739652157	0.4715687334537506	0.00042993176612071693	0.0009037214913405478	8.353363227797672e-05	2
eukaryotic_440|label=1	0.27063971757888794	0.19089275598526	0.027338901534676552	0.011128504760563374	1.7592678602795786e-07	1
eukaryotic_441|label=1	0.4456438422203064	0.054007016122341156	2.377274358877912e-05	2.378716817474924e-05	0.0003015707479789853	1
eukaryotic_442|label=1	0.46635541319847107	0.0006134924478828907	0.020799407735466957	0.012157274410128593	7.442344212904572e-05	1
eukaryotic_443|label=1	0.4896692931652069	0.01030974742025137	1.6228743788815336e-06	8.817463822197169e-06	1.0482806828804314e-05	1
eukaryotic_444|label=1	0.46957269310951233	0.0005402052775025368	0.0004394483985379338	0.029428057372570038	1.9671131667564623e-05	1
eukaryotic_445|label=1	0.39010441303253174	0.10814936459064484	0.0009898007847368717	0.0007437299354933202	1.2677620361500885e-05	1
eukaryotic_446|label=1	0.2897436022758484	0.18496069312095642	0.00014224114420358092	7.625765283592045e-05	0.02507719211280346	1
eukaryotic_447|label=1	0.050757959485054016	0.4491489827632904	1.4491758520307485e-05	4.9668436986394227e-05	2.887664595618844e-05	2
eukaryotic_448|label=1	0.13713830709457397	0.36090052127838135	0.0015533220721408725	0.00030182357295416296	0.00010606797150103375	2
eukaryotic_449|label=1	0.3802301287651062	0.049167145043611526	0.04120486229658127	0.008650758303701878	0.02074713259935379	1
eukaryotic_450|label=1	0.013007326982915401	0.031138908118009567	0.0016333583043888211	0.009767900221049786	0.4444524943828583	5
eukaryotic_451|label=1	0.49954795837402344	0.00045204503112472594	3.74171182926375e-09	1.395931814585083e-09	1.528398407835141e-09	1
eukaryotic_452|label=1	0.024989645928144455	0.006785654462873936	0.41568025946617126	0.04612500220537186	0.006419448181986809	3
eukaryotic_453|label=1	0.3100457191467285	0.182090163230896	0.006589463911950588	0.0012230321299284697	5.164819594938308e-05	1
eukaryotic_454|label=1	0.01620704121887684	0.4837416708469391	4.1470889300398994e-06	3.4903194318758324e-05	1.2210344721097499e-05	2
eukaryotic_455|label=1	0.008311891928315163	0.44803282618522644	0.013099406845867634	0.015094288624823093	0.015461643226444721	2
eukaryotic_456|label=1	0.4986068904399872	0.0009725380805321038	6.8700765041285194e-06	0.00024715971085242927	0.0001665207091718912	1
eukaryotic_457|label=1	0.4727660119533539	2.483843900336069e-06	0.01192041952162981	0.014918376691639423	0.00039267510874196887	1
eukaryotic_458|label=1	0.47894349694252014	0.006227492354810238	0.010180970653891563	0.004607990849763155	4.0062583138933405e-05	1
eukaryotic_459|label=1	0.22224317491054535	0.2777549624443054	1.6565648763844365e-07	1.4866745914332569e-06	2.2214121031538525e-07	2
eukaryotic_460|label=1	0.49701622128486633	0.0029360419139266014	2.08141136681661e-05	2.604668952699285e-05	9.022796803037636e-07	1
eukaryotic_461|label=1	0.4669281542301178	0.032486725598573685	0.0002902213018387556	0.00028472859412431717	1.0171725989494007e-05	1
eukaryotic_462|label=1	0.3221341073513031	0.013414067216217518	0.11072259396314621	0.05282055214047432	0.000908660760615021	1
eukaryotic_463|label=1	0.00246475194580853	0.005318817216902971	0.03881322965025902	0.006842655595391989	0.4465605616569519	5
eukaryotic_464|label=1	0.029330167919397354	0.0013515895698219538	0.0656447634100914	0.22156165540218353	0.18211182951927185	4
eukaryotic_465|label=1	0.012268832884728909	0.008072059601545334	0.031081467866897583	0.4420032799243927	0.006574367638677359	4
eukaryotic_466|label=1	0.008344014175236225	0.49157577753067017	3.9223054045578465e-05	3.9669776015216485e-05	1.3323906387086026e-06	2
eukaryotic_467|label=1	0.47772711515426636	0.009845799766480923	0.0004715972754638642	0.00031085891532711685	0.011644622310996056	1
eukaryotic_468|label=1	0.13605208694934845	0.3620539605617523	0.0003859960415866226	9.588429384166375e-05	0.001412052195519209	2
eukaryotic_469|label=1	0.06844200938940048	0.005270829889923334	0.3758106827735901	0.03518224135041237	0.015294205397367477	3
eukaryotic_470|label=1	0.10837353020906448	0.39162081480026245	4.991812147636665e-06	6.433997441490646e-07	5.597704966220363e-09	2
eukaryotic_471|label=1	0.15129800140857697	0.34849435091018677	2.374254836468026e-05	6.104645581217483e-05	0.00012288913421798497	2
eukaryotic_472|label=1	0.05481775477528572	0.4450969994068146	4.409589382703416e-05	3.882215605699457e-05	2.2707681637257338e-06	2
eukaryotic_473|label=1	0.02946259081363678	0.47053730487823486	2.8287425735129546e-08	3.069973786296032e-08	1.2523150516585702e-08	2
eukaryotic_474|label=1	0.49999916553497314	7.712076808275015e-07	1.0285000406895506e-08	4.552797250312324e-08	2.3626224532335982e-08	1
eukaryotic_475|label=1	0.4723692536354065	0.025758622214198112	0.0017083297716453671	0.00015150030958466232	1.226129552378552e-05	1
eukaryotic_476|label=1	0.21031935513019562	0.28604358434677124	0.0030548914801329374	0.000578368257265538	3.815361651504645e-06	2
eukaryotic_477|label=1	0.46821168065071106	0.031293075531721115	2.1972551621729508e-05	0.00046544629731215537	7.815405297151301e-06	1
eukaryotic_478|label=1	0.46144038438796997	0.038542550057172775	2.2446090497396654e-06	6.2922690631239675e-06	8.532018910045736e-06	1
eukaryotic_479|label=1	0.12129781395196915	0.3786908984184265	1.7815010551203159e-06	9.279882760893088e-06	2.432466601476335e-07	2
eukaryotic_480|label=1	0.22875435650348663	0.16708970069885254	0.042574282735586166	0.05530771240592003	0.006273990031331778	1
eukaryotic_481|label=1	0.437102735042572	0.050371378660202026	0.0014606156619265676	0.011012711562216282	5.25615323567763e-05	1
eukaryotic_482|label=1	0.4456666111946106	0.053566496819257736	3.979460962000303e-05	0.0006615889724344015	6.550161924678832e-05	1
eukaryotic_483|label=1	0.3755358159542084	0.033959608525037766	0.031012242659926414	0.05924408137798309	0.0002482156560290605	1
eukaryotic_484|label=1	0.3360086977481842	0.13542276620864868	0.008896738290786743	0.01965203694999218	1.9768986021517776e-05	1
eukaryotic_485|label=1	0.0026675076223909855	0.4821051359176636	1.9242435882915743e-05	0.0005311482236720622	0.014676939696073532	2
eukaryotic_486|label=1	0.27871236205101013	0.22108307480812073	2.5391327653778717e-05	1.9859775420627557e-05	0.00015928951324895024	1
eukaryotic_487|label=1	0.030858321115374565	0.01662847399711609	0.23158249258995056	0.2201988250017166	0.0007319058640860021	3
eukaryotic_488|label=1	0.07139773666858673	0.3296797275543213	0.004046175163239241	0.0022340116556733847	0.09264232963323593	2
eukaryotic_489|label=1	0.0024703191593289375	0.4736212491989136	0.020270243287086487	0.003572742221876979	6.548912642756477e-05	2
eukaryotic_490|label=1	0.043351706117391586	0.40005001425743103	0.051911626011133194	0.002705369144678116	0.0019812334794551134	2
eukaryotic_491|label=1	2.57238639278512e-06	0.49997472763061523	1.4131991292742896e-06	1.995784077735152e-05	1.3127693136993912e-06	2
eukaryotic_492|label=1	0.0006799580296501517	0.4720463752746582	0.02509940229356289	0.0021737159695476294	4.879506718680204e-07	2
eukaryotic_493|label=1	0.0013329485664144158	0.41815704107284546	0.014416095800697803	0.0019165374105796218	0.06417741626501083	2
eukaryotic_494|label=1	0.0026653592940419912	0.4825640618801117	0.002536820014938712	0.0021825991570949554	0.010051143355667591	2
eukaryotic_495|label=1	0.006829621270298958	0.00022675265790894628	0.11771814525127411	0.3669191896915436	0.008306252770125866	4
eukaryotic_496|label=1	0.1252264380455017	0.0019789179787039757	0.34923532605171204	0.017034245654940605	0.006525078322738409	3
eukaryotic_497|label=1	0.4939534068107605	0.004994829185307026	0.0007901859353296459	0.0002612693060655147	3.719179630934377e-07	1
eukaryotic_498|label=1	0.20084862411022186	0.29913926124572754	3.3580131457711104e-06	8.499416253471281e-06	2.830497294326051e-07	2
eukaryotic_499|label=1	0.4827171266078949	0.017184318974614143	2.5928659397322917e-06	8.947051537688822e-05	6.484870027634315e-06	1
eukaryotic_500|label=1	0.07862115651369095	0.42130523920059204	6.172048597363755e-05	6.724996637785807e-06	5.121560661791591e-06	2
eukaryotic_501|label=1	2.4921213480411097e-05	0.4999470114707947	1.9352453819010407e-05	1.6608272517260048e-06	7.0611040428048e-06	2
eukaryotic_502|label=1	0.10200995206832886	0.39746949076652527	0.0001240783167304471	4.432020432432182e-05	0.0003521226462908089	2
eukaryotic_503|label=1	0.4998263120651245	0.00016417267033830285	2.957676542791887e-06	5.727615643991157e-06	8.47344040266762e-07	1
eukaryotic_504|label=1	0.3882632553577423	0.10064049810171127	8.509674444212578e-06	0.011085998266935349	1.6949794598986045e-06	1
eukaryotic_505|label=1	0.39878049492836	0.013352829962968826	0.04382869973778725	0.041629280894994736	0.002408665604889393	1
eukaryotic_506|label=1	0.00908945593982935	0.46364086866378784	0.01922191120684147	0.006852703634649515	0.0011950454208999872	2
eukaryotic_507|label=1	0.46797770261764526	0.005287867970764637	0.0008590004872530699	0.0012229753192514181	0.024652449414134026	1
eukaryotic_508|label=1	0.4990581274032593	0.00030350268934853375	3.854282113024965e-05	0.0005863241967745125	1.3524551832233556e-05	1
eukaryotic_509|label=1	0.002039766637608409	0.0021623787470161915	0.15016931295394897	0.024075033143162727	0.321553498506546	5
eukaryotic_510|label=1	0.0002595986588858068	0.49974027276039124	7.361564513530539e-08	6.28339904551467e-08	2.3663000447982085e-08	2
eukaryotic_511|label=1	0.4914429485797882	0.00852024182677269	1.3929871784057468e-05	1.716504448268097e-05	5.675046395481331e-06	1
eukaryotic_512|label=1	0.018066929653286934	0.4755038619041443	0.0018261531367897987	0.004512463696300983	9.058551950147375e-05	2
eukaryotic_513|label=1	0.012032397091388702	0.011347783729434013	0.006913414690643549	0.002554186386987567	0.4671522378921509	5
eukaryotic_514|label=1	0.0647064670920372	0.41359466314315796	8.615942351752892e-05	0.0006078464793972671	0.021004876121878624	2
eukaryotic_515|label=1	0.09270200878381729	0.09803111851215363	0.2952386438846588	0.009413096122443676	0.004615119192749262	3
eukaryotic_516|label=1	0.3758768141269684	0.12340477108955383	0.0004953363677486777	0.00018633611034601927	3.676243795780465e-05	1
eukaryotic_517|label=1	0.05945861339569092	0.4300200641155243	0.0021708097774535418	0.004468139726668596	0.00388233526609838	2
eukaryotic_518|label=1	0.48918014764785767	0.005262643564492464	0.0001462361979065463	0.005377262365072966	3.370171907590702e-05	1
eukaryotic_519|label=1	0.4954701066017151	0.004031947813928127	0.00022771547082811594	0.00017195128020830452	9.832908108364791e-05	1
eukaryotic_520|label=1	0.46882569789886475	0.0009201971115544438	0.010006453841924667	0.011099214665591717	0.009148401208221912	1
eukaryotic_521|label=1	0.08012782782316208	0.034700047224760056	0.1691528856754303	0.1752547323703766	0.04076451435685158	4
eukaryotic_522|label=1	0.0011402281234040856	0.41297411918640137	0.02016148902475834	0.04117197543382645	0.024552177637815475	2
eukaryotic_523|label=1	0.007043760269880295	0.3559547960758209	0.002918177517130971	0.0239078588783741	0.11017543822526932	2
eukaryotic_524|label=1	0.1239328607916832	0.07092821598052979	0.13171620666980743	0.17268380522727966	0.0007388957892544568	4
eukaryotic_525|label=1	0.4039619266986847	0.07935044169425964	0.004967224318534136	0.006400471553206444	0.005319918505847454	1
eukaryotic_526|label=1	0.33058515191078186	0.0006658597267232835	0.15136831998825073	0.0019700268749147654	0.015410669147968292	1
eukaryotic_527|label=1	1.8030212913799915e-06	0.49999821186065674	1.1100089736260088e-09	1.8290207126625546e-09	1.4665261227619908e-09	2
eukaryotic_528|label=1	0.4536718726158142	0.014383845962584019	0.008264330215752125	0.022171534597873688	0.001508442685008049	1
eukaryotic_529|label=1	0.49095240235328674	0.0015251465374603868	0.0029805623926222324	0.0016641143010929227	0.0028778088744729757	1
eukaryotic_530|label=1	0.21607711911201477	0.10812782496213913	0.09054769575595856	0.04388250783085823	0.04136482998728752	1
eukaryotic_531|label=1	0.2668161392211914	0.18331582844257355	0.046027276664972305	0.0023388569243252277	0.001501888851635158	1
eukaryotic_532|label=1	0.06351564079523087	0.0275627002120018	0.062247809022665024	0.08089961111545563	0.2657742500305176	5
eukaryotic_533|label=1	0.019612012431025505	0.47855517268180847	0.0004109658766537905	0.0011998859699815512	0.0002219405141659081	2
eukaryotic_534|label=1	0.07168511301279068	0.3712688088417053	0.011850831098854542	0.04519197344779968	3.2788250337034697e-06	2
eukaryotic_535|label=1	0.12322182953357697	0.34667137265205383	0.010074842721223831	0.01815800927579403	0.0018739319639280438	2
eukaryotic_536|label=1	0.10436918586492538	0.393934965133667	0.0013577321078628302	0.0003014882677234709	3.663014285848476e-05	2
eukaryotic_537|label=1	0.000948722823522985	0.4989967942237854	1.8593300410429947e-05	2.637957368278876e-05	9.492147000855766e-06	2
eukaryotic_538|label=1	0.07662222534418106	0.3751423954963684	0.0034420897718518972	0.04437991604208946	0.00041333818808197975	2
eukaryotic_539|label=1	0.00030981507734395564	0.000812872895039618	0.25310027599334717	0.24576598405838013	1.1067532796005253e-05	3
eukaryotic_540|label=1	0.43820419907569885	0.055359579622745514	0.0007075450848788023	0.002574174664914608	0.0031544456724077463	1
eukaryotic_541|label=1	0.05498714745044708	0.4269077777862549	0.004689498338848352	0.005619050934910774	0.007796504069119692	2
eukaryotic_542|label=1	0.00019339469145052135	0.4996846616268158	2.9859676942578517e-05	9.021598089020699e-05	1.8299067505722633e-06	2
eukaryotic_543|label=1	0.1979764848947525	0.29750528931617737	0.00011896527576027438	0.004340811166912317	5.844612678629346e-05	2
eukaryotic_544|label=1	0.0009491436067037284	0.4987027943134308	0.000171686100657098	8.31113793537952e-05	9.326799772679806e-05	2
eukaryotic_545|label=1	0.4837900996208191	0.013783279806375504	0.0017249243101105094	0.00046625774120911956	0.0002354118478251621	1
eukaryotic_546|label=1	0.07740789651870728	0.043810516595840454	0.3438831865787506	0.015407998114824295	0.01949043944478035	3
eukaryotic_547|label=1	0.14559367299079895	0.09548833221197128	0.025136714801192284	0.006532760336995125	0.22724851965904236	5
eukaryotic_548|label=1	0.1289091259241104	0.3509684205055237	0.0029900057706981897	0.0007233682554215193	0.016409102827310562	2
eukaryotic_549|label=1	0.47814416885375977	0.003567557083442807	0.00303311157040298	0.01498410850763321	0.0002710094559006393	1
eukaryotic_550|label=1	0.4189266860485077	0.003843975719064474	0.05611611530184746	0.008200887590646744	0.012912331148982048	1
eukaryotic_551|label=1	0.0026442212983965874	0.006021282635629177	0.14562058448791504	0.3429565727710724	0.0027573604602366686	4
eukaryotic_552|label=1	0.057976264506578445	0.022547869011759758	0.12338027358055115	0.19444499909877777	0.10165054351091385	4
eukaryotic_553|label=1	0.4995802640914917	0.0003742255794350058	2.3555057850899175e-05	4.346199602878187e-06	1.755870289343875e-05	1
eukaryotic_554|label=1	0.499927818775177	3.2913536415435374e-05	1.3678009054274298e-05	1.662811882852111e-05	8.911831173463725e-06	1
eukaryotic_555|label=1	0.2059440314769745	0.01378957461565733	0.004490298684686422	0.006527551915496588	0.26924851536750793	5
eukaryotic_556|label=1	0.17636089026927948	0.24150943756103516	0.026915796101093292	0.053757715970277786	0.0014561812859028578	2
eukaryotic_557|label=1	0.05929133668541908	0.4399985671043396	0.0006412753136828542	5.90448071307037e-05	9.773842975846492e-06	2
eukaryotic_558|label=1	0.02072443626821041	0.0008906761067919433	0.1058187186717987	0.34029626846313477	0.03226988762617111	4
eukaryotic_559|label=1	0.4966416358947754	0.0003079055459238589	0.00021154370915610343	0.0028380053117871284	8.805116635812738e-07	1
eukaryotic_560|label=1	0.038855887949466705	0.009344718419015408	0.08727139234542847	0.3249658942222595	0.03956212103366852	4
eukaryotic_561|label=1	0.03809630498290062	0.007905972190201283	0.2984119653701782	0.11630869656801224	0.039277054369449615	3
eukaryotic_562|label=1	0.3862176239490509	0.06332497298717499	0.0014905245043337345	0.046432334929704666	0.0025345622561872005	1
eukaryotic_563|label=1	0.0011126416502520442	0.49859100580215454	8.401955710723996e-05	0.0001685904135229066	4.375415664981119e-05	2
eukaryotic_564|label=1	0.0012700663646683097	0.10852110385894775	0.04423452168703079	0.025590674951672554	0.32038360834121704	5
eukaryotic_565|label=1	0.004207095596939325	0.49558043479919434	0.0001582036929903552	3.4876484278356656e-05	1.935960608534515e-05	2
eukaryotic_566|label=1	0.0018853560322895646	0.00022848419030196965	0.007860547862946987	0.012555603869259357	0.4774700403213501	5
eukaryotic_567|label=1	0.001315403962507844	0.43488016724586487	0.01620061695575714	0.04520956799387932	0.0023942519910633564	2
eukaryotic_568|label=1	0.034505732357501984	0.4584313929080963	0.005309252068400383	0.0011411764426156878	0.0006124557694420218	2
eukaryotic_569|label=1	0.46902480721473694	0.002358744153752923	0.0011551285861060023	0.0274078119546175	5.3450923587661237e-05	1
eukaryotic_570|label=1	0.4981536865234375	8.640401210868731e-05	7.488977280445397e-05	0.0015547947259619832	0.0001302009040955454	1
eukaryotic_571|label=1	0.4985693693161011	3.918089532817248e-06	4.2085102904820815e-06	0.0014175685355439782	4.9351961024513e-06	1
eukaryotic_572|label=1	0.4905933141708374	0.009406699799001217	1.4911059054156794e-08	2.691943556953902e-09	7.069387436553498e-11	1
eukaryotic_573|label=1	0.497663676738739	0.002336017554625869	1.1626469387238103e-07	1.948850609778674e-07	5.812405556859801e-10	1
eukaryotic_574|label=1	0.4995332658290863	0.0004665002052206546	2.340807156997471e-07	2.060335546616443e-08	2.8752039638035853e-10	1
eukaryotic_575|label=1	0.018169671297073364	0.06916116923093796	0.25574567914009094	0.09759362787008286	0.05932987481355667	3
eukaryotic_576|label=1	0.0023170302156358957	0.4976578950881958	2.90938510261185e-06	1.3266060705063865e-05	8.923670975491405e-06	2
eukaryotic_577|label=1	3.668104545795359e-05	0.4999629259109497	1.6783030787337339e-07	2.655208959367883e-07	2.376742358478623e-08	2
eukaryotic_578|label=1	0.4389968812465668	0.02524508163332939	0.0005162453162483871	0.007064023055136204	0.028177767992019653	1
eukaryotic_579|label=1	0.2715926766395569	0.22340889275074005	0.0013069460401311517	0.0035983046982437372	9.316866635344923e-05	1
eukaryotic_580|label=1	0.19083622097969055	0.3091629147529602	8.2586055327738e-08	2.517285793146584e-07	5.451272500067716e-07	2
eukaryotic_581|label=1	0.49742770195007324	0.002533759456127882	1.8634511434356682e-05	1.9414412236073986e-05	5.573257908508822e-07	1
eukaryotic_582|label=1	0.45103463530540466	0.04889450967311859	3.3805743441917e-05	3.6854486097581685e-05	2.2820921685706708e-07	1
eukaryotic_583|label=1	0.014184369705617428	0.11546767503023148	0.030897315591573715	0.009636732749640942	0.3298139274120331	5
eukaryotic_584|label=1	0.11585021764039993	0.22686253488063812	0.07211127132177353	0.042043060064315796	0.043132930994033813	2
eukaryotic_585|label=1	0.25360408425331116	0.2275824397802353	0.016153834760189056	0.002499178983271122	0.00016045826487243176	1
eukaryotic_586|label=1	0.455668568611145	0.039251070469617844	0.0011171409860253334	0.0006741255056113005	0.0032890981528908014	1
eukaryotic_587|label=1	0.016097303479909897	0.14288821816444397	0.12282019108533859	0.09459094703197479	0.12360338866710663	2
eukaryotic_588|label=1	0.12974484264850616	0.0004321889718994498	0.24246138334274292	0.055056676268577576	0.07230494171380997	3
eukaryotic_589|label=1	0.1869482696056366	0.010428737848997116	0.16135956346988678	0.015719832852482796	0.12554357945919037	1
eukaryotic_590|label=1	0.4989703595638275	7.262834697030485e-05	0.00041230645729228854	0.00047105649719014764	7.366795762209222e-05	1
eukaryotic_591|label=1	0.1560440957546234	0.00018407749303150922	0.0019029994728043675	0.06594812124967575	0.27592068910598755	5
eukaryotic_592|label=1	0.3824387788772583	4.023724977741949e-05	0.002110058441758156	0.11468911170959473	0.0007217851234599948	1
eukaryotic_593|label=1	0.12053057551383972	0.01707403175532818	0.012020256370306015	0.341438889503479	0.008936240337789059	4
eukaryotic_594|label=1	0.054895419627428055	0.40920865535736084	0.017872994765639305	0.017515135928988457	0.00050779600860551	2
eukaryotic_595|label=1	0.005459970328956842	0.0034717435482889414	0.39460289478302	0.09466594457626343	0.0017994549125432968	3
eukaryotic_596|label=1	0.10828674584627151	0.12672285735607147	0.1601780354976654	0.024114372208714485	0.08069797605276108	3
eukaryotic_597|label=1	0.10506625473499298	0.36571329832077026	0.0009469795040786266	0.0010491169523447752	0.027224380522966385	2
eukaryotic_598|label=1	0.021284043788909912	2.8808004572056234e-05	0.4683333933353424	0.0040464699268341064	0.006307269912213087	3
eukaryotic_599|label=1	0.1057918444275856	0.37709900736808777	0.01648654043674469	0.0005621451418846846	6.0480750107672065e-05	2
eukaryotic_600|label=1	0.0030790213495492935	0.0014245371567085385	0.002540208399295807	0.0006145334918983281	0.49234166741371155	5
eukaryotic_601|label=1	0.05792931094765663	0.39918428659439087	0.0007839094614610076	0.001838519237935543	0.040264010429382324	2
eukaryotic_602|label=1	0.057788994163274765	0.43988972902297974	0.0002622237370815128	0.0018161871703341603	0.0002429056039545685	2
eukaryotic_603|label=1	0.029111385345458984	0.46753227710723877	0.0004510269791353494	0.002905035624280572	3.1271383704734035e-07	2
eukaryotic_604|label=1	0.38945621252059937	0.10291128605604172	0.0003431431541685015	0.0013412144035100937	0.005948096048086882	1
eukaryotic_605|label=1	0.45144030451774597	0.022824706509709358	4.4535267079481855e-05	0.0005618822178803384	0.025128521025180817	1
eukaryotic_606|label=1	0.05179745703935623	0.010181840509176254	0.09084843844175339	0.3470388948917389	0.00013338650751393288	4
eukaryotic_607|label=1	0.2813750207424164	0.02813747525215149	0.09156742691993713	0.09250164031982422	0.006418438162654638	1
eukaryotic_608|label=1	0.014932707883417606	0.34548741579055786	0.034281399101018906	0.1052144393324852	8.397349301958457e-05	2
eukaryotic_609|label=1	0.06468994915485382	0.0005969504709355533	0.3718903660774231	0.0413331538438797	0.02148960344493389	3
eukaryotic_610|label=1	0.31687700748443604	0.09936465322971344	0.017119022086262703	0.06552715599536896	0.0011121815769001842	1
eukaryotic_611|label=1	0.20512348413467407	0.25625085830688477	0.0010292609222233295	0.002675541676580906	0.034920886158943176	2
eukaryotic_612|label=1	0.0013006961671635509	8.32147488836199e-05	0.41100701689720154	0.08694929629564285	0.0006597682950086892	3
eukaryotic_613|label=1	0.0019377002026885748	0.001420537824742496	0.33461228013038635	0.12998145818710327	0.03204800561070442	3
eukaryotic_614|label=1	0.3348848819732666	0.10225428640842438	0.002494324464350939	0.017439130693674088	0.04292735084891319	1
eukaryotic_615|label=1	0.4996040165424347	3.56600976374466e-05	0.00012282762327231467	0.00023660194710828364	9.0726217649717e-07	1
eukaryotic_616|label=1	0.18391866981983185	0.00044944637920707464	0.044685814529657364	0.2697947919368744	0.001151281874626875	4
eukaryotic_617|label=1	0.49658453464508057	0.002786648226901889	0.0005913906497880816	3.58251272700727e-05	1.596039851392561e-06	1
eukaryotic_618|label=1	0.3488447666168213	0.04178599640727043	0.008233935572206974	0.09979530423879623	0.0013400160241872072	1
eukaryotic_619|label=1	0.010295799933373928	0.48658305406570435	1.4407898561330512e-05	0.00231778621673584	0.0007889729458838701	2
eukaryotic_620|label=1	0.1015009805560112	8.034037455217913e-05	0.038458067923784256	0.35973504185676575	0.000225567608140409	4
eukaryotic_621|label=1	0.23810146749019623	1.1332420399412513e-05	0.034242648631334305	0.2261085957288742	0.0015359650133177638	1
eukaryotic_622|label=1	0.003285770071670413	0.014529559761285782	0.1668090969324112	0.3130969703197479	0.002278611995279789	4
eukaryotic_623|label=1	0.044482551515102386	0.4555172622203827	1.0242721515396624e-07	1.0659707783133854e-07	9.522713728671306e-10	2
eukaryotic_624|label=1	0.24181076884269714	0.23381921648979187	0.00572355929762125	0.003932441119104624	0.014714056625962257	1
eukaryotic_625|label=1	0.2127034068107605	0.28359317779541016	0.0015614456497132778	0.0021305836271494627	1.1409479157009628e-05	2
eukaryotic_626|label=1	0.4990248680114746	0.00031769007910043	0.0002512043865863234	0.00040200521470978856	4.197822363494197e-06	1
eukaryotic_627|label=1	0.06365378201007843	0.007081029005348682	0.407421737909317	0.021827250719070435	1.623394200578332e-05	3
eukaryotic_628|label=1	0.0002879950625356287	0.49460893869400024	0.0014115279773250222	0.0036793930921703577	1.2148535461165011e-05	2
eukaryotic_629|label=1	0.32940995693206787	0.0021633105352520943	0.010532272979617119	0.10397297888994217	0.05392150208353996	1
eukaryotic_630|label=1	0.30074748396873474	0.1284765750169754	0.04358319193124771	0.026695434004068375	0.0004972900496795774	1
eukaryotic_631|label=1	0.007377481088042259	0.024538548663258553	0.005935236345976591	0.01921032927930355	0.4429383873939514	5
eukaryotic_632|label=1	0.4901806712150574	0.00021470262436196208	6.445791223086417e-05	0.00255753006786108	0.006982629653066397	1
eukaryotic_633|label=1	0.49893155694007874	0.0010666282614693046	1.9465577594246497e-08	8.427903708252416e-08	1.7813589465731638e-06	1
eukaryotic_634|label=1	0.49872010946273804	0.0011809837305918336	8.564128074795008e-05	1.2009058991679922e-05	1.2640049362744321e-06	1
eukaryotic_635|label=1	0.48676013946533203	0.013229712843894958	4.199152101591608e-07	1.474405962653691e-06	8.270963917311747e-06	1
eukaryotic_636|label=1	0.49834805727005005	0.0014568876940757036	7.567541615571827e-05	3.328808816149831e-05	8.607536437921226e-05	1
eukaryotic_637|label=1	0.4954657554626465	0.0018445363966748118	0.002224548254162073	0.0004471093416213989	1.808788874768652e-05	1
eukaryotic_638|label=1	0.021334338933229446	0.46424436569213867	0.003275288036093116	0.0020382937509566545	0.00910775177180767	2
eukaryotic_639|label=1	0.4038994312286377	0.06562011688947678	0.02823060378432274	0.002213455270975828	3.639928763732314e-05	1
eukaryotic_640|label=1	0.2859381437301636	0.11790630221366882	0.04200579226016998	0.04496757686138153	0.009182185865938663	1
eukaryotic_641|label=1	0.008735034614801407	0.48868629336357117	0.0004607754817698151	0.000859387160744518	0.0012585024815052748	2
eukaryotic_642|label=1	0.008736768737435341	0.34523701667785645	0.13714300096035004	0.008587470278143883	0.0002957397373393178	2
eukaryotic_643|label=1	0.4998798668384552	6.407367618521675e-05	8.488499503300773e-08	5.566742765950039e-05	3.552214593582903e-07	1
eukaryotic_644|label=1	0.4767298996448517	0.02326851710677147	1.0040615734396852e-06	5.75103513256181e-07	6.397126828261435e-09	1
eukaryotic_645|label=1	0.001479406375437975	0.002761855721473694	0.15161015093326569	0.3361683189868927	0.007980248890817165	4
eukaryotic_646|label=1	0.485267698764801	0.00033221105695702136	0.007699637208133936	0.006653764750808477	4.670927592087537e-05	1
eukaryotic_647|label=1	0.26200518012046814	0.004319895524531603	0.12751297652721405	0.014312672428786755	0.09184931963682175	1
eukaryotic_648|label=1	0.37784484028816223	0.12212786823511124	1.3104273421049584e-05	1.2456315744202584e-05	1.7229687045983155e-06	1
eukaryotic_649|label=1	0.49786800146102905	0.0021292115561664104	5.343533757695695e-07	2.2800804799771868e-06	1.3668868703575754e-08	1
eukaryotic_650|label=1	0.0031537222675979137	0.47660496830940247	0.013235542923212051	0.00690571079030633	9.997458982979879e-05	2
eukaryotic_651|label=1	0.35963529348373413	0.10234223306179047	9.241267980542034e-05	0.020067058503627777	0.01786300539970398	1
eukaryotic_652|label=1	0.499999463558197	5.541407404052734e-07	1.1996911797318432e-10	5.325201737904628e-11	1.2878363306323415e-11	1
eukaryotic_653|label=1	0.052516963332891464	0.43435531854629517	0.0011693452252075076	0.006873341277241707	0.0050850724801421165	2
eukaryotic_654|label=1	0.48698845505714417	0.001415089936926961	0.007402671501040459	0.004188644699752331	5.132932528795209e-06	1
eukaryotic_655|label=1	0.00069531484041363	0.4980010688304901	5.857519863639027e-05	0.0002575131074991077	0.000987500767223537	2
eukaryotic_656|label=1	0.4259845018386841	0.017890430986881256	0.03805754333734512	0.017124978825449944	0.0009425373864360154	1
eukaryotic_657|label=1	0.3123966157436371	0.17444579303264618	0.00023068654991220683	0.012280755676329136	0.0006461433949880302	1
eukaryotic_658|label=1	0.0008359713829122484	0.00019919265469070524	0.24809271097183228	0.2506124675273895	0.00025966466637328267	4
eukaryotic_659|label=1	0.05941995233297348	0.3614482581615448	0.010549623519182205	0.018508534878492355	0.05007363483309746	2
eukaryotic_660|label=1	0.06741400063037872	0.430258184671402	0.00010448868124512956	0.001070277881808579	0.0011530122719705105	2
eukaryotic_661|label=1	0.45909520983695984	0.0078118108212947845	0.007873155176639557	0.008456187322735786	0.0167635977268219	1
eukaryotic_662|label=1	0.012805732898414135	0.08388000726699829	0.2546653747558594	0.14182008802890778	0.00682876305654645	3
eukaryotic_663|label=1	0.4962534010410309	0.002521360293030739	7.026461389614269e-05	0.000857219158206135	0.0002977315743919462	1
eukaryotic_664|label=1	0.4995371103286743	0.00019701136625371873	1.918949419632554e-05	0.0002150133077520877	3.1690276955487207e-05	1
eukaryotic_665|label=1	0.281211793422699	1.432192584616132e-05	0.004544214345514774	0.2140928953886032	0.00013676664093509316	1
eukaryotic_666|label=1	0.017504101619124413	0.01051831990480423	0.16801397502422333	0.2967582046985626	0.007205413654446602	4
eukaryotic_667|label=1	0.1925685554742813	0.3055533170700073	0.0009334948845207691	0.0007360955933108926	0.0002085243904730305	2
eukaryotic_668|label=1	0.002876773476600647	0.49605584144592285	0.0008480620454065502	3.5654909879667684e-05	0.00018368808377999812	2
eukaryotic_669|label=1	0.04782988503575325	0.45215293765068054	1.203850843012333e-06	6.725230377924163e-06	9.246778063243255e-06	2
eukaryotic_670|label=1	0.055527519434690475	0.44445109367370605	1.3925170605944004e-05	2.8669560379057657e-06	4.6088939598121215e-06	2
eukaryotic_671|label=1	0.18808750808238983	0.002955704228952527	0.26308417320251465	0.005194229539483786	0.04067837446928024	3
eukaryotic_672|label=1	0.3951002061367035	0.09772276878356934	0.001304555800743401	0.0013032538117840886	0.004569232929497957	1
eukaryotic_673|label=1	0.46200045943260193	0.011339150369167328	0.0002686509396880865	0.025658585131168365	0.0007330771186389029	1
eukaryotic_674|label=1	0.0009831327479332685	1.535130104457494e-05	0.006855532992631197	0.4912210702896118	0.0009249353897757828	4
eukaryotic_675|label=1	0.4997371733188629	0.00020042655523866415	3.0577175493817776e-05	2.5060679035959765e-05	6.773856966901803e-06	1
eukaryotic_676|label=1	0.4628975987434387	0.020329564809799194	0.005835136864334345	0.01078115589916706	0.0001565506827319041	1
eukaryotic_677|label=1	0.30018165707588196	0.14565564692020416	0.04891282320022583	0.003761960892006755	0.0014879538211971521	1
eukaryotic_678|label=1	0.4950759708881378	0.000561288557946682	0.0009491217788308859	0.000491713231895119	0.0029218257404863834	1
eukaryotic_679|label=1	0.25923123955726624	0.03880740702152252	0.1285444051027298	0.011558552272617817	0.061858419328927994	1
eukaryotic_680|label=1	0.06567522883415222	0.4320167005062103	0.0020340504124760628	0.00019835351849906147	7.571679452667013e-05	2
eukaryotic_681|label=1	0.009517458267509937	0.011473508551716805	0.4154651165008545	0.061666492372751236	0.0018774070776998997	3
eukaryotic_682|label=1	0.0013623494887724519	0.4956798255443573	0.0005233138217590749	0.0009190607815980911	0.0015154354041442275	2
eukaryotic_683|label=1	0.18942862749099731	0.30886077880859375	0.0005363388336263597	0.0009536289726383984	0.0002206697827205062	2
eukaryotic_684|label=1	0.019554423168301582	0.21053698658943176	0.04843141511082649	0.026110373437404633	0.1953667849302292	2
eukaryotic_685|label=1	0.31331610679626465	0.1600276231765747	0.007525657303631306	0.007478069979697466	0.01165254320949316	1
eukaryotic_686|label=1	0.13758492469787598	0.3539704382419586	3.306695361970924e-06	4.3180465581826866e-05	0.008398156613111496	2
eukaryotic_687|label=1	0.4827927350997925	0.014747165143489838	0.0011693962151184678	0.0010158189106732607	0.000274852936854586	1
eukaryotic_688|label=1	0.13015076518058777	0.08686698228120804	0.2611682116985321	0.02174099162220955	7.306796032935381e-05	3
eukaryotic_689|label=1	0.01683690771460533	0.4791025221347809	0.0022553913295269012	0.0018004336161538959	4.683413408201886e-06	2
eukaryotic_690|label=1	0.44295111298561096	0.035802967846393585	0.01026887632906437	0.009684398770332336	0.0012926625786349177	1
eukaryotic_691|label=1	0.15552636981010437	0.2609671950340271	0.011357279494404793	0.016740139573812485	0.055409014225006104	2
eukaryotic_692|label=1	0.03141197934746742	0.03006075881421566	0.2521066963672638	0.013172152452170849	0.17324839532375336	3
eukaryotic_693|label=1	0.2712417244911194	0.14389412105083466	0.02251967042684555	0.06221851706504822	0.00012596166925504804	1
eukaryotic_694|label=1	0.45850396156311035	0.029165539890527725	0.006388426758348942	0.005820874124765396	0.00012121225154260173	1
eukaryotic_695|label=1	0.0051355790346860886	0.0029444806277751923	0.399664968252182	0.012214267626404762	0.08004072308540344	3
eukaryotic_696|label=1	0.009807774797081947	0.00043274700874462724	0.05833982676267624	0.43065765500068665	0.0007619957905262709	4
eukaryotic_697|label=1	0.48163488507270813	0.013545729219913483	0.004634364508092403	0.00018442228611093014	6.314514848781982e-07	1
eukaryotic_698|label=1	0.4850445091724396	0.011579311452805996	0.0005564600578509271	0.0005871300236321986	0.0022325741592794657	1
eukaryotic_699|label=1	0.44113272428512573	0.02336486242711544	0.01350224856287241	0.01590692065656185	0.006093195639550686	1
eukaryotic_700|label=1	0.4941445589065552	0.005799729377031326	2.891743861255236e-05	4.30051431976608e-06	2.2509908376378007e-05	1
eukaryotic_701|label=1	0.06435976177453995	0.42964476346969604	0.00541510758921504	0.0005621964810416102	1.8109853044734336e-05	2
eukaryotic_702|label=1	0.4459412395954132	0.03188017010688782	0.019396642223000526	0.0011988342739641666	0.0015831405762583017	1
eukaryotic_703|label=1	0.16425329446792603	0.3356409966945648	2.3456959752365947e-05	7.505776011385024e-05	7.214727247628616e-06	2
eukaryotic_704|label=1	0.4996258318424225	8.450540917692706e-05	0.00022780107974540442	5.9180350945098326e-05	2.6149373297812417e-06	1
eukaryotic_705|label=1	0.4367155432701111	0.06285911053419113	0.00024409311299677938	0.00016011061961762607	2.1150428437977098e-05	1
eukaryotic_706|label=1	0.004971276968717575	0.4933987557888031	8.83089433045825e-06	0.0015923649771139026	2.8747212127200328e-05	2
eukaryotic_707|label=1	0.49518340826034546	0.0010561614762991667	5.352779044187628e-05	0.0036198359448462725	8.70796138769947e-05	1
eukaryotic_708|label=1	0.3405635356903076	6.818132533226162e-06	0.002191780600696802	0.15717539191246033	6.242893141461536e-05	1
eukaryotic_709|label=1	0.42424991726875305	0.00010855070286197588	0.0019768145866692066	0.07366208732128143	2.613711330923252e-06	1
eukaryotic_710|label=1	0.16063880920410156	0.24630559980869293	0.08928917348384857	0.0033568679355084896	0.0004095403419341892	2
eukaryotic_711|label=1	0.0156972948461771	0.2594658434391022	0.18184415996074677	0.04106977581977844	0.0019229307072237134	2
eukaryotic_712|label=1	0.0733480378985405	0.2879888117313385	0.05299365520477295	0.02220427431166172	0.0634651854634285	2
eukaryotic_713|label=1	0.4679485261440277	0.007819081656634808	0.014775937423110008	0.009377457201480865	7.894827285781503e-05	1
eukaryotic_714|label=1	0.4999955892562866	1.8165777646572678e-06	1.5469674963242142e-06	8.224897101172246e-07	2.2592146819988557e-07	1
eukaryotic_715|label=1	0.25319239497184753	0.09773215651512146	0.004540993832051754	0.04953315481543541	0.09500131011009216	1
eukaryotic_716|label=1	0.271094411611557	0.2028244584798813	0.0071335723623633385	0.015651844441890717	0.003295682370662689	1
eukaryotic_717|label=1	0.46415817737579346	0.03473662957549095	0.00010265293531119823	0.0005579169373959303	0.0004446693346835673	1
eukaryotic_718|label=1	0.43575096130371094	0.022348245605826378	0.004635789431631565	0.012570600025355816	0.02469438873231411	1
eukaryotic_719|label=1	0.01892489194869995	0.03208719566464424	0.1608394980430603	0.2649044394493103	0.02324395440518856	4
eukaryotic_720|label=1	0.0056816451251506805	0.025098711252212524	0.32458099722862244	0.07204737514257431	0.07259124517440796	3
eukaryotic_721|label=1	0.09820305556058884	0.02711525559425354	0.06173911318182945	0.31238844990730286	0.0005541110294871032	4
eukaryotic_722|label=1	0.4618546664714813	0.037926554679870605	0.0001168249873444438	8.543675357941538e-05	1.6544579921173863e-05	1
eukaryotic_723|label=1	0.0398515909910202	0.2670043706893921	0.0685795247554779	0.04703475534915924	0.07752976566553116	2
eukaryotic_724|label=1	0.0020710553508251905	0.0004827790835406631	0.45817214250564575	0.03916547819972038	0.00010854478023247793	3
eukaryotic_725|label=1	0.2789174020290375	0.03342627361416817	0.06149428337812424	0.12523965537548065	0.0009223900269716978	1
eukaryotic_726|label=1	0.4547499716281891	0.03159080073237419	0.0005088721518404782	0.008135147392749786	0.005015242379158735	1
eukaryotic_727|label=1	0.4948689043521881	0.004746889229863882	0.0002774669846985489	8.910128235584125e-05	1.7702061086311005e-05	1
eukaryotic_728|label=1	0.05961504206061363	0.0006405246094800532	0.1204502210021019	0.02808982878923416	0.2912043631076813	5
eukaryotic_729|label=1	0.0777093693614006	0.36715075373649597	0.01672956719994545	0.012629976496100426	0.02578035183250904	2
eukaryotic_730|label=1	0.37234023213386536	0.1271369904279709	0.00032648997148498893	0.00019458995666354895	1.7085149011109024e-06	1
eukaryotic_731|label=1	0.4876319169998169	0.0004945161053910851	0.002514367690309882	0.009359226562082767	2.5071241083196583e-08	1
eukaryotic_732|label=1	0.22164590656757355	0.04838508367538452	0.22358031570911407	0.006343374494463205	4.531114245764911e-05	3
eukaryotic_733|label=1	0.01268043089658022	0.0004721771110780537	0.41275718808174133	0.0737353190779686	0.0003548861132003367	3
eukaryotic_734|label=1	0.18812717497348785	0.2788914442062378	0.01769835129380226	0.015245909802615643	3.710314558702521e-05	2
eukaryotic_735|label=1	0.07680690288543701	0.3077029287815094	0.09453514963388443	0.02094954438507557	5.529882855626056e-06	2
eukaryotic_736|label=1	0.15465404093265533	0.014797247014939785	0.033779893070459366	0.29661452770233154	0.00015428134065587074	4
eukaryotic_737|label=1	0.14938752353191376	0.005516556091606617	0.05982736870646477	0.04887216165661812	0.23639638721942902	5
eukaryotic_738|label=1	0.27779871225357056	0.221800297498703	0.0002257998421555385	9.391460480401292e-05	8.12593789305538e-05	1
eukaryotic_739|label=1	0.001522210193797946	0.0006224135286174715	0.17786192893981934	0.31744953989982605	0.002543920651078224	4
eukaryotic_740|label=1	0.016204845160245895	0.47548848390579224	0.00032047051354311407	0.006250213831663132	0.0017359460471197963	2
eukaryotic_741|label=1	0.3331841826438904	0.04808453842997551	0.10283909738063812	0.01525577437132597	0.0006363941938616335	1
eukaryotic_742|label=1	0.49319061636924744	2.77334784186678e-05	0.0011038124794140458	0.004879926797002554	0.0007978593348525465	1
eukaryotic_743|label=1	0.48587462306022644	0.0003412678197491914	0.0011621639132499695	0.012597602792084217	2.430370295769535e-05	1
eukaryotic_744|label=1	0.31098487973213196	0.002174169523641467	0.12233049422502518	0.06439397484064102	0.00011649054795270786	1
eukaryotic_745|label=1	0.463442325592041	0.03653488680720329	1.7435244444641285e-05	2.526695425331127e-06	2.8223744266142603e-06	1
eukaryotic_746|label=1	0.49730008840560913	0.0007019140175543725	0.00011977097892668098	0.000816029030829668	0.0010622370755299926	1
eukaryotic_747|label=1	0.46952927112579346	0.021442800760269165	0.003694110782817006	0.00048253490240313113	0.004851271864026785	1
eukaryotic_748|label=1	0.24681003391742706	0.0012204881059005857	0.051507748663425446	0.2000209093093872	0.00044081988744437695	1
eukaryotic_749|label=1	0.4997514486312866	6.074814336898271e-06	6.296613719314337e-05	6.511314131785184e-05	0.00011436303611844778	1
eukaryotic_750|label=1	0.007054084911942482	0.0028260520193725824	0.4472956657409668	0.038679566234350204	0.004144617356359959	3
eukaryotic_751|label=1	0.0003455022524576634	0.3919329345226288	0.0545351542532444	0.05310029536485672	8.61315056681633e-05	2
eukaryotic_752|label=1	0.09686936438083649	0.069879911839962	0.32517316937446594	0.008074162527918816	3.4025647437374573e-06	3
eukaryotic_753|label=1	0.008227728307247162	0.4580768346786499	0.02478020079433918	0.008877270855009556	3.792642382904887e-05	2
eukaryotic_754|label=1	0.43020281195640564	0.005720686167478561	0.012920640408992767	0.011924873106181622	0.039231013506650925	1
eukaryotic_755|label=1	0.49995237588882446	4.1358816815773025e-05	1.4828701750957407e-06	4.2121309888898395e-06	5.584230962085712e-07	1
eukaryotic_756|label=1	0.4698656499385834	0.0005363074014894664	0.02751317247748375	0.0009954035049304366	0.0010895185405388474	1
eukaryotic_757|label=1	0.07742328196763992	0.0008834486943669617	3.321070107631385e-05	0.00031601430964656174	0.42134401202201843	5
eukaryotic_758|label=1	0.013104921206831932	0.4443281590938568	0.0074300616979599	0.0032604921143501997	0.03187637776136398	2
eukaryotic_759|label=1	0.47603803873062134	0.014037839137017727	0.003010162618011236	0.0020650173537433147	0.004848944488912821	1
eukaryotic_760|label=1	0.004687031265348196	0.0761578381061554	0.0010906609240919352	0.4173712432384491	0.0006931624957360327	4
eukaryotic_761|label=1	0.09142127633094788	0.40857866406440735	1.3316933333840097e-08	6.481239012146034e-08	5.774996036933544e-09	2
eukaryotic_762|label=1	0.0004587825678754598	0.3932417333126068	0.04036913439631462	0.00842387042939663	0.0575065016746521	2
eukaryotic_763|label=1	0.4162880480289459	0.042518533766269684	0.007766770198941231	0.016639122739434242	0.016787506639957428	1
eukaryotic_764|label=1	0.11390858143568039	0.005730704870074987	0.10131954401731491	0.2536146640777588	0.025426514446735382	4
eukaryotic_765|label=1	0.03763299807906151	0.4402070641517639	0.003788615111261606	0.007068175822496414	0.011303134262561798	2
eukaryotic_766|label=1	0.3488600254058838	0.0017749753315001726	0.13691097497940063	0.012040003202855587	0.0004140046366956085	1
eukaryotic_767|label=1	0.09877188503742218	0.40051743388175964	0.00019618486112449318	0.0004593963094521314	5.511932249646634e-05	2
eukaryotic_768|label=1	0.3478635251522064	0.057501472532749176	0.012178385630249977	0.08032428473234177	0.0021323177497833967	1
eukaryotic_769|label=1	0.10696537047624588	0.009660136885941029	0.029005225747823715	0.35436585545539856	3.406649966564146e-06	4
eukaryotic_770|label=1	0.29721784591674805	0.0003805289452429861	0.006962958723306656	0.19500012695789337	0.0004385194624774158	1
eukaryotic_771|label=1	0.03785121440887451	0.06308276951313019	0.10054082423448563	0.2955346703529358	0.0029905240517109632	4
eukaryotic_772|label=1	0.010040661320090294	0.4160071909427643	0.04696547985076904	0.026438916102051735	0.0005477603990584612	2
eukaryotic_773|label=1	6.428708729799837e-05	0.4999316930770874	3.9918847960507264e-07	1.145333641261459e-07	3.4793856684700586e-06	2
eukaryotic_774|label=1	0.3665735721588135	0.09951261430978775	0.015559074468910694	0.0005852119065821171	0.017769521102309227	1
eukaryotic_775|label=1	0.49997562170028687	9.986121767724399e-06	1.1871780770889018e-05	2.115712504746625e-06	4.397926431920496e-07	1
eukaryotic_776|label=1	0.11404269188642502	0.000311025622067973	0.20975461602210999	0.053415749222040176	0.12247591465711594	3
eukaryotic_777|label=1	0.1534995138645172	0.3454522490501404	0.00010478845797479153	4.0453604015056044e-05	0.0009029983775690198	2
eukaryotic_778|label=1	0.49821728467941284	0.0016260413685813546	2.752036198216956e-05	5.197479549678974e-05	7.719174027442932e-05	1
eukaryotic_779|label=1	0.0005694879801012576	1.2275158042029943e-05	0.48145022988319397	0.0070363604463636875	0.010931630618870258	3
eukaryotic_780|label=1	0.48151203989982605	0.0013812808319926262	0.0006955850403755903	0.01577332802116871	0.0006377942045219243	1
eukaryotic_781|label=1	0.11281333118677139	0.18419985473155975	0.19930538535118103	0.003427308052778244	0.000254195649176836	3
eukaryotic_782|label=1	0.2502594292163849	0.249288409948349	0.0002047976158792153	7.342083699768409e-05	0.00017392067820765078	1
eukaryotic_783|label=1	0.11055660247802734	0.03784194588661194	0.09428926557302475	0.25401443243026733	0.0032977377995848656	4
eukaryotic_784|label=1	0.0020818484481424093	0.49559730291366577	0.0009834838565438986	0.001317656715400517	1.964726106962189e-05	2
eukaryotic_785|label=1	0.18667840957641602	0.22720764577388763	0.04570481926202774	0.03855086490511894	0.0018582899356260896	2
eukaryotic_786|label=1	0.012027012184262276	0.48742416501045227	0.00030951329972594976	0.00016898740432225168	7.030851702438667e-05	2
eukaryotic_787|label=1	0.1095040887594223	0.1933792233467102	0.04028770327568054	0.009996580891311169	0.1468324363231659	2
eukaryotic_788|label=1	0.42087504267692566	0.07677332311868668	0.0019548656418919563	0.0003826039610430598	1.4138206097413786e-05	1
eukaryotic_789|label=1	0.44458067417144775	0.05358075723052025	0.001176929916255176	0.0006539750029332936	7.64980086387368e-06	1
eukaryotic_790|label=1	0.2808476388454437	0.07730605453252792	0.11426778137683868	0.026708941906690598	0.0008696180302649736	1
eukaryotic_791|label=1	0.389727920293808	0.013782329857349396	0.0033271482679992914	0.030711190775036812	0.062451403588056564	1
eukaryotic_792|label=1	0.0033155102282762527	0.49663886427879333	1.0958005987049546e-05	5.053753739048261e-06	2.9673876269953325e-05	2
eukaryotic_793|label=1	0.0069722142070531845	0.00378242670558393	0.003399060107767582	0.47142091393470764	0.014425399713218212	4
eukaryotic_794|label=1	0.23168349266052246	0.0001545939448988065	0.050821878015995026	0.015358099713921547	0.20198193192481995	1
eukaryotic_795|label=1	0.005660103168338537	0.4109061062335968	0.07107237726449966	0.007679053582251072	0.004682350438088179	2
eukaryotic_796|label=1	0.16025513410568237	0.2947405278682709	0.018302468582987785	0.015000853687524796	0.011701040901243687	2
eukaryotic_797|label=1	0.4888499677181244	0.005953580141067505	0.0005449929740279913	0.004109343513846397	0.0005421036039479077	1
eukaryotic_798|label=1	0.18194785714149475	0.17633545398712158	0.0017278724117204547	0.13751916587352753	0.002469646977260709	1
eukaryotic_799|label=1	0.011289822869002819	0.4857543110847473	0.0028035270515829325	0.00014127285976428539	1.0990757800755091e-05	2
eukaryotic_800|label=1	0.1941729187965393	0.03167794272303581	0.11403228342533112	0.11687257140874863	0.04324428364634514	1
eukaryotic_801|label=1	0.28863048553466797	0.04427564516663551	0.14644542336463928	0.020539039745926857	0.0001093663668143563	1
eukaryotic_802|label=1	0.018643667921423912	0.4409014582633972	0.01876276358962059	0.016283057630062103	0.005409084260463715	2
eukaryotic_803|label=1	0.035316433757543564	0.011996597982943058	0.03917592391371727	0.21246731281280518	0.2010437399148941	4
eukaryotic_804|label=1	0.16399341821670532	0.33598002791404724	7.441359684889903e-06	1.865566082415171e-05	4.921166691929102e-07	2
eukaryotic_805|label=1	0.45943719148635864	0.0331820510327816	0.005218398291617632	0.0019045457011088729	0.00025779387215152383	1
eukaryotic_806|label=1	0.23684193193912506	0.2590746581554413	0.0010581460082903504	0.0030211450066417456	4.1335206333315e-06	2
eukaryotic_807|label=1	0.32860246300697327	0.168938547372818	0.00020978452812414616	0.000550101394765079	0.0016991615993902087	1
eukaryotic_808|label=1	0.08800818026065826	0.010011674836277962	0.3344336152076721	0.018338333815336227	0.04920818284153938	3
eukaryotic_809|label=1	0.13442100584506989	0.36459851264953613	2.3344449800788425e-05	5.930288170929998e-05	0.0008978501427918673	2
eukaryotic_810|label=1	0.49767252802848816	0.0002386910346103832	2.8615197152248584e-05	0.00041789512033574283	0.0016422801418229938	1
eukaryotic_811|label=1	0.021477965638041496	0.4785166382789612	3.3650110253802268e-06	1.9711524146259762e-06	3.0576977394503047e-08	2
eukaryotic_812|label=1	0.4795382022857666	0.018663886934518814	3.1542171200271696e-05	0.0017650335794314742	1.3298265457706293e-06	1
eukaryotic_813|label=1	0.2558189928531647	0.018295906484127045	0.00589887285605073	0.21100760996341705	0.008978650905191898	1
eukaryotic_814|label=1	0.00646475562825799	0.49353283643722534	7.05157901847997e-07	9.289736340178933e-07	7.868623015383491e-07	2
eukaryotic_815|label=1	0.01165060792118311	0.03470103070139885	0.28897568583488464	0.10796363651752472	0.05670906975865364	3
eukaryotic_816|label=1	0.4987109899520874	0.0010740536963567138	6.882151501486078e-05	2.7578176741371863e-05	0.00011857206118293107	1
eukaryotic_817|label=1	0.13011546432971954	0.12508733570575714	0.1580231785774231	0.08652298897504807	0.00025104416999965906	3
eukaryotic_818|label=1	0.22012875974178314	0.011709132231771946	0.13655291497707367	0.12896442413330078	0.0026447854470461607	1
eukaryotic_819|label=1	0.028961746022105217	0.05665605887770653	0.09464803338050842	0.3153477907180786	0.004386395215988159	4
eukaryotic_820|label=1	0.12160055339336395	0.015821238979697227	0.1865113526582718	0.17459091544151306	0.0014758954057469964	3
eukaryotic_821|label=1	0.0024171913973987103	0.3663134276866913	0.07225056737661362	0.057758916169404984	0.0012599027249962091	2
eukaryotic_822|label=1	0.02260509692132473	0.4039378762245178	0.011012179777026176	0.02950451336801052	0.03294030576944351	2
eukaryotic_823|label=1	0.15772919356822968	0.2899293005466461	0.0027209895197302103	0.03618668019771576	0.013433819636702538	2
eukaryotic_824|label=1	0.03864752873778343	0.008249028585851192	0.39638522267341614	0.05510203540325165	0.0016161644598469138	3
eukaryotic_825|label=1	0.47770676016807556	0.007896652445197105	0.007882210426032543	0.0063375430181622505	0.00017689036030787975	1
eukaryotic_826|label=1	0.11934670060873032	0.03469237685203552	0.23497453331947327	0.11043087393045425	0.0005555087700486183	3
eukaryotic_827|label=1	0.49466073513031006	0.0053392620757222176	1.0017608964574265e-08	5.598400854012198e-09	1.1185296022730995e-09	1
eukaryotic_828|label=1	0.04786372929811478	0.018980635330080986	0.408128947019577	0.01290994044393301	0.012116736732423306	3
eukaryotic_829|label=1	0.3335499167442322	0.16577434539794922	0.0006060536252334714	6.762154953321442e-05	2.0415420749486657e-06	1
eukaryotic_830|label=1	0.00011026457650586963	0.004893043078482151	0.2454690933227539	0.1870468258857727	0.06248075142502785	3
eukaryotic_831|label=1	0.48054033517837524	0.019309822469949722	3.8339716411428526e-05	8.327129762619734e-05	2.822128590196371e-05	1
eukaryotic_832|label=1	0.030246814712882042	0.4280233681201935	0.005576352588832378	0.004822558257728815	0.03133087605237961	2
eukaryotic_833|label=1	0.12348993122577667	0.12139918655157089	0.007998062297701836	0.028759391978383064	0.21835343539714813	5
eukaryotic_834|label=1	0.00739804282784462	0.4761054813861847	0.002435110742226243	0.003309540217742324	0.010751803405582905	2
eukaryotic_835|label=1	0.038858022540807724	0.45860788226127625	0.0018813592614606023	0.0006407940527424216	1.1912767149624415e-05	2
eukaryotic_836|label=1	0.09940444678068161	0.004765649326145649	0.3497231900691986	0.04098863899707794	0.005118068773299456	3
eukaryotic_837|label=1	0.4618416428565979	0.0376313179731369	0.00010905066301347688	0.00034205333213321865	7.593262125737965e-05	1
eukaryotic_838|label=1	0.040486473590135574	0.05548147112131119	0.0514298677444458	0.35195192694664	0.0006502832402475178	4
eukaryotic_839|label=1	0.042024530470371246	0.4510899782180786	0.00604643952101469	0.00047590097528882325	0.0003631778818089515	2
eukaryotic_840|label=1	0.022610049694776535	0.47738948464393616	2.717108884553454e-07	2.2874798943917085e-08	1.9212765778320318e-07	2
eukaryotic_841|label=1	0.19874019920825958	0.3002454340457916	0.0002986461913678795	0.0007155471248552203	1.279931893805042e-07	2
eukaryotic_842|label=1	7.987568096723408e-05	0.4998011291027069	0.0001158134764409624	1.8878221226259484e-06	1.240926962964295e-06	2
eukaryotic_843|label=1	0.46905821561813354	0.02373032085597515	0.006844943389296532	0.00035887962440028787	7.630839718331117e-06	1
eukaryotic_844|label=1	0.4177628457546234	0.08223160356283188	4.8812757995619904e-06	4.114424712042819e-07	2.7111977374261187e-07	1
eukaryotic_845|label=1	0.49983513355255127	6.28042544121854e-05	2.6690710001275875e-05	6.737057992722839e-05	8.008534678083379e-06	1
eukaryotic_846|label=1	0.0034624880645424128	0.0008919034735299647	0.38978448510169983	0.10585051029920578	1.063175113813486e-05	3
eukaryotic_847|label=1	0.49983859062194824	0.00014900705718901008	2.043560925812926e-06	1.0370617928856518e-05	1.6929776691654297e-08	1
eukaryotic_848|label=1	0.2219848781824112	0.2772058844566345	0.0006488102371804416	0.00012159938341937959	3.8810645492048934e-05	2
eukaryotic_849|label=1	0.0976317822933197	0.01333880890160799	0.24114325642585754	0.11311236023902893	0.034773822873830795	3
eukaryotic_850|label=1	0.48767733573913574	0.006077121943235397	6.691023736493662e-05	0.0001804476632969454	0.0059982300736010075	1
eukaryotic_851|label=1	0.09018596261739731	0.010682529769837856	0.26159924268722534	0.1252051591873169	0.012327099218964577	3
eukaryotic_852|label=1	0.44936349987983704	0.04017778858542442	0.001666960190050304	0.008781235665082932	1.0561300769040827e-05	1
eukaryotic_853|label=1	0.00013010493421461433	0.0010082032531499863	0.21330028772354126	0.09789761155843735	0.18766377866268158	3
eukaryotic_854|label=1	0.15457263588905334	0.3227931559085846	0.0003974149003624916	0.0001898597547551617	0.022046919912099838	2
eukaryotic_855|label=1	0.22951558232307434	0.2363748550415039	0.022048281505703926	0.004230317659676075	0.00783096719533205	2
eukaryotic_856|label=1	0.45789000391960144	0.0026912009343504906	0.028584200888872147	0.0033854839857667685	0.007449048571288586	1
eukaryotic_857|label=1	0.034200385212898254	0.021080344915390015	0.03232213109731674	0.019088616594672203	0.3933085501194	5
eukaryotic_858|label=1	0.4649187922477722	0.032497670501470566	0.0006591907003894448	0.0013601761311292648	0.0005641691386699677	1
eukaryotic_859|label=1	0.2505767345428467	0.02636587992310524	0.06683965772390366	0.06274105608463287	0.09347667545080185	1
eukaryotic_860|label=1	0.14531803131103516	0.03082461655139923	0.02577795460820198	0.040314510464668274	0.25776487588882446	5
eukaryotic_861|label=1	0.1589721292257309	0.007411755621433258	0.10295601934194565	0.006941936910152435	0.22371816635131836	5
eukaryotic_862|label=1	0.008702159859240055	0.05564272403717041	0.4129766821861267	0.02232861891388893	0.00034982385113835335	3
eukaryotic_863|label=1	0.0034380205906927586	0.47705069184303284	0.00927338469773531	0.007610716857016087	0.002627255395054817	2
eukaryotic_864|label=1	0.3406508266925812	0.048679668456315994	0.021913526579737663	0.08874925225973129	6.69288465360296e-06	1
eukaryotic_865|label=1	0.02169470116496086	0.0004236034001223743	0.30515581369400024	0.12340133637189865	0.04932454600930214	3
eukaryotic_866|label=1	0.003104444593191147	0.007597159128636122	0.10029279440641403	0.0016007735393941402	0.38740479946136475	5
eukaryotic_867|label=1	0.2891624867916107	0.20810213685035706	0.0016907636309042573	0.0005378887872211635	0.0005067262682132423	1
eukaryotic_868|label=1	0.02185373567044735	0.00011263143096584827	0.11034450680017471	0.004342430271208286	0.363346666097641	5
eukaryotic_869|label=1	0.051902905106544495	0.0013906575040891767	0.3660760223865509	0.08002480864524841	0.0006056451238691807	3
eukaryotic_870|label=1	0.07653187215328217	0.2806776463985443	0.012993901036679745	0.12912949919700623	0.0006670812144875526	2
eukaryotic_871|label=1	0.4572094678878784	0.042678795754909515	6.402471626643091e-05	4.273731974535622e-05	4.972675469616661e-06	1
eukaryotic_872|label=1	0.2808170020580292	0.21917781233787537	2.890230462071486e-06	1.3921380741521716e-06	8.574432399655052e-07	1
eukaryotic_873|label=1	0.28588438034057617	0.014686381444334984	0.1715744286775589	0.02782428450882435	3.0548395443474874e-05	1
eukaryotic_874|label=1	0.05556048825383186	0.060994554311037064	0.021144719794392586	0.11785735934972763	0.2444429099559784	5
eukaryotic_875|label=1	0.4995787739753723	0.00019705391605384648	8.295215229736641e-05	8.430475281784311e-05	5.685911310138181e-05	1
eukaryotic_876|label=1	0.4739220440387726	0.02473701722919941	0.0005112364306114614	0.0008209405932575464	8.772445653448813e-06	1
eukaryotic_877|label=1	0.4654711186885834	0.015056255273520947	0.0005608204519376159	3.880402073264122e-05	0.01887303590774536	1
eukaryotic_878|label=1	0.001755584729835391	0.10976512730121613	0.3052266538143158	0.05423630774021149	0.02901633456349373	3
eukaryotic_879|label=1	0.4723450839519501	0.027535974979400635	0.00010856545122805983	8.869870725902729e-06	1.4797491303397692e-06	1
eukaryotic_880|label=1	0.0018838890828192234	0.3228365480899811	0.05699988082051277	0.11256561428308487	0.005714073311537504	2
eukaryotic_881|label=1	0.43451380729675293	0.06219742074608803	0.0022471328265964985	0.0005330569110810757	0.0005085513694211841	1
eukaryotic_882|label=1	0.4837028980255127	0.016058137640357018	9.351444168714806e-05	1.9701656128745526e-05	0.00012570632679853588	1
eukaryotic_883|label=1	0.29623493552207947	0.0555744394659996	0.03514738008379936	0.11132781207561493	0.00171542982570827	1
eukaryotic_884|label=1	0.011278942227363586	0.4886915683746338	4.923226242681267e-06	2.041619154624641e-05	4.115463980269851e-06	2
eukaryotic_885|label=1	0.08370942622423172	0.0223846398293972	0.11342117190361023	0.2707212269306183	0.009763524867594242	4
eukaryotic_886|label=1	0.4100753366947174	0.0031646292190998793	0.08335500955581665	0.0011536364909261465	0.00225140736438334	1
eukaryotic_887|label=1	0.25412291288375854	0.03985421732068062	0.17252323031425476	0.032783448696136475	0.0007161760004237294	1
eukaryotic_888|label=1	0.12024202942848206	0.33515089750289917	0.03251028060913086	0.012049339711666107	4.742164310300723e-05	2
eukaryotic_889|label=1	0.007039729040116072	0.45682141184806824	0.016625097021460533	0.017866915091872215	0.001646831980906427	2
eukaryotic_890|label=1	0.10721039772033691	0.16908146440982819	0.0667152926325798	0.029972249642014503	0.12702061235904694	2
eukaryotic_891|label=1	0.0295625701546669	0.3764413297176361	0.007781557738780975	0.020182516425848007	0.06603199988603592	2
eukaryotic_892|label=1	0.49017849564552307	0.009527170099318027	5.696633888874203e-05	6.729132292093709e-05	0.00017004161782097071	1
eukaryotic_893|label=1	0.30732521414756775	0.0740266814827919	0.04543997719883919	0.0252922885119915	0.04791581630706787	1
eukaryotic_894|label=1	0.481545090675354	0.014340842142701149	0.0008549732738174498	0.0028606930281966925	0.00039839980308897793	1
eukaryotic_895|label=1	0.49428829550743103	0.0057064564898610115	1.3476275171342422e-06	2.889625193347456e-06	9.8477823939902e-07	1
eukaryotic_896|label=1	0.08867117017507553	0.3876086473464966	0.01740124262869358	0.006039850879460573	0.00027909601340070367	2
eukaryotic_897|label=1	0.1209162175655365	0.376326322555542	0.0022241962142288685	0.00022089286358095706	0.0003123754577245563	2
eukaryotic_898|label=1	0.4995163083076477	0.00011958854884142056	0.00031848245998844504	4.55742992926389e-05	1.227845700668695e-07	1
eukaryotic_899|label=1	0.46860605478286743	0.022962184622883797	0.0012467318447306752	0.007182219531387091	2.7721112019207794e-06	1
eukaryotic_900|label=1	0.0007320823497138917	0.4992671012878418	6.884117738081841e-07	7.308085514523555e-08	4.987684931734293e-08	2
eukaryotic_901|label=1	0.17545734345912933	0.32427695393562317	6.763236888218671e-05	0.00019802915630862117	1.9432469855473755e-08	2
eukaryotic_902|label=1	0.48788267374038696	0.01204843819141388	3.391138307051733e-05	3.2827410905156285e-05	2.1718492462241556e-06	1
eukaryotic_903|label=1	0.027918899431824684	0.2008909285068512	0.17748227715492249	0.0711807832121849	0.022527141496539116	2
eukaryotic_904|label=1	0.007793869357556105	0.06918226927518845	0.20500300824642181	0.049216464161872864	0.16880440711975098	3
eukaryotic_905|label=1	0.4907897710800171	0.007073939777910709	0.00014851494051981717	0.0019869962707161903	7.918440019238915e-07	1
eukaryotic_906|label=1	0.49285632371902466	0.0036149758379906416	0.0008222399046644568	0.0026984631549566984	7.992040991666727e-06	1
eukaryotic_907|label=1	0.2016950398683548	0.11898529529571533	0.16768094897270203	0.011617960408329964	2.0749545001308434e-05	1
eukaryotic_908|label=1	0.26519304513931274	0.0017062179977074265	0.11104889214038849	0.08224055916070938	0.03981129825115204	1
eukaryotic_909|label=1	0.0089358389377594	0.00022586928389500827	0.44857874512672424	0.021831119433045387	0.020428422838449478	3
eukaryotic_910|label=1	0.49998730421066284	9.416045031684916e-06	3.7037483480162336e-07	1.6385212120439974e-06	1.336457557954418e-06	1
eukaryotic_911|label=1	0.011676318012177944	0.1497531235218048	0.29180124402046204	0.03730068728327751	0.00946861132979393	3
eukaryotic_912|label=1	0.4857080280780792	0.003685497445985675	0.00819663517177105	0.0010323080932721496	0.001377531560137868	1
eukaryotic_913|label=1	0.41381382942199707	5.118077388033271e-05	0.005041315220296383	0.08053717762231827	0.00055646215332672	1
eukaryotic_914|label=1	0.3213770091533661	0.01747380569577217	0.054184190928936005	0.07182465493679047	0.03514030575752258	1
eukaryotic_915|label=1	0.4999827742576599	5.136896106705535e-06	3.0485298339044675e-06	8.967906978796236e-06	1.473193833589903e-07	1
eukaryotic_916|label=1	0.19626523554325104	0.0003153190773446113	0.17830923199653625	0.12102770060300827	0.004082488361746073	1
eukaryotic_917|label=1	0.12595675885677338	0.00046367288450710475	0.21754670143127441	0.09069512784481049	0.06533771753311157	3
eukaryotic_918|label=1	0.42332708835601807	0.028575537726283073	0.001857396331615746	0.045934710651636124	0.0003052507236134261	1
eukaryotic_919|label=1	0.004745548125356436	0.4950547218322754	0.00018852422363124788	1.1144865311507601e-05	3.8468307650418865e-08	2
eukaryotic_920|label=1	0.06396326422691345	0.4247153103351593	2.0205830878694542e-05	0.00013364278129301965	0.011167556047439575	2
eukaryotic_921|label=1	0.11959812045097351	0.3710958659648895	0.00027851556660607457	7.53832355258055e-05	0.008952083997428417	2
eukaryotic_922|label=1	0.007146503310650587	0.49223974347114563	0.00029496016213670373	0.00030139763839542866	1.7387794287060387e-05	2
eukaryotic_923|label=1	0.004810091108083725	0.49518710374832153	1.6051359352786676e-06	1.0431390364828985e-06	1.949640449083745e-07	2
eukaryotic_924|label=1	0.00443314341828227	0.05594105273485184	0.2614629566669464	0.15922826528549194	0.018934523686766624	3
eukaryotic_925|label=1	0.060292188078165054	0.010756544768810272	0.2866050899028778	0.14228054881095886	6.564303475897759e-05	3
eukaryotic_926|label=1	0.00030648696701973677	0.001028205151669681	0.3644367456436157	0.13413161039352417	9.69825778156519e-05	3
eukaryotic_927|label=1	0.49293696880340576	0.006936690770089626	2.8513359211501665e-05	9.208852134179324e-05	5.731415967602516e-06	1
eukaryotic_928|label=1	0.019480135291814804	0.47967207431793213	0.0005475211655721068	0.00023617479018867016	6.411544745787978e-05	2
eukaryotic_929|label=1	0.32734543085098267	0.15810886025428772	0.01200733333826065	0.0016839085146784782	0.0008544422453269362	1
eukaryotic_930|label=1	0.48367083072662354	0.01607545278966427	0.00013859693717677146	0.00011456759966677055	4.968700295648887e-07	1
eukaryotic_931|label=1	0.024534156545996666	0.44520169496536255	0.028820035979151726	0.00144380412530154	2.673874348602112e-07	2
eukaryotic_932|label=1	0.28967830538749695	0.20607145130634308	0.0023139126133173704	0.0003350710612721741	0.0016012742416933179	1
eukaryotic_933|label=1	0.07444038987159729	0.18495410680770874	0.1360817551612854	0.03888518363237381	0.06563858687877655	2
eukaryotic_934|label=1	0.29678505659103394	0.18652190268039703	0.014034115709364414	0.0023334012366831303	0.00032557742088101804	1
eukaryotic_935|label=1	0.10560590773820877	0.39141324162483215	0.0025264329742640257	0.0003137607127428055	0.00014072598423808813	2
eukaryotic_936|label=1	0.4815402925014496	0.0024557686410844326	0.010759701952338219	0.0038042361848056316	0.0014400595100596547	1
eukaryotic_937|label=1	0.2509983479976654	0.010279661044478416	0.009898338466882706	0.2248661071062088	0.003957581706345081	1
eukaryotic_938|label=1	0.365249902009964	0.08168746531009674	0.025055762380361557	0.02750502899289131	0.0005018410738557577	1
eukaryotic_939|label=1	0.2069363296031952	0.17348825931549072	0.024318713694810867	0.07800253480672836	0.017254222184419632	1
eukaryotic_940|label=1	0.4943981170654297	0.005576571449637413	1.9411414541536942e-05	5.898292783967918e-06	6.594853374508602e-08	1
eukaryotic_941|label=1	0.05096340551972389	0.2651609182357788	0.05611754208803177	0.12730956077575684	0.0004485718091018498	2
eukaryotic_942|label=1	0.002249929355457425	1.4035657841304783e-05	0.495147168636322	0.002536070765927434	5.280946788843721e-05	3
eukaryotic_943|label=1	0.042273178696632385	0.37131601572036743	0.0245553907006979	0.04762972518801689	0.014225677587091923	2
eukaryotic_944|label=1	0.2961931824684143	0.014034860767424107	0.09569790214300156	0.05984384939074516	0.03423021361231804	1
eukaryotic_945|label=1	0.0003141099587082863	0.00043831689981743693	0.0055524008348584175	0.010382696986198425	0.4833124577999115	5
eukaryotic_946|label=1	2.591885277070105e-06	0.00017121918790508062	0.4197826087474823	0.07993055135011673	0.00011302136408630759	3
eukaryotic_947|label=1	0.3229173421859741	0.17542065680027008	0.0006695103365927935	0.0007633999921381474	0.00022912956774234772	1
eukaryotic_948|label=1	0.003974628169089556	0.03322906047105789	0.26626890897750854	0.1964365392923355	9.087000944418833e-05	3
eukaryotic_949|label=1	0.030186882242560387	0.006035856436938047	0.027598610147833824	0.42094799876213074	0.015230662189424038	4
eukaryotic_950|label=1	0.06510086357593536	0.1878824532032013	0.024309704080224037	0.014589780010282993	0.20811721682548523	5
eukaryotic_951|label=1	0.43150874972343445	0.06449500471353531	0.0012031665537506342	0.0012613165890797973	0.0015317575307562947	1
eukaryotic_952|label=1	0.05143878981471062	0.0005462751723825932	0.29944220185279846	0.00688800448551774	0.14168471097946167	3
eukaryotic_953|label=1	0.245049849152565	0.1745583862066269	0.054028574377298355	0.0014325352385640144	0.024930674582719803	1
eukaryotic_954|label=1	0.2694832682609558	0.0007038154872134328	0.12483393400907516	0.09044639766216278	0.014532585628330708	1
eukaryotic_955|label=1	0.4791637659072876	0.0026632777880877256	0.01598379760980606	0.002139132469892502	5.001285535399802e-05	1
eukaryotic_956|label=1	0.00027767737628892064	0.0001181172629003413	0.4896364212036133	0.009748711250722408	0.0002190858795074746	3
eukaryotic_957|label=1	0.007262141443789005	0.3573678731918335	0.12314455956220627	0.010628345422446728	0.001597104361280799	2
eukaryotic_958|label=1	0.00038164269062690437	0.00022940014605410397	0.2104734182357788	0.28859052062034607	0.0003250009031035006	4
eukaryotic_959|label=1	0.0020589730702340603	0.4837985336780548	0.012635987251996994	0.001497288467362523	9.198817679134663e-06	2
eukaryotic_960|label=1	0.15752647817134857	0.32955607771873474	0.0041064186953008175	0.004949537105858326	0.0038614696823060513	2
eukaryotic_961|label=1	0.01181152556091547	0.4105800986289978	0.0611569806933403	0.004041614010930061	0.012409735471010208	2
eukaryotic_962|label=1	0.033315517008304596	0.08088474720716476	0.016398753970861435	0.3692857325077057	0.00011523511784616858	4
eukaryotic_963|label=1	0.11867962032556534	0.30344387888908386	0.06836599111557007	0.009145772084593773	0.00036468467442318797	2
eukaryotic_964|label=1	0.1784183233976364	0.31878507137298584	0.0003211944713257253	0.0006438372656702995	0.0018315803026780486	2
eukaryotic_965|label=1	0.0032210364006459713	0.13482540845870972	0.003391822800040245	0.02924291230738163	0.3293188214302063	5
eukaryotic_966|label=1	0.05126311257481575	0.08406993001699448	0.13609935343265533	0.13483068346977234	0.09373693913221359	3
eukaryotic_967|label=1	0.001763999811373651	0.49087366461753845	0.00032882310915738344	0.004772661253809929	0.002260827226564288	2
eukaryotic_968|label=1	0.006033283658325672	0.479911744594574	0.0015537955332547426	0.009624065831303596	0.0028770328499376774	2
eukaryotic_969|label=1	0.0001000402044155635	0.4997502565383911	9.441318070457783e-06	0.0001402121561113745	4.719266044617143e-08	2
eukaryotic_970|label=1	0.283111572265625	0.21688736975193024	2.7769840471592033e-07	3.862029132051248e-07	4.5381230506791326e-07	1
eukaryotic_971|label=1	0.1647081822156906	0.3299657106399536	0.0012153632706031203	0.0015344617422670126	0.002576285507529974	2
eukaryotic_972|label=1	0.496809184551239	0.0010025757364928722	0.0003710455494001508	0.0015694816829636693	0.00024776364443823695	1
eukaryotic_973|label=1	0.363099068403244	0.0026981018017977476	0.08413004130125046	0.04999218136072159	8.059884567046538e-05	1
eukaryotic_974|label=1	0.004248686600476503	0.05781637504696846	0.38374099135398865	0.051848750561475754	0.0023451754823327065	3
eukaryotic_975|label=1	0.34101104736328125	0.06923754513263702	0.02919018268585205	0.060541000217199326	2.0197239791741595e-05	1
eukaryotic_976|label=1	4.863578942604363e-05	0.00043401020229794085	0.4568696916103363	0.04259864613413811	4.899776104139164e-05	3
eukaryotic_977|label=1	0.06225492060184479	0.09870456159114838	0.26631736755371094	0.07272259145975113	5.628450026051723e-07	3
eukaryotic_978|label=1	0.3504560589790344	0.09501536190509796	0.020586516708135605	0.031103335320949554	0.0028387547936290503	1
eukaryotic_979|label=1	0.44507697224617004	0.020478645339608192	0.006208615377545357	0.027403324842453003	0.0008324684458784759	1
eukaryotic_980|label=1	0.09941283613443375	0.013950195163488388	0.176725372672081	0.05574743077158928	0.1541641354560852	3
eukaryotic_981|label=1	0.43099159002304077	0.06786232441663742	0.0009483085596002638	0.00017957767704501748	1.8252723748446442e-05	1
eukaryotic_982|label=1	0.0001497800403740257	0.0002772117732092738	0.10466518998146057	0.3889746069908142	0.005933193489909172	4
eukaryotic_983|label=1	0.3851162791252136	0.03620585799217224	0.012075568549335003	0.020999735221266747	0.04560256376862526	1
eukaryotic_984|label=1	0.029660340398550034	0.03540153428912163	0.40901148319244385	0.025434287264943123	0.0004923688247799873	3
eukaryotic_985|label=1	0.37248852849006653	0.11252516508102417	0.00170308502856642	0.010131237097084522	0.003151969751343131	1
eukaryotic_986|label=1	0.06828811764717102	2.4966328055597842e-05	0.026325760409235954	0.40137195587158203	0.0039892238564789295	4
eukaryotic_987|label=1	0.0260324664413929	0.04837048798799515	0.0756954625248909	0.03398510068655014	0.3159164488315582	5
eukaryotic_988|label=1	0.15830130875110626	0.246481254696846	0.08404447138309479	0.011132786981761456	4.013506986666471e-05	2
eukaryotic_989|label=1	0.4548460841178894	2.233497980341781e-05	0.03500182926654816	0.009989157319068909	0.00014058400120120496	1
eukaryotic_990|label=1	0.4670877456665039	0.0006172314751893282	0.02130465768277645	0.0009249788126908243	0.010065378621220589	1
eukaryotic_991|label=1	0.49684372544288635	0.002606313908472657	0.00025409916997887194	0.00023425216204486787	6.16468969383277e-05	1
eukaryotic_992|label=1	0.497906357049942	0.0006709547596983612	0.0002878042287193239	0.0006779987015761435	0.00045685985242016613	1
eukaryotic_993|label=1	0.09889362752437592	0.020394934341311455	0.108579121530056	0.1688331812620163	0.10329914838075638	4
eukaryotic_994|label=1	0.1540633738040924	0.3441840410232544	0.0007823609630577266	6.903122994117439e-05	0.0009012325317598879	2
eukaryotic_995|label=1	0.02301687002182007	0.02455063723027706	0.40778249502182007	0.019249819219112396	0.025400230661034584	3
eukaryotic_996|label=1	0.0002740945783443749	0.49972590804100037	1.2976594021552046e-08	3.950789029261159e-09	1.1519166953632975e-08	2
eukaryotic_997|label=1	0.4614031910896301	0.0385923832654953	8.613590551931338e-08	3.0738931400264846e-06	1.278834133700002e-06	1
eukaryotic_998|label=1	0.48977938294410706	0.0009103450574912131	0.0002521700516808778	0.009051897563040257	6.1806090343452524e-06	1
eukaryotic_999|label=1	0.15432226657867432	0.28131136298179626	0.0028211490716785192	0.02022048830986023	0.04132472351193428	2
eukaryotic_1000|label=1	0.1813419908285141	0.30710282921791077	0.002978856908157468	0.0009404746233485639	0.007635852787643671	2
eukaryotic_1001|label=1	0.0007054525194689631	0.4992915987968445	2.027879872912308e-06	8.929085311137896e-07	7.877211771756265e-08	2
eukaryotic_1002|label=1	0.018055705353617668	0.4755214750766754	0.000736595073249191	0.0020088236778974533	0.003677407279610634	2
eukaryotic_1003|label=1	0.019275346770882607	0.07113036513328552	0.19909082353115082	0.09342529624700546	0.11707819998264313	3
eukaryotic_1004|label=1	0.01148718036711216	0.48774203658103943	0.00037479790626093745	0.0002696247829589993	0.0001264197053387761	2
eukaryotic_1005|label=1	0.0641457661986351	2.9944432753836736e-05	0.3808382451534271	0.04771293327212334	0.007273111958056688	3
eukaryotic_1006|label=1	0.052831318229436874	0.4471077620983124	5.370680355554214e-06	5.526505992747843e-05	2.699470087463851e-07	2
eukaryotic_1007|label=1	0.24985221028327942	0.24815359711647034	0.0016096539329737425	0.00031683561974205077	6.772683263989165e-05	1
eukaryotic_1008|label=1	0.023565072566270828	0.25439953804016113	0.20763295888900757	0.00809415802359581	0.006308264564722776	2
eukaryotic_1009|label=1	0.07864276319742203	0.006409524939954281	0.3841702938079834	0.028916645795106888	0.0018607501406222582	3
eukaryotic_1010|label=1	0.4993109107017517	0.0006825378513894975	2.796181433950551e-06	3.6454614473768743e-06	1.2871967669525475e-07	1
eukaryotic_1011|label=1	0.4141782522201538	0.08581501990556717	1.368668222312408e-06	5.220129878580337e-06	7.745533991965203e-08	1
eukaryotic_1012|label=1	0.48009562492370605	0.01977001503109932	6.633430166402832e-05	6.62924358039163e-05	1.7669334511083434e-06	1
eukaryotic_1013|label=1	0.4048897624015808	0.062140047550201416	0.005665344651788473	0.001415048260241747	0.025889817625284195	1
eukaryotic_1014|label=1	0.2660380005836487	0.15440763533115387	0.016030248254537582	0.06251978129148483	0.0010043055517598987	1
eukaryotic_1015|label=1	0.1497059017419815	0.27458006143569946	0.025727523490786552	0.012953320518136024	0.03703313320875168	2
eukaryotic_1016|label=1	0.03152792155742645	0.0038300275336951017	0.45199307799339294	0.012081374414265156	0.0005675838328897953	3
eukaryotic_1017|label=1	0.1268329620361328	0.02926064468920231	0.1085239127278328	0.23357032239437103	0.0018121181055903435	4
eukaryotic_1018|label=1	2.9308297598618083e-05	0.0781468078494072	0.3717307448387146	0.049928151071071625	0.00016502963262610137	3
eukaryotic_1019|label=1	0.020325686782598495	0.47875526547431946	5.989424607832916e-05	0.0005280670593492687	0.00033107862691394985	2
eukaryotic_1020|label=1	0.00027315018814988434	7.374513370450586e-05	0.039182450622320175	0.3782346546649933	0.08223598450422287	4
eukaryotic_1021|label=1	0.49298539757728577	0.005437113810330629	0.0008554868982173502	0.0007182772387750447	3.676619826364913e-06	1
eukaryotic_1022|label=1	0.4291357696056366	8.21111534605734e-05	0.01925051212310791	0.004529111087322235	0.04700245335698128	1
eukaryotic_1023|label=1	0.20354969799518585	0.2848719656467438	0.005712633952498436	0.0019995190668851137	0.003866160288453102	2
eukaryotic_1024|label=1	0.3982877731323242	0.06745124608278275	0.012400120496749878	0.010115675628185272	0.011745243333280087	1
eukaryotic_1025|label=1	0.01852303557097912	0.27662158012390137	0.016655931249260902	0.0058800168335437775	0.18231940269470215	2
eukaryotic_1026|label=1	0.012447952292859554	0.4770045578479767	0.004245709162205458	0.005292128771543503	0.001009674626402557	2
eukaryotic_1027|label=1	0.4973597526550293	0.002631561132147908	3.998417525963305e-07	7.860657206038013e-06	3.680804070427257e-07	1
eukaryotic_1028|label=1	0.3649589419364929	0.04944391921162605	0.007798891514539719	0.07467317581176758	0.00312513648532331	1
eukaryotic_1029|label=1	0.42636817693710327	0.0010928913252428174	0.006939513608813286	0.06557578593492508	2.3658738427911885e-05	1
eukaryotic_1030|label=1	0.3381689786911011	0.011942688375711441	0.12433694303035736	0.0254907738417387	6.0650621890090406e-05	1
eukaryotic_1031|label=1	0.4861467480659485	0.0008267437806352973	0.0012213937006890774	0.005499155726283789	0.006305898539721966	1
eukaryotic_1032|label=1	0.32487815618515015	0.10073186457157135	0.03072236105799675	0.04347344487905502	0.00019418535521253943	1
eukaryotic_1033|label=1	0.48678356409072876	0.0034562095534056425	0.003096742322668433	0.005742731504142284	0.0009207685361616313	1
eukaryotic_1034|label=1	0.2616031765937805	0.005673681851476431	0.11322155594825745	0.11917099356651306	0.0003306145954411477	1
eukaryotic_1035|label=1	0.008095026947557926	0.00012646810500882566	0.2962700426578522	0.18299587070941925	0.012512578628957272	3
eukaryotic_1036|label=1	0.0029865633696317673	0.4318785071372986	0.05658829212188721	0.004496392328292131	0.004050198942422867	2
eukaryotic_1037|label=1	0.4990059733390808	1.595183312019799e-05	0.00020741768821608275	3.4372696973150596e-05	0.0007362380856648088	1
eukaryotic_1038|label=1	0.4996871054172516	0.00024280344950966537	1.765914748830255e-05	5.1733812142629176e-05	7.788764833094319e-07	1
eukaryotic_1039|label=1	0.0004959680954925716	0.00281207705847919	0.06497548520565033	0.003264383412897587	0.42845210433006287	5
eukaryotic_1040|label=1	0.38576385378837585	0.11249636113643646	0.0013468570541590452	0.00038839102489873767	4.51122514277813e-06	1
eukaryotic_1041|label=1	0.1245713010430336	0.3702833652496338	0.0018176269950345159	0.0031980187632143497	0.0001296734990319237	2
eukaryotic_1042|label=1	0.23632214963436127	0.0011417007772251964	0.16326911747455597	0.06321388483047485	0.0360531359910965	1
eukaryotic_1043|label=1	0.12598007917404175	0.34012994170188904	0.0060686031356453896	0.027341684326529503	0.00047965478734113276	2
eukaryotic_1044|label=1	0.24275773763656616	0.026776276528835297	0.08490186929702759	0.1319054365158081	0.01365870051085949	1
eukaryotic_1045|label=1	0.04593842104077339	0.43411925435066223	0.00392914330586791	0.014992753975093365	0.0010204322170466185	2
eukaryotic_1046|label=1	0.38456544280052185	0.10218843817710876	0.012897330336272717	0.0003355408553034067	1.3282025975058787e-05	1
eukaryotic_1047|label=1	0.08327987790107727	0.018979253247380257	0.2893979549407959	0.0958210751414299	0.012521864846348763	3
eukaryotic_1048|label=1	0.20203274488449097	0.2033325880765915	0.046649955213069916	0.03603404015302658	0.011950647458434105	2
eukaryotic_1049|label=1	8.982069266494364e-05	0.007442354690283537	0.3483080565929413	0.14405091106891632	0.00010888680117204785	3
eukaryotic_1050|label=1	0.2233399599790573	0.013624701648950577	0.07174751162528992	0.1911449134349823	0.00014290088438428938	1
eukaryotic_1051|label=1	0.4673045873641968	0.002297523897141218	0.01970113068819046	0.010664945468306541	3.181320062140003e-05	1
eukaryotic_1052|label=1	0.0034866086207330227	0.44867590069770813	0.02090449444949627	0.025204669684171677	0.0017283221241086721	2
eukaryotic_1053|label=1	0.03650808334350586	0.35306140780448914	0.08537155389785767	0.024948759004473686	0.0001102258320315741	2
eukaryotic_1054|label=1	0.43084636330604553	0.00025080167688429356	0.002258103108033538	0.06572434306144714	0.0009203891386277974	1
eukaryotic_1055|label=1	0.11683964729309082	0.05317419022321701	0.25331398844718933	0.061118338257074356	0.015553824603557587	3
eukaryotic_1056|label=1	0.14470349252223969	0.00015997698938008398	0.3370305299758911	0.017970435321331024	0.00013558530190493912	3
eukaryotic_1057|label=1	0.259149968624115	0.18145066499710083	0.05858009681105614	0.00048789283027872443	0.00033139000879600644	1
eukaryotic_1058|label=1	0.30256637930870056	0.034127168357372284	0.13490214943885803	0.027914734557271004	0.0004895679303444922	1
eukaryotic_1059|label=1	0.010686315596103668	0.48837390542030334	0.0004501381190493703	0.0004700747667811811	1.9570279619074427e-05	2
eukaryotic_1060|label=1	0.0716799795627594	0.42827707529067993	3.18448633152002e-06	2.5780531359487213e-05	1.4040205314813647e-05	2
eukaryotic_1061|label=1	0.00661652022972703	0.48212751746177673	0.00883875135332346	0.0024042949080467224	1.285649250348797e-05	2
eukaryotic_1062|label=1	0.00027562034665606916	0.0907103642821312	0.09309931844472885	0.2753226161003113	0.040592044591903687	4
eukaryotic_1063|label=1	0.4450927972793579	0.016537174582481384	0.012659495696425438	0.02377452328801155	0.001936035929247737	1
eukaryotic_1064|label=1	0.01256605051457882	0.4874299466609955	1.2363056356434754e-08	5.098088990962424e-07	3.4860979667428182e-06	2
eukaryotic_1065|label=1	0.45103374123573303	0.0009226546972058713	0.021088486537337303	0.01574232615530491	0.011212749406695366	1
eukaryotic_1066|label=1	0.004942119121551514	0.11111344397068024	0.004978333134204149	0.000845477101393044	0.37812063097953796	5
eukaryotic_1067|label=1	0.25532570481300354	0.03717685490846634	0.19477331638336182	0.012709278613328934	1.4855367226118688e-05	1
eukaryotic_1068|label=1	0.14429418742656708	0.009418003261089325	0.026437636464834213	0.3193639814853668	0.0004861700290348381	4
eukaryotic_1069|label=1	0.0026728673838078976	0.0003885634941980243	0.48936936259269714	0.0073274364694952965	0.00024179063620977104	3
eukaryotic_1070|label=1	0.16784973442554474	0.1433243453502655	0.16936014592647552	0.01853245683014393	0.0009333147318102419	3
eukaryotic_1071|label=1	0.09611456841230392	0.005389582831412554	0.08511168509721756	0.309874564409256	0.0035095978528261185	4
eukaryotic_1072|label=1	0.00036639883182942867	0.006178907584398985	0.4308251142501831	0.06261397898197174	1.559831616759766e-05	3
eukaryotic_1073|label=1	0.11089376360177994	0.013012987561523914	0.07431389391422272	0.3014717102050781	0.0003076411667279899	4
eukaryotic_1074|label=1	0.04455229267477989	0.4477965235710144	0.0012101976899430156	0.004144921898841858	0.0022960316855460405	2
eukaryotic_1075|label=1	0.00031111977295950055	0.4996849596500397	1.0667402960962136e-07	3.767079533645301e-06	5.549576442831494e-08	2
eukaryotic_1076|label=1	0.03421124815940857	0.005494900979101658	0.3806922137737274	0.014371106401085854	0.06523051857948303	3
eukaryotic_1077|label=1	0.000287083035800606	0.49971193075180054	6.254880986489297e-07	3.694041481594468e-07	8.05076183496567e-08	2
eukaryotic_1078|label=1	0.0007556193158961833	0.49922752380371094	8.986590387394244e-07	9.802380191104021e-06	6.125310846982757e-06	2
eukaryotic_1079|label=1	0.1139284148812294	0.0004075035103596747	0.0014304951764643192	0.38390037417411804	0.00033322523813694715	4
eukaryotic_1080|label=1	0.198414608836174	0.0013037319295108318	0.009560126811265945	0.2745855152606964	0.016136031597852707	4
eukaryotic_1081|label=1	0.35340169072151184	0.14620555937290192	0.00011048168380511925	3.116920925094746e-05	0.00025114574236795306	1
eukaryotic_1082|label=1	0.4311576187610626	0.05471750721335411	0.0010471065761521459	0.013064365833997726	1.342375708190957e-05	1
eukaryotic_1083|label=1	0.49801114201545715	6.793521606596187e-05	0.0003983112401328981	0.0015170197002589703	5.65380287298467e-06	1
eukaryotic_1084|label=1	0.1913003772497177	0.07009999454021454	0.007998564280569553	0.22866788506507874	0.001933195861056447	4
eukaryotic_1085|label=1	0.3812482953071594	0.05862247198820114	0.05231809243559837	0.00756043242290616	0.0002507241442799568	1
eukaryotic_1086|label=1	0.0019467308884486556	0.4931148886680603	0.004850780591368675	5.36820080014877e-05	3.394064333406277e-05	2
eukaryotic_1087|label=1	0.499182790517807	0.0001754823897499591	0.0004952052258886397	0.00012663460802286863	1.9847369912895374e-05	1
eukaryotic_1088|label=1	0.2578198313713074	0.06912725418806076	0.14166568219661713	0.02822784148156643	0.0031593653839081526	1
eukaryotic_1089|label=1	0.4772052466869354	0.0017003053799271584	0.012533900327980518	0.00836100708693266	0.0001995137135963887	1
eukaryotic_1090|label=1	0.0006054107798263431	0.0027431026101112366	0.3416706323623657	0.14885678887367249	0.006124038249254227	3
eukaryotic_1091|label=1	0.015304582193493843	0.4739183485507965	0.0033625203650444746	0.004740198142826557	0.0026743807829916477	2
eukaryotic_1092|label=1	0.09655945748090744	0.18444396555423737	0.10798332095146179	0.1108391135931015	0.0001741744636092335	2
eukaryotic_1093|label=1	0.48924732208251953	0.00973727460950613	0.0007471229764632881	0.00010017280146712437	0.0001680860877968371	1
eukaryotic_1094|label=1	0.49874597787857056	0.0012526919599622488	8.846085961522476e-07	3.628920524079149e-07	3.940577997241235e-08	1
eukaryotic_1095|label=1	0.0007845282671041787	0.006080493796616793	0.4782209098339081	0.013150271959602833	0.0017637928249314427	3
eukaryotic_1096|label=1	0.24543868005275726	0.08300047367811203	0.10093977302312851	0.02364313416182995	0.04697788506746292	1
eukaryotic_1097|label=1	0.49966832995414734	7.88573088357225e-05	0.0002231421967735514	2.8738775654346682e-05	9.716677595861256e-07	1
eukaryotic_1098|label=1	0.05283476784825325	0.4469573497772217	3.5881846997654065e-05	0.0001719705032883212	4.0863479711106265e-08	2
eukaryotic_1099|label=1	0.2771436870098114	0.19324618577957153	0.006029695272445679	0.004624749533832073	0.018955718725919724	1
eukaryotic_1100|label=1	0.12327845394611359	0.020655378699302673	0.17318236827850342	0.14332664012908936	0.03955714777112007	3
eukaryotic_1101|label=1	0.4999958276748657	2.8135101359794135e-08	1.8723743551163352e-06	2.2994365735939937e-06	1.8594915607295093e-09	1
eukaryotic_1102|label=1	0.4474252760410309	0.05047188326716423	0.00017168729391414672	0.0018216739408671856	0.00010948917042696849	1
eukaryotic_1103|label=1	0.4826202988624573	0.017196042463183403	6.72614696668461e-05	0.00011247870861552656	3.901073341694428e-06	1
eukaryotic_1104|label=1	0.4632554352283478	0.03462390601634979	0.0015783574199303985	0.00036477719550020993	0.0001775710697984323	1
eukaryotic_1105|label=1	0.009859452024102211	0.027622392401099205	0.44315099716186523	0.01815757341682911	0.0012096139835193753	3
eukaryotic_1106|label=1	0.2074642777442932	0.0010627692099660635	0.05919909477233887	0.12094993144273758	0.11132392287254333	1
eukaryotic_1107|label=1	0.45761826634407043	0.03881675750017166	0.002814551815390587	0.000588693015743047	0.00016169279115274549	1
eukaryotic_1108|label=1	0.4996488690376282	0.0003062192990910262	1.2836092366796947e-07	2.465695843056892e-06	4.2348467104602605e-05	1
eukaryotic_1109|label=1	0.37623506784439087	0.01766570471227169	0.024076735600829124	0.08195820450782776	6.426418985938653e-05	1
eukaryotic_1110|label=1	0.051487717777490616	0.42870622873306274	0.013904733583331108	0.005878626834601164	2.2652109691989608e-05	2
eukaryotic_1111|label=1	0.0497896783053875	0.4125378727912903	0.0282221008092165	0.00844436977058649	0.0010059510823339224	2
eukaryotic_1112|label=1	0.0008461882825940847	0.0003160192572977394	0.4407846927642822	0.05741535499691963	0.0006377238896675408	3
eukaryotic_1113|label=1	0.343066543340683	0.06761426478624344	0.08092036098241806	0.007798207923769951	0.0006006285548210144	1
eukaryotic_1114|label=1	7.818004814907908e-05	0.001161068445071578	0.4441491663455963	0.0524563305079937	0.00215525203384459	3
eukaryotic_1115|label=1	0.09744162857532501	0.05163955315947533	0.21347898244857788	0.13684731721878052	0.0005925202858634293	3
eukaryotic_1116|label=1	0.00012516809510998428	4.312280725571327e-05	0.18078739941120148	0.31903746724128723	6.844003564765444e-06	4
eukaryotic_1117|label=1	0.005827269516885281	0.010595906525850296	0.33563295006752014	0.13001663982868195	0.01792721450328827	3
eukaryotic_1118|label=1	0.4833529591560364	1.6022401041482226e-06	0.0034813890233635902	0.012901450507342815	0.0002625960041768849	1
eukaryotic_1119|label=1	0.046145275235176086	0.4532412886619568	0.000350929272826761	0.00016245563165284693	0.00010002894850913435	2
eukaryotic_1120|label=1	0.2214069962501526	0.25823864340782166	0.01626521721482277	0.003664089133962989	0.0004250496858730912	2
eukaryotic_1121|label=1	0.35167092084884644	0.01947103627026081	0.10748216509819031	0.021179940551519394	0.00019595620688050985	1
eukaryotic_1122|label=1	0.0015024477615952492	0.4984373450279236	4.475502282730304e-05	1.528693246655166e-05	2.0001296263671975e-07	2
eukaryotic_1123|label=1	0.1739262044429779	0.007964245043694973	0.30786457657814026	0.005585799925029278	0.004659208003431559	3
eukaryotic_1124|label=1	0.0716286450624466	0.3731135427951813	0.02710181660950184	0.010527929291129112	0.017628023400902748	2
eukaryotic_1125|label=1	0.05615807697176933	0.020563311874866486	0.3217761516571045	0.09735529869794846	0.0041471123695373535	3
eukaryotic_1126|label=1	0.004484997130930424	0.492611825466156	2.3123295704863267e-06	0.00019636543584056199	0.0027045116294175386	2
eukaryotic_1127|label=1	0.41750454902648926	0.006323736160993576	0.007164399139583111	0.01872388646006584	0.05028344318270683	1
eukaryotic_1128|label=1	0.006875793449580669	0.00015763421833980829	0.21693651378154755	0.1987287849187851	0.0773012712597847	3
eukaryotic_1129|label=1	0.001718919025734067	0.4929231107234955	0.002438358496874571	0.0005889535532332957	0.0023306619841605425	2
eukaryotic_1130|label=1	0.15588434040546417	0.17229557037353516	0.08047933876514435	0.0791439488530159	0.012196804396808147	2
eukaryotic_1131|label=1	0.32596489787101746	0.012008879333734512	0.1492171287536621	0.01205142680555582	0.0007576636853627861	1
eukaryotic_1132|label=1	0.4900851845741272	0.009689188562333584	6.307309377007186e-05	0.00015408769831992686	8.479543794237543e-06	1
eukaryotic_1133|label=1	0.47421473264694214	0.025780798867344856	2.7021108053304488e-06	1.7725507177601685e-06	8.762372494253157e-10	1
eukaryotic_1134|label=1	0.012374344281852245	0.48704347014427185	0.00045191458775661886	9.639827476348728e-05	3.3828295272542164e-05	2
eukaryotic_1135|label=1	6.932617452548584e-06	0.4999374747276306	8.292909470242193e-09	3.9766447912370495e-07	5.518045509234071e-05	2
eukaryotic_1136|label=1	0.49828293919563293	0.001523951767012477	0.00019158291979692876	1.3459065257848124e-06	1.868373544766655e-07	1
eukaryotic_1137|label=1	0.5	2.320869896266231e-08	2.497547169078018e-10	3.8947269020983555e-11	1.3549331101536666e-10	1
eukaryotic_1138|label=1	9.942817996488884e-06	0.4999356269836426	5.848624482496234e-07	5.783629148936598e-07	5.320243872120045e-05	2
eukaryotic_1139|label=1	0.49616146087646484	0.0036883647553622723	1.6200050595216453e-05	0.00013064584345556796	3.311983391540707e-06	1
eukaryotic_1140|label=1	0.42937660217285156	0.048775602132081985	0.0007910947897471488	0.0209987610578537	5.794939352199435e-05	1
eukaryotic_1141|label=1	0.17025893926620483	0.32849594950675964	0.0007167833391577005	0.00013482030772138387	0.000393506430555135	2
eukaryotic_1142|label=1	0.0005070462357252836	0.0005644080229103565	0.05352090299129486	0.004817740060389042	0.44058990478515625	5
eukaryotic_1143|label=1	0.018804043531417847	0.48115310072898865	8.982707186078187e-06	7.456480375367391e-07	3.306733560748398e-05	2
eukaryotic_1144|label=1	0.16641245782375336	0.17737631499767303	0.00783800333738327	0.13332422077655792	0.015048944391310215	2
eukaryotic_1145|label=1	0.4389698803424835	0.017736278474330902	0.004630137700587511	0.002683833474293351	0.03597988560795784	1
eukaryotic_1146|label=1	0.48984888195991516	0.010056587867438793	6.297694199020043e-05	1.8932563762064092e-05	1.267706829821691e-05	1
eukaryotic_1147|label=1	0.45030882954597473	0.014553471468389034	0.01635083369910717	0.01856912113726139	0.00021773464686702937	1
eukaryotic_1148|label=1	0.016638657078146935	0.09071119874715805	0.3272849917411804	0.06327971816062927	0.0020854389294981956	3
eukaryotic_1149|label=1	0.48929765820503235	0.010271371342241764	0.00013849325478076935	0.0002758401969913393	1.665801028138958e-05	1
eukaryotic_1150|label=1	0.14302140474319458	0.3546198904514313	0.0001960926310857758	0.0005395376938395202	0.0016230640467256308	2
eukaryotic_1151|label=1	0.49813881516456604	0.0016262534772977233	5.881382094230503e-05	4.32342458225321e-05	0.00013288159971125424	1
eukaryotic_1152|label=1	0.12125466018915176	0.3784199059009552	3.67177817679476e-05	0.00022859747696202248	6.01500942138955e-05	2
eukaryotic_1153|label=1	0.16009807586669922	0.21364346146583557	0.12378294765949249	0.002305056434124708	0.00017046050925273448	2
eukaryotic_1154|label=1	0.0628640353679657	0.4329821467399597	0.0007403375930152833	0.003370164893567562	4.331699892645702e-05	2
eukaryotic_1155|label=1	0.13848307728767395	0.258906751871109	0.08517584204673767	0.01718205213546753	0.00025228344020433724	2
eukaryotic_1156|label=1	0.2920636236667633	0.14426250755786896	0.012417420744895935	0.05035711079835892	0.0008993545779958367	1
eukaryotic_1157|label=1	0.2431720644235611	0.24779336154460907	0.003083727788180113	0.005787793546915054	0.0001630536571610719	2
eukaryotic_1158|label=1	0.0007168243755586445	0.0010434603318572044	0.0016060277121141553	0.0005762370419688523	0.4960574209690094	5
eukaryotic_1159|label=1	0.01859033666551113	0.3987082242965698	0.020480694249272346	0.058364931493997574	0.00385580537840724	2
eukaryotic_1160|label=1	0.002969287568703294	0.032623041421175	0.12322690337896347	0.3400862216949463	0.0010945829562842846	4
eukaryotic_1161|label=1	0.002862169872969389	0.34955117106437683	0.025974920019507408	0.11153563112020493	0.010076138190925121	2
eukaryotic_1162|label=1	0.000272241304628551	0.0008120991988107562	0.00665892381221056	0.025818374007940292	0.46643832325935364	5
eukaryotic_1163|label=1	0.27175629138946533	0.0028130891732871532	0.15299327671527863	0.05398298054933548	0.018454359844326973	1
eukaryotic_1164|label=1	0.23379342257976532	0.22932185232639313	0.03202908858656883	0.0047746687196195126	8.095055818557739e-05	1
eukaryotic_1165|label=1	0.05714533478021622	0.03852972015738487	0.2372254729270935	0.16324365139007568	0.0038558002561330795	3
eukaryotic_1166|label=1	0.4407077729701996	0.05483361706137657	0.0012863226002082229	0.003169383155182004	2.9250049919937737e-06	1
eukaryotic_1167|label=1	0.22967207431793213	0.0461847260594368	0.07871026545763016	0.028062600642442703	0.1173703670501709	1
eukaryotic_1168|label=1	0.48977673053741455	0.00935301836580038	0.00020805942767765373	0.0006618988118134439	2.1587146648016642e-07	1
eukaryotic_1169|label=1	0.0038459866773337126	0.48529863357543945	0.007688794285058975	0.0023208949714899063	0.0008457056828774512	2
eukaryotic_1170|label=1	0.0010595316998660564	0.49886026978492737	5.9195936046307907e-05	1.7960011973627843e-05	3.0421963401749963e-06	2
eukaryotic_1171|label=1	0.0773404911160469	0.4177709221839905	0.0009545257780700922	0.00381796108558774	0.00011606860061874613	2
eukaryotic_1172|label=1	0.19401364028453827	0.00010405356442788616	0.04357593506574631	0.2622717320919037	3.464552719378844e-05	4
eukaryotic_1173|label=1	0.17535795271396637	0.0012223637895658612	0.06218882277607918	0.25917601585388184	0.0020548333413898945	4
eukaryotic_1174|label=1	0.46647775173187256	0.016090823337435722	0.016909843310713768	0.0005196210695430636	1.996027094719466e-06	1
eukaryotic_1175|label=1	0.00170617934782058	0.4975639581680298	3.0782161047682166e-05	0.000691313820425421	7.77782861405285e-06	2
eukaryotic_1176|label=1	0.01681438274681568	0.045674748718738556	0.20311856269836426	0.2114427089691162	0.02294960618019104	4
eukaryotic_1177|label=1	0.468026727437973	3.7663994589820504e-05	0.014127724803984165	0.017104104161262512	0.0007037973846308887	1
eukaryotic_1178|label=1	0.2856859862804413	0.007506908383220434	0.09236104041337967	0.0004311849479563534	0.1140148788690567	1
eukaryotic_1179|label=1	0.11222472786903381	0.07421399652957916	0.21176251769065857	0.08388877660036087	0.017910020425915718	3
eukaryotic_1180|label=1	0.31659960746765137	0.018923496827483177	0.036021772772073746	0.1267836093902588	0.0016715190140530467	1
eukaryotic_1181|label=1	0.07554156333208084	0.4215654134750366	0.0014231489039957523	0.0014239343581721187	4.591869219439104e-05	2
eukaryotic_1182|label=1	0.45254188776016235	0.03875550627708435	0.00443686917424202	0.00241585704497993	0.0018498639110475779	1
eukaryotic_1183|label=1	0.3812893331050873	0.11214392632246017	0.004393965005874634	0.0017385720275342464	0.00043416020344011486	1
eukaryotic_1184|label=1	0.2527170479297638	0.16533640027046204	0.08115757256746292	0.00072869734140113	6.0315021983115e-05	1
eukaryotic_1185|label=1	0.2943058907985687	0.05742860585451126	0.0012035388499498367	0.036027055233716965	0.11103492975234985	1
eukaryotic_1186|label=1	0.002234738552942872	2.2153373720357195e-05	0.012167309410870075	0.48331668972969055	0.002259126165881753	4
eukaryotic_1187|label=1	0.26782718300819397	0.013878348283469677	0.013364681042730808	0.17485757172107697	0.0300721675157547	1
eukaryotic_1188|label=1	0.0017198317218571901	0.17648573219776154	0.2178071290254593	0.09978694468736649	0.004200344439595938	3
eukaryotic_1189|label=1	0.4758175313472748	0.02409290336072445	3.55503179889638e-05	5.1320039347046986e-05	2.6906704988505226e-06	1
eukaryotic_1190|label=1	0.0003710669989231974	0.39129185676574707	0.01686587743461132	0.09092489629983902	0.0005462751723825932	2
eukaryotic_1191|label=1	0.008643715642392635	0.0035559942480176687	0.010303051210939884	0.47735363245010376	0.00014365630340762436	4
eukaryotic_1192|label=1	0.00043472895049490035	0.4979042410850525	0.0013892228016629815	0.00011067301966249943	0.00016115196922328323	2
eukaryotic_1193|label=1	0.38658958673477173	0.09086526185274124	0.00570943346247077	0.0016397966537624598	0.015195955522358418	1
eukaryotic_1194|label=1	0.17523474991321564	0.3110121488571167	0.009347767569124699	0.004357633180916309	4.769472798216157e-05	2
eukaryotic_1195|label=1	0.3316511809825897	0.1487574428319931	0.007093073800206184	0.009565536864101887	0.0029327445663511753	1
eukaryotic_1196|label=1	0.0997442975640297	0.0686759278178215	0.052410222589969635	0.2677136957645416	0.01145587582141161	4
eukaryotic_1197|label=1	0.004980144556611776	0.49448397755622864	0.0003957848821301013	0.00012583655188791454	1.4269917301135138e-05	2
eukaryotic_1198|label=1	0.002371366135776043	0.4975888133049011	3.136559098493308e-05	7.281776561285369e-06	1.152012487182219e-06	2
eukaryotic_1199|label=1	0.49996721744537354	3.1834082619752735e-05	8.052090834098635e-07	8.114690785987477e-08	7.643575372640043e-08	1
eukaryotic_1200|label=1	0.1887046992778778	0.1745726317167282	0.0009820513660088181	0.007140841335058212	0.12859976291656494	1
eukaryotic_1201|label=1	0.19688303768634796	0.0397891066968441	0.084148108959198	0.008078506216406822	0.17110127210617065	1
eukaryotic_1202|label=1	0.15853646397590637	0.10477659106254578	0.13641571998596191	0.0344807393848896	0.06579051166772842	1
eukaryotic_1203|label=1	0.00875549204647541	0.49025532603263855	7.38109738449566e-05	0.0008290608529932797	8.625682676211e-05	2
eukaryotic_1204|label=1	0.012326753698289394	0.03345094993710518	0.048290956765413284	0.4058564007282257	7.493614248232916e-05	4
eukaryotic_1205|label=1	0.04187377169728279	0.4500751495361328	0.006264297757297754	0.0017753387801349163	1.1474041457404383e-05	2
eukaryotic_1206|label=1	0.08729936927556992	0.054334383457899094	0.07604661583900452	0.27804794907569885	0.004271660931408405	4
eukaryotic_1207|label=1	0.3972269296646118	0.08269060403108597	0.011312062852084637	0.002665681764483452	0.006104708183556795	1
eukaryotic_1208|label=1	0.16236811876296997	0.3113497495651245	0.009100704453885555	0.006225103046745062	0.010956312529742718	2
eukaryotic_1209|label=1	0.0033762790262699127	0.495521605014801	0.0009186171228066087	0.00018339439702685922	1.4092036337842728e-07	2
eukaryotic_1210|label=1	0.39050009846687317	0.10124781727790833	0.005861614365130663	0.00236337399110198	2.711741217353847e-05	1
eukaryotic_1211|label=1	0.10896610468626022	0.3716055750846863	0.002399296732619405	0.013564451597630978	0.003464559093117714	2
eukaryotic_1212|label=1	0.22667646408081055	0.041557472199201584	0.007530484348535538	0.007829135283827782	0.2164064198732376	1
eukaryotic_1213|label=1	0.1214580312371254	0.2806966006755829	0.04576607048511505	0.050225235521793365	0.0018540724413469434	2
eukaryotic_1214|label=1	0.06669321656227112	0.43128496408462524	0.000444671226432547	0.0014976956881582737	7.943891250761226e-05	2
eukaryotic_1215|label=1	0.10141259431838989	0.20713813602924347	0.18540573120117188	0.005514382850378752	0.0005291510606184602	2
eukaryotic_1216|label=1	0.4863564670085907	0.012651734985411167	7.919257041066885e-05	0.0003139980835840106	0.0005986075848340988	1
eukaryotic_1217|label=1	0.35969439148902893	0.04420200362801552	0.010300886817276478	0.04932039603590965	0.0364823080599308	1
eukaryotic_1218|label=1	0.06756909936666489	0.43222254514694214	6.208536797203124e-05	5.827360291732475e-05	8.799295028438792e-05	2
eukaryotic_1219|label=1	0.2650332748889923	0.2312481552362442	0.001996596110984683	0.0016994260950013995	2.2528714907821268e-05	1
eukaryotic_1220|label=1	0.0020558342803269625	0.007863003760576248	0.3275562822818756	0.1581718623638153	0.004353002179414034	3
eukaryotic_1221|label=1	0.07181624323129654	0.42630234360694885	0.0006262600072659552	7.339680450968444e-05	0.0011817497434094548	2
eukaryotic_1222|label=1	0.3879897892475128	0.11179997771978378	4.837995220441371e-05	6.223606033017859e-05	9.958211740013212e-05	1
eukaryotic_1223|label=1	0.38493573665618896	0.006369135808199644	0.0341247096657753	0.002447291510179639	0.07212309539318085	1
eukaryotic_1224|label=1	0.49964797496795654	0.00031226821010932326	2.1545363779296167e-05	8.719039215066005e-06	9.460790352022741e-06	1
eukaryotic_1225|label=1	0.10676182061433792	0.04046656936407089	0.017913179472088814	0.015566060319542885	0.3192923367023468	5
eukaryotic_1226|label=1	0.3324589729309082	0.08851170539855957	0.06441830098628998	0.012463677674531937	0.0021473702508956194	1
eukaryotic_1227|label=1	0.033223822712898254	0.4559003412723541	0.0036747001577168703	0.0021810075268149376	0.0050201574340462685	2
eukaryotic_1228|label=1	0.15616917610168457	0.34030163288116455	0.0018300970550626516	0.00164927844889462	4.976581840310246e-05	2
eukaryotic_1229|label=1	0.4779890179634094	0.003210895461961627	0.012794923968613148	0.005996277555823326	8.89209422894055e-06	1
eukaryotic_1230|label=1	0.1577388048171997	0.2783184349536896	0.05790708214044571	0.0058328863233327866	0.0002027910086326301	2
eukaryotic_1231|label=1	0.4201771914958954	0.058045513927936554	0.008678559213876724	0.012654352933168411	0.00044440943747758865	1
eukaryotic_1232|label=1	0.00047018128680065274	0.4717765152454376	0.02133874036371708	0.006166810169816017	0.0002478115784469992	2
eukaryotic_1233|label=1	0.012981490232050419	0.044162385165691376	0.02565116621553898	0.3719877302646637	0.04521722346544266	4
eukaryotic_1234|label=1	0.3875195384025574	0.10678550601005554	0.000510812271386385	0.00517845805734396	5.703775059373584e-06	1
eukaryotic_1235|label=1	0.4112812876701355	0.0004421078774612397	0.0014014067128300667	0.08593209087848663	0.0009431832004338503	1
eukaryotic_1236|label=1	0.09592436254024506	0.013385618105530739	0.24982598423957825	0.08160437643527985	0.059259671717882156	3
eukaryotic_1237|label=1	0.0001722348533803597	0.4995725750923157	2.783144918794278e-05	0.00016115083417389542	6.620286876568571e-05	2
eukaryotic_1238|label=1	0.07743535190820694	0.20906558632850647	0.18258847296237946	0.025225253775715828	0.005685333162546158	2
eukaryotic_1239|label=1	0.002888280199840665	6.773979112040251e-05	0.06758475303649902	0.42924296855926514	0.00021625742374453694	4
eukaryotic_1240|label=1	0.0001755707780830562	0.006472491193562746	0.4114367961883545	0.08177070319652557	0.00014444731641560793	3
eukaryotic_1241|label=1	0.12657329440116882	0.01048983819782734	0.12374940514564514	0.23841166496276855	0.0007757662679068744	4
eukaryotic_1242|label=1	0.00038511984166689217	3.3921685826499015e-05	0.16608944535255432	0.3329300582408905	0.0005614595138467848	4
eukaryotic_1243|label=1	0.0014478685334324837	0.061176132410764694	0.3818531334400177	0.05533217266201973	0.00019065907690674067	3
eukaryotic_1244|label=1	0.0011817123740911484	0.20928074419498444	0.2838507294654846	0.0056334263645112514	5.339358904166147e-05	3
eukaryotic_1245|label=1	0.0012735106283798814	0.3173382580280304	0.16949541866779327	0.0024752102326601744	0.009417664259672165	2
eukaryotic_1246|label=1	0.025431377813220024	0.4685536026954651	0.005162444896996021	0.0008220422896556556	3.054841363336891e-05	2
eukaryotic_1247|label=1	0.004263357724994421	0.05406302958726883	0.32656657695770264	0.1150846928358078	2.2344380340655334e-05	3
eukaryotic_1248|label=1	0.04248196259140968	0.4497320353984833	0.0030559224542230368	0.0046595362946391106	7.053570152493194e-05	2
eukaryotic_1249|label=1	0.49999940395355225	5.570160510615096e-07	6.626046911151207e-08	2.6339078473824884e-08	8.093520992291658e-11	1
eukaryotic_1250|label=1	0.2577875852584839	0.019542351365089417	0.19046328961849213	0.01866915076971054	0.013537618331611156	1
eukaryotic_1251|label=1	0.13558632135391235	0.061301227658987045	0.18707704544067383	0.10561200231313705	0.010423349216580391	3
eukaryotic_1252|label=1	0.4988040328025818	0.00022135305334813893	0.000463624281110242	4.6805100282654166e-05	0.0004641314735636115	1
eukaryotic_1253|label=1	0.004697381053119898	0.08906568586826324	0.06103029474616051	0.34147757291793823	0.0037290588952600956	4
eukaryotic_1254|label=1	0.49809423089027405	0.0018650266574695706	4.3245363485766575e-06	3.570176340872422e-05	7.343473953369539e-07	1
eukaryotic_1255|label=1	0.12218200415372849	0.29356810450553894	0.035039179027080536	0.035433873534202576	0.013776788488030434	2
eukaryotic_1256|label=1	0.009144491516053677	0.09885164350271225	0.0015220388304442167	0.0018833570647984743	0.3885984420776367	5
eukaryotic_1257|label=1	0.4973762631416321	0.0026023013051599264	2.4016965198825346e-06	1.6301861251122318e-05	2.672120899660513e-06	1
eukaryotic_1258|label=1	0.3134184777736664	0.008855203166604042	0.02279726415872574	0.15462790429592133	0.0003011651861015707	1
eukaryotic_1259|label=1	0.07687295973300934	0.34422948956489563	0.07031144946813583	0.007047394290566444	0.00153871881775558	2
eukaryotic_1260|label=1	0.11317270994186401	0.37537890672683716	0.003365773009136319	0.007928160950541496	0.00015446024190168828	2
eukaryotic_1261|label=1	0.4087044894695282	0.07156551629304886	0.008189938962459564	0.010785439051687717	0.0007546240231022239	1
eukaryotic_1262|label=1	0.0021463511511683464	0.4622856080532074	0.02032081037759781	0.015010606497526169	0.00023659539874643087	2
eukaryotic_1263|label=1	0.13326546549797058	0.038553930819034576	0.3037688434123993	0.02134554274380207	0.0030662480276077986	3
eukaryotic_1264|label=1	0.08075225353240967	0.021016959100961685	0.023762259632349014	0.0275772325694561	0.3468913435935974	5
eukaryotic_1265|label=1	0.022340359166264534	0.0001306134945480153	0.008385331369936466	0.4689846336841583	0.00015905137115623802	4
eukaryotic_1266|label=1	0.0006306153372861445	1.5600335245835595e-06	0.1809251308441162	0.318184494972229	0.00025819597067311406	4
eukaryotic_1267|label=1	0.36431342363357544	0.09128469973802567	0.0011807148111984134	0.04235856980085373	0.0008626118651591241	1
eukaryotic_1268|label=1	0.3498343229293823	0.12931808829307556	0.018095877021551132	0.002705076476559043	4.6651664888486266e-05	1
eukaryotic_1269|label=1	4.432134301168844e-05	0.0004546435084193945	0.495800256729126	0.0011022092076018453	0.002598540624603629	3
eukaryotic_1270|label=1	0.0011730543337762356	0.10336409509181976	0.18264196813106537	0.1579342782497406	0.054886624217033386	3
eukaryotic_1271|label=1	0.38556790351867676	0.11091369390487671	0.002276106970384717	0.0012094147969037294	3.287172512500547e-05	1
eukaryotic_1272|label=1	0.050851281732320786	0.36783716082572937	0.08078091591596603	0.00045781105291098356	7.285252650035545e-05	2
eukaryotic_1273|label=1	0.0019704848527908325	0.4979713261127472	3.626174293458462e-05	1.9205974240321666e-05	2.66393476522353e-06	2
eukaryotic_1274|label=1	0.0207589790225029	0.3960602283477783	0.0520782396197319	0.03107968159019947	2.2831598471384495e-05	2
eukaryotic_1275|label=1	0.15180668234825134	0.3266045153141022	0.0031327849719673395	0.017905166372656822	0.0005508537287823856	2
eukaryotic_1276|label=1	0.008602839894592762	0.43854257464408875	0.04467751458287239	0.008140337653458118	3.6800447560381144e-05	2
eukaryotic_1277|label=1	0.26572227478027344	0.22682291269302368	0.003761172527447343	0.0029937648214399815	0.0006999049219302833	1
eukaryotic_1278|label=1	0.22421026229858398	0.01323399506509304	0.1868821531534195	0.07559702545404434	7.659062248421833e-05	1
eukaryotic_1279|label=1	0.41210752725601196	0.0868757888674736	0.00014065520372241735	0.0005734522128477693	0.0003025837359018624	1
eukaryotic_1280|label=1	0.3228888213634491	0.0008318807231262326	0.09601569175720215	0.07516219466924667	0.005101396702229977	1
eukaryotic_1281|label=1	0.3445798456668854	0.001106050331145525	0.02487240359187126	0.08517098426818848	0.044270746409893036	1
eukaryotic_1282|label=1	0.4865357577800751	0.0001357681176159531	0.0011190802324563265	0.005918765440583229	0.006290652323514223	1
eukaryotic_1283|label=1	0.4945516586303711	0.00044534399057738483	0.00015172120765782893	0.0001539254153613001	0.004697292577475309	1
eukaryotic_1284|label=1	0.23506620526313782	0.2611266076564789	0.0008473251364193857	0.0029164869338274	4.339702718425542e-05	2
eukaryotic_1285|label=1	0.4716017246246338	0.015043728053569794	0.013245810754597187	9.939043957274407e-05	9.305518688051961e-06	1
eukaryotic_1286|label=1	0.14238996803760529	0.30474773049354553	0.04388357698917389	0.005457844585180283	0.003520866157487035	2
eukaryotic_1287|label=1	0.01352093368768692	0.48647645115852356	2.372216158619267e-06	2.2881852146383608e-07	1.5642358519585287e-09	2
eukaryotic_1288|label=1	0.3378056287765503	0.1604369580745697	0.0015416131354868412	0.0002146579063264653	1.1748436463676626e-06	1
eukaryotic_1289|label=1	0.49605196714401245	0.003945155534893274	1.1552992873475887e-06	1.6451807596240542e-06	1.6179939610339034e-09	1
eukaryotic_1290|label=1	1.18274492706405e-05	0.4991195797920227	0.0003224814427085221	0.0005429063457995653	3.1547731396130985e-06	2
eukaryotic_1291|label=1	0.19647721946239471	0.27184292674064636	0.0020353386644273996	0.0017475694185122848	0.027896974235773087	2
eukaryotic_1292|label=1	0.031856343150138855	0.00029955588979646564	0.3074198365211487	0.15988977253437042	0.0005345342797227204	3
eukaryotic_1293|label=1	0.048594389110803604	0.01879875361919403	0.43157273530960083	0.001006960985250771	2.711187335080467e-05	3
eukaryotic_1294|label=1	0.19956888258457184	0.0023755342699587345	0.2587157189846039	0.03883562609553337	0.0005042309057898819	3
eukaryotic_1295|label=1	0.12251268327236176	0.34795406460762024	0.020696207880973816	0.004000261891633272	0.004836768843233585	2
eukaryotic_1296|label=1	0.019852781668305397	0.20000213384628296	0.06996054202318192	0.2055337131023407	0.004650841932743788	4
eukaryotic_1297|label=1	0.3092011511325836	0.0022261536214500666	0.0286471676081419	0.10574806481599808	0.054177459329366684	1
eukaryotic_1298|label=1	0.21792995929718018	0.01267815101891756	0.17263370752334595	0.08619693666696548	0.010561267845332623	1
eukaryotic_1299|label=1	0.03292115032672882	0.0028858629520982504	0.28505176305770874	0.1789194792509079	0.0002217154105892405	3
eukaryotic_1300|label=1	0.4980240762233734	0.001968672499060631	2.7088381671092066e-07	6.732788733643247e-06	2.6212126158497995e-07	1
eukaryotic_1301|label=1	0.3396602272987366	0.11652527749538422	0.00460129464045167	0.017793359234929085	0.021419784054160118	1
eukaryotic_1302|label=1	0.03889621049165726	0.018441498279571533	0.3236994445323944	0.11871034651994705	0.00025244333664886653	3
eukaryotic_1303|label=1	0.4998030960559845	8.10441815701779e-06	0.00014988765178713948	3.6556222767103463e-05	2.2991353034740314e-06	1
eukaryotic_1304|label=1	0.00032163914875127375	2.9080531021463685e-05	0.4801740050315857	0.009866947308182716	0.00960833765566349	3
eukaryotic_1305|label=1	0.49771595001220703	0.0022655976936221123	2.7301280169922393e-07	4.9804993977886625e-06	1.315158442594111e-05	1
eukaryotic_1306|label=1	0.10574009269475937	0.21451228857040405	0.15875357389450073	0.020111072808504105	0.0008829223224893212	2
eukaryotic_1307|label=1	0.09997357428073883	0.09437737613916397	0.08787471801042557	0.217611625790596	0.00016271240019705147	4
eukaryotic_1308|label=1	0.42885637283325195	0.04095688834786415	0.0019808285869657993	0.001318862079642713	0.026887062937021255	1
eukaryotic_1309|label=1	0.4995355010032654	0.00040625425754114985	6.459412361436989e-06	5.1133669330738485e-05	6.415586994990008e-07	1
eukaryotic_1310|label=1	0.4048038721084595	0.09517854452133179	7.042866400297498e-06	9.98078212433029e-06	5.913883001085196e-07	1
eukaryotic_1311|label=1	0.4306590259075165	0.06609117984771729	0.0026440818328410387	0.0005567900370806456	4.893949881079607e-05	1
eukaryotic_1312|label=1	0.4539918601512909	0.030202658846974373	0.003646408673375845	0.0033211789559572935	0.008837894536554813	1
eukaryotic_1313|label=1	0.4996287524700165	0.00022417829313781112	8.298676220874768e-06	1.4137581274553668e-05	0.0001246814790647477	1
eukaryotic_1314|label=1	0.48309075832366943	0.012827558442950249	0.0008524476434104145	0.003075875574722886	0.0001533878967165947	1
eukaryotic_1315|label=1	0.47897571325302124	0.013178774155676365	0.005417902488261461	0.0020411177538335323	0.0003865631588269025	1
eukaryotic_1316|label=1	0.39820268750190735	0.08882299065589905	0.004735077731311321	0.006683690939098597	0.0015555445570498705	1
eukaryotic_1317|label=1	0.032087936997413635	0.007810062263160944	0.229448601603508	0.2209470570087433	0.009706323966383934	3
eukaryotic_1318|label=1	0.009461742825806141	0.010311216115951538	0.3759990930557251	0.10399747639894485	0.00023053456970956177	3
eukaryotic_1319|label=1	0.49477627873420715	0.005140450317412615	6.2639890529681e-05	3.259023742430145e-06	1.7389376807841472e-05	1
eukaryotic_1320|label=1	0.48134663701057434	0.002304172609001398	0.012236061505973339	0.0038605204317718744	0.00025261714472435415	1
eukaryotic_1321|label=1	0.05013119801878929	0.047869499772787094	0.0012800534022971988	0.0024212440475821495	0.3982980251312256	5
eukaryotic_1322|label=1	0.3664391338825226	0.13285937905311584	0.00023815636814106256	0.0004615456855390221	1.7772698583939928e-06	1
eukaryotic_1323|label=1	0.061649445444345474	0.15918956696987152	0.022792965173721313	0.20135627686977386	0.05501173064112663	4
eukaryotic_1324|label=1	0.030644183978438377	0.43431034684181213	0.0218326598405838	0.012963894754648209	0.0002488988684490323	2
eukaryotic_1325|label=1	0.1044565886259079	0.3924957811832428	0.0013563010143116117	0.0016363795148208737	5.499895996763371e-05	2
eukaryotic_1326|label=1	0.010789363645017147	0.16722936928272247	0.00648296857252717	0.01715531013906002	0.2983430027961731	5
eukaryotic_1327|label=1	0.19271250069141388	0.018452318385243416	0.10348502546548843	0.16258133947849274	0.022768843919038773	1
eukaryotic_1328|label=1	0.17565584182739258	0.21897149085998535	0.06202363595366478	0.04048946872353554	0.0028595812618732452	2
eukaryotic_1329|label=1	0.17420564591884613	0.0033971588127315044	0.1902952939271927	0.13030147552490234	0.001800434198230505	3
eukaryotic_1330|label=1	0.19407536089420319	0.07969485223293304	0.19283920526504517	0.033250633627176285	0.00013993066386319697	1
eukaryotic_1331|label=1	0.21742412447929382	0.2223072201013565	0.03807993233203888	0.022092405706644058	9.629106352804229e-05	2
eukaryotic_1332|label=1	0.47020453214645386	0.005641759838908911	0.012255698442459106	0.009173375554382801	0.0027246251702308655	1
eukaryotic_1333|label=1	0.06820263713598251	0.43167540431022644	6.672948802588508e-05	5.48057614651043e-05	4.177999528565124e-07	2
eukaryotic_1334|label=1	0.009384284727275372	0.4662690758705139	0.0036012032069265842	0.005709808319807053	0.015035615302622318	2
eukaryotic_1335|label=1	0.4898117482662201	0.007918043993413448	0.0014514378271996975	0.0008178427815437317	9.006162713376398e-07	1
eukaryotic_1336|label=1	0.0004176022484898567	0.4995802640914917	7.283038598870917e-07	1.340966946372646e-06	7.152746661631681e-08	2
eukaryotic_1337|label=1	0.4436662495136261	0.04738971218466759	0.0009233452146872878	0.0029427376575767994	0.005077921785414219	1
eukaryotic_1338|label=1	0.44805213809013367	0.0354389064013958	0.0034527441021054983	0.011900436133146286	0.0011557317338883877	1
eukaryotic_1339|label=1	0.3084210455417633	0.06188380345702171	0.12814050912857056	0.0015538005391135812	8.961650905803253e-07	1
eukaryotic_1340|label=1	0.36748215556144714	0.13251729309558868	4.877375658907113e-07	4.543602827311588e-08	2.459705994439787e-09	1
eukaryotic_1341|label=1	0.029075421392917633	0.42384830117225647	0.04250209033489227	0.003145958762615919	0.0014282373012974858	2
eukaryotic_1342|label=1	0.0050162156112492085	0.4949210584163666	3.0918421543901786e-05	2.6322784833610058e-05	5.485529527504696e-06	2
eukaryotic_1343|label=1	0.17505338788032532	0.3228739798069	0.0019467418314889073	0.00010866014054045081	1.7270465832552873e-05	2
eukaryotic_1344|label=1	0.037899646908044815	0.3477628231048584	0.10955280065536499	0.004091163631528616	0.000693586771376431	2
eukaryotic_1345|label=1	0.0002286782255396247	0.009633309207856655	0.06611175835132599	0.39578866958618164	0.02823759615421295	4
eukaryotic_1346|label=1	0.1897088587284088	0.0003480976156424731	0.0132888313382864	0.27369076013565063	0.02296343818306923	4
eukaryotic_1347|label=1	0.03506021574139595	0.3311396539211273	0.023216908797621727	0.07624074816703796	0.034342456609010696	2
eukaryotic_1348|label=1	0.4871543049812317	2.6124560008611297e-06	0.01216847263276577	0.000631375121884048	4.327945498516783e-05	1
eukaryotic_1349|label=1	0.0747377797961235	0.004884380381554365	0.3490561246871948	0.07124403119087219	7.768149953335524e-05	3
eukaryotic_1350|label=1	0.4688285291194916	0.0028053009882569313	0.025458654388785362	0.0029065520502626896	1.017018803395331e-06	1
eukaryotic_1351|label=1	0.2974122166633606	0.20213289558887482	0.00013409586972557008	0.00031228482839651406	8.52350513014244e-06	1
eukaryotic_1352|label=1	0.006486521568149328	0.011301102116703987	0.472006231546402	0.009117266163229942	0.001088893972337246	3
eukaryotic_1353|label=1	0.4548637866973877	0.04500998556613922	6.426638719858602e-05	5.4031705076340586e-05	7.99032386566978e-06	1
eukaryotic_1354|label=1	0.0001581601973157376	0.4996262490749359	4.567763244267553e-05	0.0001412243873346597	2.8681133699137717e-05	2
eukaryotic_1355|label=1	0.0254534762352705	0.11031976342201233	0.3158722519874573	0.04512057080864906	0.0032339394092559814	3
eukaryotic_1356|label=1	0.07602277398109436	0.423965185880661	3.7519447459999355e-07	7.799260970386968e-08	1.1623769751167856e-05	2
eukaryotic_1357|label=1	0.008774126879870892	0.13628557324409485	0.3006008565425873	0.05414069816470146	0.00019869419338647276	3
eukaryotic_1358|label=1	0.028629831969738007	0.460207998752594	0.007354831788688898	0.0023200528230518103	0.0014872513711452484	2
eukaryotic_1359|label=1	0.022637316957116127	0.4770549535751343	0.00013641944678965956	7.955605542520061e-05	9.173733997158706e-05	2
eukaryotic_1360|label=1	0.003759857499971986	0.0019286790629848838	0.4848562180995941	0.009280163794755936	0.00017505108553450555	3
eukaryotic_1361|label=1	0.05320453271269798	0.144953653216362	0.05283619835972786	0.24847525358200073	0.0005303520010784268	4
eukaryotic_1362|label=1	0.012576106935739517	0.48724421858787537	0.0001375604042550549	4.008714313386008e-05	2.0534198483801447e-06	2
eukaryotic_1363|label=1	0.4826235771179199	0.01421765610575676	0.001820825506001711	0.0011752635473385453	0.00016265841259155422	1
eukaryotic_1364|label=1	0.028974056243896484	0.46662482619285583	0.002554787090048194	0.0009202593937516212	0.0009260884835384786	2
eukaryotic_1365|label=1	0.4757612943649292	0.005422062240540981	0.014256336726248264	0.004554489627480507	5.764289653598098e-06	1
eukaryotic_1366|label=1	0.007447696756571531	0.07982168346643448	0.03927787393331528	0.36968740820884705	0.003765372559428215	4
eukaryotic_1367|label=1	0.027098797261714935	0.4707929193973541	0.0002330646093469113	0.00021866723545826972	0.0016564964316785336	2
eukaryotic_1368|label=1	0.45943501591682434	0.00533638009801507	0.03288206830620766	0.0022665709257125854	8.003645052667707e-05	1
eukaryotic_1369|label=1	0.18404076993465424	0.009100622497498989	0.26913926005363464	0.03021037019789219	0.007509016431868076	3
eukaryotic_1370|label=1	0.007005853112787008	0.4915774464607239	0.0010497996117919683	0.0003261180827394128	4.078710117028095e-05	2
eukaryotic_1371|label=1	0.19287081062793732	0.016442125663161278	0.10370883345603943	0.18055778741836548	0.006420418154448271	1
eukaryotic_1372|label=1	0.18446633219718933	0.10711817443370819	0.053045500069856644	0.15344874560832977	0.0019212273182347417	1
eukaryotic_1373|label=1	0.49389076232910156	0.003644070355221629	2.5807252313825302e-05	8.298980537801981e-05	0.002356370212510228	1
eukaryotic_1374|label=1	0.014539794996380806	0.485368937253952	8.100486593320966e-05	9.654926543589681e-06	5.837209755554795e-07	2
eukaryotic_1375|label=1	0.0006446234183385968	0.4956017732620239	0.0006871820078231394	0.0009252633317373693	0.0021412179339677095	2
eukaryotic_1376|label=1	0.31240659952163696	0.056473709642887115	0.04037861526012421	0.09047673642635345	0.00026435949257574975	1
eukaryotic_1377|label=1	0.188095822930336	0.03055574558675289	0.1550612598657608	0.00916972290724516	0.11711745709180832	1
eukaryotic_1378|label=1	0.3787170946598053	0.00022403539333026856	0.049035344272851944	0.03901544585824013	0.033008091151714325	1
eukaryotic_1379|label=1	0.043842118233442307	0.008107135072350502	0.06920793652534485	0.3638383150100708	0.01500448863953352	4
eukaryotic_1380|label=1	0.12291143834590912	0.0020672380924224854	0.05774218961596489	0.048726968467235565	0.26855218410491943	5
eukaryotic_1381|label=1	0.48371562361717224	0.015914127230644226	5.3198516980046406e-05	0.00031026764190755785	6.758538347639842e-06	1
eukaryotic_1382|label=1	0.031033454462885857	0.005570888984948397	0.0036426668521016836	0.45931971073150635	0.0004332559183239937	4
eukaryotic_1383|label=1	0.03612041845917702	0.02439572662115097	0.3830117881298065	0.04913747310638428	0.007334582507610321	3
eukaryotic_1384|label=1	0.49968478083610535	0.0003123119240626693	2.0115546703891596e-06	8.657003149892262e-07	2.70816952196995e-10	1
eukaryotic_1385|label=1	0.1832759529352188	0.3107338845729828	0.0003328403108753264	0.003773616859689355	0.001883731223642826	2
eukaryotic_1386|label=1	0.24374137818813324	0.003614852437749505	0.013925653882324696	0.017808999866247177	0.22090908885002136	1
eukaryotic_1387|label=1	0.12695476412773132	0.02490268461406231	0.2998484969139099	0.04607917368412018	0.002214856678619981	3
eukaryotic_1388|label=1	0.4991385340690613	0.0005281146732158959	3.9637863665120676e-05	6.37853445368819e-05	0.00022991703008301556	1
eukaryotic_1389|label=1	0.026260973885655403	0.0024806170258671045	0.004274241626262665	0.04414786770939827	0.4228363037109375	5
eukaryotic_1390|label=1	0.01107038650661707	0.48828351497650146	0.0002100988494930789	0.00026485606213100255	0.0001711773657007143	2
eukaryotic_1391|label=1	0.46543145179748535	0.03129294887185097	7.28820959920995e-05	0.003182922024279833	1.9761808289331384e-05	1
eukaryotic_1392|label=1	0.19092179834842682	5.062558193458244e-05	0.26623624563217163	0.04276273027062416	2.858344123524148e-05	3
eukaryotic_1393|label=1	0.24311485886573792	0.02602590247988701	0.13804903626441956	0.06041228026151657	0.03239794448018074	1
eukaryotic_1394|label=1	0.4754825532436371	0.024240845814347267	0.00023511551262345165	4.142511897953227e-05	6.050993306416785e-08	1
eukaryotic_1395|label=1	0.061883002519607544	0.4342905282974243	0.0011745770461857319	0.00031907964148558676	0.0023327998351305723	2
eukaryotic_1396|label=1	0.0003584775549825281	0.49231573939323425	0.004337824881076813	5.066391531727277e-05	0.00293730478733778	2
eukaryotic_1397|label=1	0.4711209535598755	0.004751076456159353	0.014524796977639198	0.009560479782521725	4.2740422941278666e-05	1
eukaryotic_1398|label=1	0.00017566366295795888	0.4994402229785919	0.00016721086285542697	0.000182534713530913	3.442200249992311e-05	2
eukaryotic_1399|label=1	0.22316668927669525	0.0010968014830723405	0.08061914891004562	0.1940566897392273	0.0010606973664835095	1
eukaryotic_1400|label=1	0.2982141077518463	0.19725735485553741	0.002001843648031354	0.0002181867166655138	0.002308546332642436	1
eukaryotic_1401|label=1	0.031803518533706665	0.466998428106308	0.0010321324225515127	5.372873420128599e-05	0.00011216809070901945	2
eukaryotic_1402|label=1	0.13902558386325836	0.05892324447631836	0.14945104718208313	0.09048081189393997	0.062119338661432266	3
eukaryotic_1403|label=1	0.0010591773316264153	0.0017893394688144326	0.4752654433250427	0.019572287797927856	0.0023138003889471292	3
eukaryotic_1404|label=1	0.488544225692749	0.0036373550537973642	0.0023387307301163673	0.005094392225146294	0.00038529979065060616	1
eukaryotic_1405|label=1	0.0001922882511280477	0.49980393052101135	2.1140747321624076e-06	1.4761209286007215e-06	2.54288067935704e-07	2
eukaryotic_1406|label=1	0.29003477096557617	0.20929661393165588	0.0003797558892983943	0.0002880095271393657	8.627168881503167e-07	1
eukaryotic_1407|label=1	0.4772734045982361	0.018812859430909157	0.0019551538862288	0.001951779006049037	6.788064638385549e-06	1
eukaryotic_1408|label=1	0.4977226257324219	0.0021395760122686625	0.00012502951722126454	1.2161418453615624e-05	6.696592436128412e-07	1
eukaryotic_1409|label=1	0.0016485664527863264	0.45627081394195557	0.01919105462729931	0.001316347625106573	0.021573254838585854	2
eukaryotic_1410|label=1	0.0037977176252752542	0.441135972738266	0.028724418953061104	0.0037556837778538465	0.02258620783686638	2
eukaryotic_1411|label=1	0.026028258726000786	0.08284275978803635	0.19127826392650604	0.06717739999294281	0.13267330825328827	3
eukaryotic_1412|label=1	0.021149706095457077	0.43151378631591797	0.04584769159555435	0.0013458223547786474	0.00014301243936643004	2
eukaryotic_1413|label=1	0.18662600219249725	0.008319050073623657	0.2623112201690674	0.021740317344665527	0.021003426983952522	3
eukaryotic_1414|label=1	0.46812066435813904	0.021915707737207413	0.003495766781270504	0.002645591739565134	0.0038223164156079292	1
eukaryotic_1415|label=1	0.3219383656978607	0.15303435921669006	0.014442138373851776	0.010257489047944546	0.000327651941915974	1
eukaryotic_1416|label=1	0.03878252953290939	8.270910620922223e-05	0.007817855104804039	0.008555751293897629	0.44476115703582764	5
eukaryotic_1417|label=1	0.25728514790534973	0.14080438017845154	0.005195261910557747	0.0865711122751236	0.010144079104065895	1
eukaryotic_1418|label=1	0.023942556232213974	0.4343506991863251	0.010184119455516338	0.03146962821483612	5.30301003891509e-05	2
eukaryotic_1419|label=1	0.0006004190654493868	0.04326764866709709	0.07206349074840546	0.33517158031463623	0.048896849155426025	4
eukaryotic_1420|label=1	0.04828652739524841	0.45113834738731384	2.459153074596543e-05	0.000550552096683532	2.199242565836812e-09	2
eukaryotic_1421|label=1	0.4436088502407074	0.04943724721670151	0.0029501302633434534	0.0036790829617530107	0.00032467851997353137	1
eukaryotic_1422|label=1	0.22184696793556213	0.014343829825520515	0.20785285532474518	0.05560443177819252	0.000351890514139086	1
eukaryotic_1423|label=1	0.11823384463787079	0.37226197123527527	0.0002669903915375471	0.00039726519025862217	0.008839896880090237	2
eukaryotic_1424|label=1	0.19146831333637238	0.11512161046266556	0.1007222905755043	0.0006104748463258147	0.0920773297548294	1
eukaryotic_1425|label=1	0.032909516245126724	0.46423014998435974	0.0005528743495233357	0.002253284677863121	5.4183128668228164e-05	2
eukaryotic_1426|label=1	0.0005264739156700671	0.10610342770814896	0.17309680581092834	0.0008208596264012158	0.21945244073867798	5
eukaryotic_1427|label=1	0.008784865960478783	0.487633615732193	0.0005197859136387706	0.0020287171937525272	0.0010330131044611335	2
eukaryotic_1428|label=1	0.20681175589561462	0.1699053943157196	0.06710972636938095	0.053587980568408966	0.0025851516984403133	1
eukaryotic_1429|label=1	0.0019994371104985476	0.20472723245620728	0.1348091959953308	0.1508842557668686	0.007579861208796501	2
eukaryotic_1430|label=1	0.2570604085922241	0.02780633047223091	0.19412493705749512	0.020841358229517937	0.00016700944979675114	1
eukaryotic_1431|label=1	0.0003242192033212632	0.006586781702935696	0.0245139729231596	0.46683451533317566	0.0017405643593519926	4
eukaryotic_1432|label=1	0.05816371738910675	0.29767680168151855	0.1010802611708641	0.04303307086229324	4.614357021637261e-05	2
eukaryotic_1433|label=1	0.10127358138561249	0.24037374556064606	0.08335874229669571	0.03441975265741348	0.04057419300079346	2
eukaryotic_1434|label=1	0.14723829925060272	0.29392436146736145	0.025608399882912636	0.03259407356381416	0.0006349068717099726	2
eukaryotic_1435|label=1	0.10128138214349747	0.39689624309539795	0.0009880367433652282	0.000638476456515491	0.00019584500114433467	2
eukaryotic_1436|label=1	0.06730744987726212	0.43260857462882996	1.974797925186067e-07	3.914448825526051e-06	7.988441939232871e-05	2
eukaryotic_1437|label=1	0.12900637090206146	0.3708662688732147	4.460303171072155e-05	8.038965461309999e-05	2.324650267837569e-06	2
eukaryotic_1438|label=1	0.005326196551322937	0.00809575617313385	0.0865187719464302	0.10163585841655731	0.2984234392642975	5
eukaryotic_1439|label=1	0.031110979616642	0.1457686871290207	0.2125415951013565	0.08395227044820786	0.026626480743288994	3
eukaryotic_1440|label=1	0.029112111777067184	0.14557203650474548	0.06490876525640488	0.20458310842514038	0.05582399666309357	4
eukaryotic_1441|label=1	0.001344088464975357	0.48520413041114807	0.0004200172843411565	0.001097290893085301	0.011934414505958557	2
eukaryotic_1442|label=1	0.4563711881637573	0.036529798060655594	0.00294198258779943	0.004128769505769014	2.830887933669146e-05	1
eukaryotic_1443|label=1	0.4998323321342468	7.911968714324757e-05	4.8331239668186754e-05	3.8098194636404514e-05	2.1523478608287405e-06	1
eukaryotic_1444|label=1	0.019464589655399323	0.031926244497299194	0.005385864060372114	0.4418470561504364	0.0013762227026745677	4
eukaryotic_1445|label=1	0.38761982321739197	0.10027890652418137	0.002501490991562605	0.00843687541782856	0.0011628466891124845	1
eukaryotic_1446|label=1	0.49490487575531006	0.004477220121771097	0.00022100345813669264	0.00039528985507786274	1.617029852241103e-06	1
eukaryotic_1447|label=1	0.22493121027946472	0.002290250500664115	0.018595661967992783	0.05237220227718353	0.20181065797805786	1
eukaryotic_1448|label=1	0.0023938186932355165	0.0008597414125688374	0.31772494316101074	0.17834796011447906	0.0006735470378771424	3
eukaryotic_1449|label=1	0.11690361052751541	0.38303476572036743	1.0300748726876918e-05	4.705686660599895e-05	4.2046372072945815e-06	2
eukaryotic_1450|label=1	0.4992392957210541	7.25755890016444e-05	0.00025303626898676157	0.00020663271425291896	0.00022845037165097892	1
eukaryotic_1451|label=1	0.1982765644788742	0.30019089579582214	0.0007184433052316308	0.00017204676987603307	0.0006420723511837423	2
eukaryotic_1452|label=1	0.3944023847579956	0.10559109598398209	5.453504400065867e-06	1.0395428944320884e-06	4.670389230909677e-08	1
eukaryotic_1453|label=1	0.4908798336982727	0.0014167577028274536	0.005417181178927422	0.0008292378042824566	0.0014569470658898354	1
eukaryotic_1454|label=1	0.4889661371707916	0.005037765018641949	0.0035217765253037214	0.0013745976611971855	0.0010997190838679671	1
eukaryotic_1455|label=1	0.006701160687953234	0.02419116348028183	0.31038156151771545	0.11623065173625946	0.0424954928457737	3
eukaryotic_1456|label=1	0.01727500930428505	0.2980838716030121	0.18040432035923004	0.0029335799627006054	0.001303231343626976	2
eukaryotic_1457|label=1	0.010829735547304153	0.005380204878747463	4.490133505896665e-05	2.7041385692427866e-05	0.4837181270122528	5
eukaryotic_1458|label=1	0.0002920169790741056	0.49912118911743164	0.00034251430770382285	0.00024383205163758248	4.333602987571794e-07	2
eukaryotic_1459|label=1	0.011534716933965683	0.48839646577835083	4.178687231615186e-05	1.782296021701768e-05	9.211760698235594e-06	2
eukaryotic_1460|label=1	0.36263760924339294	0.1353040635585785	0.0018570177489891648	0.00012643855006899685	7.483738590963185e-05	1
eukaryotic_1461|label=1	0.4725833237171173	0.0025071485433727503	0.008253018371760845	0.01589200086891651	0.0007644650177098811	1
eukaryotic_1462|label=1	0.492694228887558	2.364103238505777e-05	0.0030181407928466797	0.004252730868756771	1.1206621820747387e-05	1
eukaryotic_1463|label=1	0.3590773940086365	0.004834518302232027	0.12635080516338348	0.009097574278712273	0.0006396977114491165	1
eukaryotic_1464|label=1	0.46544885635375977	0.006597424391657114	0.02340673841536045	0.0008048913441598415	0.0037420664448291063	1
eukaryotic_1465|label=1	0.09151256084442139	0.4083024859428406	3.5322693292982876e-05	6.238159403437749e-05	8.723170321900398e-05	2
eukaryotic_1466|label=1	0.0011118357069790363	0.4988850951194763	1.3805232583763427e-06	7.025114996395132e-07	9.961740943253972e-07	2
eukaryotic_1467|label=1	0.18803054094314575	0.07612282037734985	0.06480718404054642	0.16571101546287537	0.005328410770744085	1
eukaryotic_1468|label=1	4.410607652971521e-05	0.007636871188879013	0.4273163378238678	0.06495523452758789	4.7402107156813145e-05	3
eukaryotic_1469|label=1	0.0010524167446419597	0.4988488256931305	2.8922078854520805e-05	6.745677819708362e-05	2.4335363377758767e-06	2
eukaryotic_1470|label=1	0.0996648520231247	0.33507826924324036	0.05121878534555435	0.012125729583203793	0.001912321662530303	2
eukaryotic_1471|label=1	3.3833086490631104e-05	1.895156856335234e-05	0.4998209476470947	9.740616951603442e-05	2.8809525247197598e-05	3
eukaryotic_1472|label=1	0.4999145269393921	2.0193940144963562e-05	1.547092142573092e-05	4.933778473059647e-05	4.4210372607267345e-07	1
eukaryotic_1473|label=1	0.4526312053203583	0.04649217799305916	0.00018117474974133074	0.0006792148924432695	1.6209445675485767e-05	1
eukaryotic_1474|label=1	0.47784852981567383	0.022022992372512817	0.000117583287646994	4.631260708265472e-06	6.261650923988782e-06	1
eukaryotic_1475|label=1	0.05934896320104599	0.4406358301639557	1.1025585081370082e-05	3.7242680264171213e-06	4.521722303252318e-07	2
eukaryotic_1476|label=1	0.008892606012523174	0.47547492384910583	0.0009340306278318167	0.0007431106059812009	0.01395530067384243	2
eukaryotic_1477|label=1	0.23527637124061584	0.2563941180706024	0.004360346123576164	0.0025250588078051805	0.0014440728118643165	2
eukaryotic_1478|label=1	0.49970316886901855	0.0002947034081444144	9.948316801455803e-07	8.775153048645734e-08	1.0808624892888474e-06	1
eukaryotic_1479|label=1	0.12522836029529572	0.041047096252441406	0.26110774278640747	0.0725654736161232	5.13084014528431e-05	3
eukaryotic_1480|label=1	0.00980893149971962	0.40788373351097107	0.0581611692905426	0.024133123457431793	1.3046309504716191e-05	2
eukaryotic_1481|label=1	0.09635262191295624	0.01635082997381687	0.35910850763320923	0.019253000617027283	0.00893508642911911	3
eukaryotic_1482|label=1	0.42415258288383484	0.04495036229491234	0.013554982841014862	0.017287075519561768	5.504342698259279e-05	1
eukaryotic_1483|label=1	0.0032273598480969667	0.001161325490102172	0.07568130642175674	0.4196220934391022	0.0003079436137340963	4
eukaryotic_1484|label=1	0.0004669932241085917	0.03685539588332176	0.3562215566635132	0.10383341461420059	0.0026226905174553394	3
eukaryotic_1485|label=1	0.005499194376170635	0.005085767712444067	0.4675605595111847	0.021242305636405945	0.0006121518672443926	3
eukaryotic_1486|label=1	0.07837330549955368	0.24802695214748383	0.03243837133049965	0.14054997265338898	0.0006113702547736466	2
eukaryotic_1487|label=1	0.06126771494746208	0.28289711475372314	0.12491579353809357	0.020496195182204247	0.010423248633742332	2
eukaryotic_1488|label=1	0.003878524759784341	0.4799995720386505	0.0015024804743006825	0.013193865306675434	0.0014255116693675518	2
eukaryotic_1489|label=1	0.4930169880390167	0.006339283660054207	1.6583613614784554e-05	5.274608156469185e-06	0.0006218431517481804	1
eukaryotic_1490|label=1	0.0009519027662463486	0.00446526100859046	0.35798531770706177	0.13508649170398712	0.0015109939267858863	3
eukaryotic_1491|label=1	0.4059569239616394	0.030005373060703278	0.04821537062525749	0.013729183003306389	0.002093149581924081	1
eukaryotic_1492|label=1	0.0010227927705273032	0.00037125503877177835	0.1901213377714157	0.2678009569644928	0.040683675557374954	4
eukaryotic_1493|label=1	0.40320563316345215	0.0049072387628257275	0.03970027714967728	0.04303998500108719	0.009146856144070625	1
eukaryotic_1494|label=1	0.003450133139267564	0.0005244454368948936	0.45710131525993347	0.03676144778728485	0.0021626732777804136	3
eukaryotic_1495|label=1	0.12361142784357071	0.29822900891304016	0.033662695437669754	0.03254794329404831	0.011948919855058193	2
eukaryotic_1496|label=1	0.020777398720383644	0.39751502871513367	0.007268143352121115	0.021031249314546585	0.0534081757068634	2
eukaryotic_1497|label=1	0.4963222146034241	0.0023250209633260965	0.0010551548330113292	7.872111746110022e-05	0.00021886274043936282	1
eukaryotic_1498|label=1	0.08356384187936783	0.05152757838368416	0.017991401255130768	0.0027756551280617714	0.34414151310920715	5
eukaryotic_1499|label=1	0.1120033785700798	0.38741111755371094	4.737795461551286e-05	0.0003626671386882663	0.0001754527329467237	2
eukaryotic_1500|label=1	0.495728462934494	0.004258131608366966	5.360722752811853e-06	6.033480076439446e-06	2.0180507362965727e-06	1
eukaryotic_1501|label=1	0.49960798025131226	0.00039117320557124913	5.577287538471865e-07	2.678616226603481e-07	4.068980885563178e-08	1
eukaryotic_1502|label=1	0.49932748079299927	0.0006116799777373672	2.379775651206728e-06	1.959766450454481e-05	3.88663393096067e-05	1
eukaryotic_1503|label=1	0.17479214072227478	0.32474276423454285	0.000217438253457658	0.00024664538796059787	1.0048213425761787e-06	2
eukaryotic_1504|label=1	0.008718801662325859	0.490573912858963	0.0003213721502106637	0.0003781525301747024	7.769026524329092e-06	2
eukaryotic_1505|label=1	0.3137979209423065	0.08285977691411972	0.049980420619249344	0.03149696812033653	0.02186495065689087	1
eukaryotic_1506|label=1	0.002116334857419133	0.06726518273353577	0.12835189700126648	0.30166056752204895	0.0006059985025785863	4
eukaryotic_1507|label=1	0.045883096754550934	0.14836955070495605	0.03969298303127289	0.15272901952266693	0.11332534998655319	4
eukaryotic_1508|label=1	0.09873789548873901	0.021791836246848106	0.01271677017211914	0.3204458951950073	0.04630760848522186	4
eukaryotic_1509|label=1	0.00027579456218518317	0.493804007768631	0.003498206613585353	0.0022639979142695665	0.0001579779345775023	2
eukaryotic_1510|label=1	0.0006461874581873417	0.10388195514678955	0.361648291349411	0.03371061384677887	0.00011294661089777946	3
eukaryotic_1511|label=1	0.004372821189463139	0.0019561229273676872	0.4555404484272003	0.03811107948422432	1.9547980627976358e-05	3
eukaryotic_1512|label=1	0.06713885813951492	0.07966871559619904	0.22378374636173248	0.12843194603919983	0.0009767594747245312	3
eukaryotic_1513|label=1	0.002672369359061122	0.0002964347950182855	0.1261611431837082	0.370737761259079	0.0001322905591223389	4
eukaryotic_1514|label=1	0.009131046943366528	0.4661431610584259	0.00781317986547947	0.016257546842098236	0.0006550963153131306	2
eukaryotic_1515|label=1	0.2753298878669739	0.1645740121603012	0.050686053931713104	0.009028435684740543	0.0003816298849415034	1
eukaryotic_1516|label=1	0.27950552105903625	0.044683557003736496	0.02007940225303173	0.15573135018348694	1.9612942026014935e-07	1
eukaryotic_1517|label=1	0.08268019556999207	0.07172223925590515	0.30096495151519775	0.028637656942009926	0.015994926914572716	3
eukaryotic_1518|label=1	0.0034170455764979124	0.49406570196151733	0.0002354085590923205	0.000139006064273417	0.0021428349427878857	2
eukaryotic_1519|label=1	0.38523972034454346	0.11452004313468933	0.00020606534963008016	3.081488102907315e-05	3.3440671813878e-06	1
eukaryotic_1520|label=1	0.20711371302604675	0.1877393126487732	0.00855634268373251	0.09649364650249481	9.698557551018894e-05	1
eukaryotic_1521|label=1	0.06271108239889145	0.42886999249458313	0.0015790648758411407	0.00325913168489933	0.0035806952510029078	2
eukaryotic_1522|label=1	0.19191351532936096	5.31045843672473e-05	0.012608498334884644	0.010704982094466686	0.28471991419792175	5
eukaryotic_1523|label=1	0.29959145188331604	0.1250317245721817	0.020833304151892662	0.05391537770628929	0.0006281442474573851	1
eukaryotic_1524|label=1	0.3660260736942291	0.004519531968981028	0.07720340043306351	0.04882039129734039	0.0034305977169424295	1
eukaryotic_1525|label=1	0.003747193608433008	0.0024067179765552282	0.0016533905873075128	0.4005099833011627	0.09168275445699692	4
eukaryotic_1526|label=1	0.004409071058034897	0.00015158805763348937	0.37004876136779785	0.12538595497608185	4.636232461052714e-06	3
eukaryotic_1527|label=1	0.04005175456404686	0.016620339825749397	0.3412647545337677	0.04104340448975563	0.06101975962519646	3
eukaryotic_1528|label=1	0.1501225084066391	0.028028875589370728	0.022988980636000633	0.29877394437789917	8.569184865336865e-05	4
eukaryotic_1529|label=1	0.4650936722755432	0.009416792541742325	0.004575879313051701	0.020853320136666298	6.034120451658964e-05	1
eukaryotic_1530|label=1	0.24934345483779907	0.016268348321318626	0.1638069599866867	0.04094872251152992	0.029632555320858955	1
eukaryotic_1531|label=1	0.10603724420070648	0.28144973516464233	0.005792408715933561	0.10667815804481506	4.2408486478962004e-05	2
eukaryotic_1532|label=1	0.49998921155929565	9.69974098552484e-06	5.420776574283082e-07	3.350940573909611e-07	2.04000599524079e-07	1
eukaryotic_1533|label=1	0.06830405443906784	0.4085547626018524	0.004744095262140036	0.001073148101568222	0.01732395403087139	2
eukaryotic_1534|label=1	0.04120543226599693	0.45351165533065796	0.0006842869333922863	0.004524782299995422	7.387268851744011e-05	2
eukaryotic_1535|label=1	0.004118511453270912	0.49548572301864624	2.130159191437997e-05	8.451204848825e-06	0.0003659570647869259	2
eukaryotic_1536|label=1	0.4723796844482422	0.027612993493676186	6.987369488342665e-06	7.452749173353368e-08	2.9643902621501184e-07	1
eukaryotic_1537|label=1	0.4453185498714447	0.05466349050402641	4.376948709250428e-06	1.3391278116614558e-05	1.8866636253278557e-07	1
eukaryotic_1538|label=1	0.4966980516910553	0.0016792607493698597	0.0005460162064991891	0.0010384933557361364	3.8138583477120847e-05	1
eukaryotic_1539|label=1	0.31642207503318787	0.039255447685718536	0.07651445269584656	0.06698856502771378	0.0008194501278921962	1
eukaryotic_1540|label=1	0.497721791267395	0.0012178344186395407	0.00032348139211535454	0.0006513269036076963	8.562363655073568e-05	1
eukaryotic_1541|label=1	0.006399892270565033	0.4924590289592743	3.0191104087862186e-05	6.620417843805626e-05	0.0010446569649502635	2
eukaryotic_1542|label=1	0.06958884745836258	0.39513784646987915	0.004145246464759111	0.0026940288953483105	0.02843400277197361	2
eukaryotic_1543|label=1	0.24266988039016724	0.25183436274528503	0.00012573350977618247	0.0005556571413762867	0.0048143318854272366	2
eukaryotic_1544|label=1	0.38166409730911255	0.1183161586523056	3.896378984791227e-06	4.623266704584239e-06	1.1175962754350621e-05	1
eukaryotic_1545|label=1	0.499619722366333	0.0003802826104220003	2.0330672256818616e-08	1.0028119667992996e-08	1.7453194445238296e-10	1
eukaryotic_1546|label=1	0.3850092589855194	0.032222457230091095	0.015337512828409672	0.011140829883515835	0.05628993734717369	1
eukaryotic_1547|label=1	0.49561914801597595	0.003669712459668517	0.00021357009245548397	8.631031960248947e-05	0.00041124175186268985	1
eukaryotic_1548|label=1	0.46628230810165405	0.032922159880399704	0.00021429498156066984	0.0003795335360337049	0.00020174258679617196	1
eukaryotic_1549|label=1	0.49586957693099976	0.002238999353721738	2.0930970094923396e-06	4.448887466423912e-06	0.0018849412444978952	1
eukaryotic_1550|label=1	0.1845017671585083	0.29875442385673523	0.011615077964961529	0.00471789063885808	0.0004108531284146011	2
eukaryotic_1551|label=1	0.36514970660209656	0.002101596910506487	0.04542766511440277	0.08419093489646912	0.003130111610516906	1
eukaryotic_1552|label=1	0.06065424531698227	0.0005705165094695985	0.0013741845032200217	0.000508229888509959	0.4368928372859955	5
eukaryotic_1553|label=1	0.1977463811635971	0.1759188175201416	0.10776223242282867	0.018457187339663506	0.00011534652730915695	1
eukaryotic_1554|label=1	0.013217149302363396	0.025178853422403336	0.43084999918937683	0.022143956273794174	0.008610074408352375	3
eukaryotic_1555|label=1	0.007186783943325281	0.4882059097290039	0.0006140575860626996	0.003979656845331192	1.3558344107877929e-05	2
eukaryotic_1556|label=1	0.03541567549109459	0.014452846720814705	0.343730092048645	0.10637063533067703	3.0748738936381415e-05	3
eukaryotic_1557|label=1	0.034876447170972824	0.22356808185577393	0.1548982709646225	0.08457452803850174	0.0020827013067901134	2
eukaryotic_1558|label=1	0.1129392758011818	0.03439284488558769	0.08863422274589539	0.26324039697647095	0.0007932260050438344	4
eukaryotic_1559|label=1	0.02168644592165947	0.00015308403817471117	0.43849992752075195	0.03557901829481125	0.0040815542452037334	3
eukaryotic_1560|label=1	0.019663341343402863	0.32730820775032043	0.012069420889019966	0.07234039902687073	0.06861865520477295	2
eukaryotic_1561|label=1	0.004229600075632334	0.00948837585747242	0.4144006669521332	0.0346800722181797	0.03720128536224365	3
eukaryotic_1562|label=1	0.49927327036857605	0.0007250834023579955	2.4978612955806057e-08	1.611038896953687e-06	2.576608926219137e-10	1
eukaryotic_1563|label=1	0.4999881386756897	9.505372872808948e-06	9.551661861451066e-08	3.207189891440976e-08	2.1773760181531543e-06	1
eukaryotic_1564|label=1	0.497713565826416	0.001319205854088068	0.00034585315734148026	8.524425356881693e-05	0.0005361278308555484	1
eukaryotic_1565|label=1	0.49582797288894653	0.0041532963514328	7.008262628005468e-07	2.7131179649586556e-06	1.5285111658158712e-05	1
eukaryotic_1566|label=1	0.47519323229789734	0.024780089035630226	2.477309408277506e-06	2.41570651269285e-05	7.932342782623891e-08	1
eukaryotic_1567|label=1	0.05557725951075554	0.4443448483943939	2.7817288355436176e-05	4.7421257477253675e-05	2.654887111930293e-06	2
eukaryotic_1568|label=1	0.16484864056110382	0.3206077516078949	0.005969480611383915	0.008024013601243496	0.0005501463892869651	2
eukaryotic_1569|label=1	0.25735312700271606	0.24215401709079742	0.00042757653864100575	6.44993269816041e-05	8.163811457961856e-07	1
eukaryotic_1570|label=1	0.03135773167014122	0.007358206901699305	0.16116543114185333	0.30008530616760254	3.3300464565400034e-05	4
eukaryotic_1571|label=1	0.008923104964196682	0.4904470443725586	0.0004911039141006768	0.00012315182539168745	1.561131102789659e-05	2
eukaryotic_1572|label=1	0.4624626338481903	0.034244291484355927	3.2717754947952926e-05	0.00014774870942346752	0.0031126169487833977	1
eukaryotic_1573|label=1	0.49434754252433777	0.004032542463392019	0.0012741993414238095	4.864587390329689e-05	0.0002971171052195132	1
eukaryotic_1574|label=1	0.01614629477262497	0.483852744102478	3.2487832868355326e-07	3.9622898384550354e-07	2.129442151499461e-07	2
eukaryotic_1575|label=1	0.16285493969917297	0.33069801330566406	0.002684785285964608	0.00015474334941245615	0.003607585094869137	2
eukaryotic_1576|label=1	0.008105851709842682	0.48643067479133606	0.0010869894176721573	0.00038059643702581525	0.003995946142822504	2
eukaryotic_1577|label=1	0.49600857496261597	0.0038100718520581722	0.0001550198794575408	2.224320633104071e-05	4.10356733482331e-06	1
eukaryotic_1578|label=1	0.017712416127324104	0.27083227038383484	0.1303279846906662	0.07864285260438919	0.0024844883009791374	2
eukaryotic_1579|label=1	0.3945259749889374	0.03274061158299446	0.05920608714222908	0.013408590108156204	0.00011876431381097063	1
eukaryotic_1580|label=1	0.030202528461813927	0.11077450215816498	0.03176319599151611	0.3259721100330353	0.001287665101699531	4
eukaryotic_1581|label=1	0.029713720083236694	0.34902381896972656	0.09593481570482254	0.02470940724015236	0.0006182218203321099	2
eukaryotic_1582|label=1	0.027218621224164963	0.027998343110084534	0.43271899223327637	0.012045567855238914	1.8474773241905496e-05	3
eukaryotic_1583|label=1	0.26241129636764526	0.23246634006500244	0.0030899192206561565	0.001531048328615725	0.0005013456684537232	1
eukaryotic_1584|label=1	0.48242607712745667	0.01678353361785412	0.0002531825448386371	0.0004916322068311274	4.5580971345771104e-05	1
eukaryotic_1585|label=1	0.01086234487593174	0.48911893367767334	1.3405384379439056e-05	5.134280399943236e-06	1.4771131873203558e-07	2
eukaryotic_1586|label=1	0.016467779874801636	0.36101916432380676	0.07382732629776001	0.048202771693468094	0.0004829659010283649	2
eukaryotic_1587|label=1	0.1145063042640686	0.0077532557770609856	0.3444966673851013	0.027616823092103004	0.005626963917165995	3
eukaryotic_1588|label=1	0.49200722575187683	0.002810797421261668	0.004838109947741032	0.0003438371932134032	4.164246547588846e-08	1
eukaryotic_1589|label=1	0.12194035202264786	0.28793764114379883	0.07016818225383759	0.019386567175388336	0.0005672259139828384	2
eukaryotic_1590|label=1	0.20384638011455536	0.0966440811753273	0.19153375923633575	0.007911794818937778	6.396890967153013e-05	1
eukaryotic_1591|label=1	0.00015083294420037419	0.4964001178741455	0.002283287700265646	0.0011644749902188778	1.3219621450843988e-06	2
eukaryotic_1592|label=1	0.015692412853240967	0.4821227490901947	0.0010107301641255617	0.00042302379733882844	0.0007511283620260656	2
eukaryotic_1593|label=1	0.003805472981184721	0.4959702789783478	0.00012364215217530727	9.228991984855384e-05	8.33118519949494e-06	2
eukaryotic_1594|label=1	0.11266472935676575	0.3695063889026642	0.01548091322183609	0.0006459043943323195	0.0017020698869600892	2
eukaryotic_1595|label=1	0.4967409670352936	0.0032315042335540056	2.50605426117545e-05	1.9699727999977767e-06	5.315541784511879e-07	1
eukaryotic_1596|label=1	0.0016202415572479367	0.013127190060913563	0.28979700803756714	0.19323782622814178	0.0022177344653755426	3
eukaryotic_1597|label=1	0.011341942474246025	0.40157726407051086	0.000717255228664726	0.00047856089076958597	0.0858849287033081	2
eukaryotic_1598|label=1	0.005036976654082537	0.4569546580314636	0.03424021974205971	0.0033115986734628677	0.00045656319707632065	2
eukaryotic_1599|label=1	0.4389886260032654	0.06053754314780235	0.00011575320240808651	0.00022094971791375428	0.00013716921966988593	1
eukaryotic_1600|label=1	0.1416502594947815	0.12942492961883545	0.04961217939853668	0.17730286717414856	0.0020097512751817703	4
eukaryotic_1601|label=1	0.3183360993862152	0.0531977042555809	0.04847268760204315	0.02176700346171856	0.05822652578353882	1
eukaryotic_1602|label=1	0.001980156870558858	0.09046300500631332	0.17869369685649872	0.22788576781749725	0.0009773760102689266	4
eukaryotic_1603|label=1	0.3590516448020935	0.05063467100262642	0.02318398468196392	0.044861312955617905	0.022268395870923996	1
eukaryotic_1604|label=1	0.11374209821224213	0.005017362534999847	0.11494523286819458	0.0012377637904137373	0.2650575339794159	5
eukaryotic_1605|label=1	0.49312832951545715	0.0008182501187548041	0.0016934465384110808	0.0011063060956075788	0.003253745147958398	1
eukaryotic_1606|label=1	0.3939240574836731	0.030351221561431885	0.0007722200243733823	0.06190075725317001	0.013051738031208515	1
eukaryotic_1607|label=1	0.01022578775882721	0.48867809772491455	0.00019137006893288344	0.00023160275304690003	0.0006731371977366507	2
eukaryotic_1608|label=1	0.03183098882436752	0.08618924766778946	0.12995003163814545	0.2519958019256592	3.390081474208273e-05	4
eukaryotic_1609|label=1	0.019706055521965027	0.48014146089553833	6.002031295793131e-05	9.217154001817107e-05	2.6475140657566953e-07	2
eukaryotic_1610|label=1	0.49687132239341736	0.003032345324754715	1.4193075003277045e-05	2.9219640055089258e-05	5.286610030452721e-05	1
eukaryotic_1611|label=1	0.48687076568603516	0.01232855673879385	0.0001760196319082752	4.7656350943725556e-05	0.0005769584677182138	1
eukaryotic_1612|label=1	0.10661210864782333	0.1787639856338501	0.016939587891101837	0.0481521300971508	0.14953218400478363	2
eukaryotic_1613|label=1	0.05142437294125557	0.031171072274446487	0.3435809910297394	0.07345687597990036	0.00036674138391390443	3
eukaryotic_1614|label=1	0.00920392107218504	0.4339999854564667	0.05569097399711609	0.001104793744161725	2.8849976274614164e-07	2
eukaryotic_1615|label=1	0.008055780082941055	0.2902483344078064	0.05580911785364151	0.0012010333593934774	0.14468571543693542	2
eukaryotic_1616|label=1	0.013244135305285454	0.3672972321510315	0.023805910721421242	0.09488353133201599	0.0007692318758927286	2
eukaryotic_1617|label=1	0.4676377773284912	0.022230010479688644	0.009062805213034153	0.0010080107022076845	6.135508738225326e-05	1
eukaryotic_1618|label=1	0.015147004276514053	0.484846293926239	8.452070119346899e-07	2.1318822973626084e-07	5.585596227319911e-06	2
eukaryotic_1619|label=1	0.05248141661286354	0.07019442319869995	0.22209902107715607	0.049682412296533585	0.10554274171590805	3
eukaryotic_1620|label=1	8.589747449150309e-05	0.49989011883735657	2.1226065655355342e-05	2.7468638563732384e-06	6.022505516511956e-08	2
eukaryotic_1621|label=1	0.3438848555088043	0.12221226096153259	0.007152637932449579	0.01584230735898018	0.01090790145099163	1
eukaryotic_1622|label=1	0.004537725821137428	0.42044463753700256	0.07126403599977493	0.0035518212243914604	0.00020181137369945645	2
eukaryotic_1623|label=1	0.026803625747561455	0.45727428793907166	0.012448592111468315	0.0026933501940220594	0.0007801475003361702	2
eukaryotic_1624|label=1	0.14677321910858154	0.08244603127241135	0.2025793045759201	0.06088663637638092	0.007314771879464388	3
eukaryotic_1625|label=1	0.07546480000019073	0.4146066904067993	0.007409289944916964	0.0019110339926555753	0.0006081709871068597	2
eukaryotic_1626|label=1	0.48336130380630493	0.01663857325911522	8.035839016429236e-08	5.474121422821554e-08	1.238927710422999e-10	1
eukaryotic_1627|label=1	0.003472190583124757	0.4896559715270996	2.1599120373139158e-05	0.000486320088384673	0.006363940890878439	2
eukaryotic_1628|label=1	0.03917394578456879	0.01698010228574276	0.35091471672058105	0.0877087265253067	0.0052225287072360516	3
eukaryotic_1629|label=1	0.19313566386699677	0.30686429142951965	4.4844949975697546e-09	4.2277875422769284e-08	3.5742583892606206e-10	2
eukaryotic_1630|label=1	0.3463630974292755	0.14513038098812103	0.0008320403285324574	0.0014398869825527072	0.006234597880393267	1
eukaryotic_1631|label=1	0.48320528864860535	0.016751732677221298	3.689843651955016e-06	1.2681135558523238e-05	2.6596913812682033e-05	1
eukaryotic_1632|label=1	0.0329379178583622	0.46660691499710083	0.00011994872329523787	0.00032230187207460403	1.2987526133656502e-05	2
eukaryotic_1633|label=1	0.16946159303188324	0.2063165307044983	0.027881154790520668	0.00790726114064455	0.08843344449996948	2
eukaryotic_1634|label=1	0.0031109408009797335	0.49185189604759216	0.00023456480994354934	0.0003709562006406486	0.004431576933711767	2
eukaryotic_1635|label=1	0.006850210949778557	0.0024176223669201136	0.019122470170259476	0.46863260865211487	0.002977066207677126	4
eukaryotic_1636|label=1	0.022323938086628914	0.05183766409754753	0.027233315631747246	0.3041495978832245	0.09445544332265854	4
eukaryotic_1637|label=1	0.051986586302518845	0.4283083379268646	0.014426554553210735	0.003912555985152721	0.0013659958494827151	2
eukaryotic_1638|label=1	0.057576246559619904	0.00020535751536954194	0.05012579262256622	0.3451578915119171	0.04693475365638733	4
eukaryotic_1639|label=1	0.10079433023929596	0.06807012856006622	0.16000014543533325	0.15597274899482727	0.015162666328251362	3
eukaryotic_1640|label=1	0.0001370186364511028	0.14391972124576569	0.13628244400024414	0.2196395993232727	2.1220092094154097e-05	4
eukaryotic_1641|label=1	0.010709283873438835	0.15395991504192352	0.011933893896639347	0.31445786356925964	0.008939066901803017	4
eukaryotic_1642|label=1	0.0060684275813400745	0.00047620799159631133	0.4325715899467468	0.06087593361735344	7.901805474830326e-06	3
eukaryotic_1643|label=1	0.02428537793457508	0.4316304326057434	0.031222829595208168	0.008141214959323406	0.0047201733104884624	2
eukaryotic_1644|label=1	0.2166437953710556	0.015705972909927368	0.06990354508161545	0.04167220741510391	0.15607447922229767	1
eukaryotic_1645|label=1	0.24255456030368805	0.007000003941357136	0.09148221462965012	0.15775072574615479	0.0012124748900532722	1
eukaryotic_1646|label=1	0.028748702257871628	0.13028794527053833	0.12182188034057617	0.21122677624225616	0.007914667017757893	4
eukaryotic_1647|label=1	0.2792416512966156	0.050080765038728714	0.003170574549585581	0.03158513829112053	0.1359218955039978	1
eukaryotic_1648|label=1	0.4859520196914673	0.009455117397010326	2.023698471020907e-05	0.00017480428505223244	0.0043977973982691765	1
eukaryotic_1649|label=1	0.4401113986968994	0.009450565092265606	0.001523449900560081	0.015106633305549622	0.033807966858148575	1
eukaryotic_1650|label=1	0.04567483440041542	0.04788295552134514	0.23691624402999878	0.11363618075847626	0.0558897890150547	3
eukaryotic_1651|label=1	0.02647075615823269	0.00802066270262003	0.06302157789468765	0.27547159790992737	0.1270153820514679	4
eukaryotic_1652|label=1	0.40269696712493896	0.0972970500588417	5.339313247532118e-06	5.873835107195191e-07	5.0513715876832066e-08	1
eukaryotic_1653|label=1	0.3246464729309082	0.005080129019916058	0.0031057598534971476	0.16695109009742737	0.00021654120064340532	1
eukaryotic_1654|label=1	0.4432625472545624	0.054813411086797714	0.0003876758273690939	0.0014975769445300102	3.876989285345189e-05	1
eukaryotic_1655|label=1	0.48665210604667664	0.00026282129692845047	9.861647413345054e-05	0.012070017866790295	0.0009164602961391211	1
eukaryotic_1656|label=1	0.3808152973651886	0.06451822072267532	0.0498834028840065	0.004625046160072088	0.00015799903485458344	1
eukaryotic_1657|label=1	0.057272769510746	0.35628464818000793	0.00021646087407134473	0.0019427109509706497	0.08428338170051575	2
eukaryotic_1658|label=1	0.010625219903886318	0.46827608346939087	0.001034035230986774	0.0200058463960886	5.876164141227491e-05	2
eukaryotic_1659|label=1	0.0702199786901474	0.42466485500335693	0.0043908716179430485	0.0007207094458863139	3.521063263178803e-06	2
eukaryotic_1660|label=1	0.4054778516292572	0.005501460283994675	0.00557526433840394	0.08341486752033234	3.053814361919649e-05	1
eukaryotic_1661|label=1	0.03457491099834442	0.027259746566414833	0.43122488260269165	0.006282238755375147	0.0006582718342542648	3
eukaryotic_1662|label=1	0.499927282333374	8.041000910452567e-06	3.404743256396614e-05	3.0313733077491634e-05	2.9998335548953037e-07	1
eukaryotic_1663|label=1	0.17296487092971802	0.3160388767719269	0.006741250865161419	0.003281573997810483	0.0009733850602060556	2
eukaryotic_1664|label=1	0.43059247732162476	0.06813987344503403	0.0005380799411796033	0.0004143791738897562	0.0003151726850774139	1
eukaryotic_1665|label=1	0.4984245002269745	0.0004442908684723079	0.0005456960061565042	0.00033245081431232393	0.0002530558849684894	1
eukaryotic_1666|label=1	0.36134853959083557	0.1096392571926117	0.026056742295622826	0.0025555237662047148	0.00039992883102968335	1
eukaryotic_1667|label=1	0.4774744510650635	0.02233615331351757	0.00012050398800056428	2.4159016902558506e-05	4.477473339647986e-05	1
eukaryotic_1668|label=1	0.2026849240064621	0.05857878178358078	0.23709502816200256	0.0016201614635065198	2.1098609067848884e-05	3
eukaryotic_1669|label=1	0.038391709327697754	0.39581167697906494	0.014583537355065346	0.05119346082210541	1.961210000445135e-05	2
eukaryotic_1670|label=1	0.0034901867620646954	0.07596997916698456	0.0139008779078722	0.019369497895240784	0.3872694671154022	5
eukaryotic_1671|label=1	0.45217955112457275	0.04781581088900566	2.426717855996685e-06	2.029730694630416e-06	1.7481201552982384e-07	1
eukaryotic_1672|label=1	0.4866885244846344	0.013311021961271763	7.292265280511856e-08	2.81124869161431e-07	9.481365026431376e-08	1
eukaryotic_1673|label=1	0.0002920350816566497	0.03372905030846596	0.22278070449829102	0.24267542362213135	0.0005228084046393633	4
eukaryotic_1674|label=1	0.13818737864494324	0.11768098920583725	0.07049071788787842	0.09072516113519669	0.0829157903790474	1
eukaryotic_1675|label=1	0.003165394300594926	0.4966655671596527	7.605964128742926e-06	7.599583113915287e-06	0.0001538940705358982	2
eukaryotic_1676|label=1	0.4430910646915436	0.05690879002213478	1.6195069729718625e-09	1.1777822273018046e-08	1.4240468715343013e-07	1
eukaryotic_1677|label=1	0.004111443646252155	0.4940112233161926	0.0011376547627151012	0.0003656003682408482	0.00037405657349154353	2
eukaryotic_1678|label=1	0.43095552921295166	0.06873960793018341	3.1649851734982803e-05	0.0002617203281261027	1.1520197404024657e-05	1
eukaryotic_1679|label=1	0.0018885035533457994	0.001069933525286615	0.489784300327301	0.005372713785618544	0.0018845320446416736	3
eukaryotic_1680|label=1	0.1304526925086975	0.12702682614326477	0.20017056167125702	0.022519316524267197	0.019830573350191116	3
eukaryotic_1681|label=1	0.08959566056728363	0.40791526436805725	0.002337592886760831	0.0001500538201071322	1.3630071862280602e-06	2
eukaryotic_1682|label=1	0.14692403376102448	0.003594124922528863	0.0073231724090874195	0.3355957567691803	0.006562944035977125	4
eukaryotic_1683|label=1	0.040708158165216446	0.4197997450828552	0.03554609790444374	0.0022221500985324383	0.0017237947322428226	2
eukaryotic_1684|label=1	0.4327017068862915	0.00929622258991003	7.814692799001932e-05	0.05779515951871872	0.00012877199333161116	1
eukaryotic_1685|label=1	0.00019163316756021231	0.004005955997854471	0.4945448338985443	0.0012153206625953317	4.219054608256556e-05	3
eukaryotic_1686|label=1	0.4833695590496063	0.01511857844889164	0.0007950980216264725	0.0005076906527392566	0.000209099700441584	1
eukaryotic_1687|label=1	0.017109988257288933	0.0006154921720735729	0.0015386122977361083	0.0007494486053474247	0.4799864590167999	5
eukaryotic_1688|label=1	0.010289899073541164	0.3260071873664856	0.08613894134759903	0.05658012628555298	0.020983897149562836	2
eukaryotic_1689|label=1	0.04749079793691635	0.4524586498737335	6.147690783109283e-06	9.767407391336747e-06	3.461512824287638e-05	2
eukaryotic_1690|label=1	0.4804074764251709	0.01938450336456299	0.00020314182620495558	3.7322809021134162e-06	1.1932454526686342e-06	1
eukaryotic_1691|label=1	0.08398658782243729	0.002726266859099269	0.11688907444477081	0.2943698763847351	0.0020281546749174595	4
eukaryotic_1692|label=1	0.33304181694984436	0.1009702980518341	0.002261967631056905	0.05187990143895149	0.01184604037553072	1
eukaryotic_1693|label=1	0.4446881413459778	0.055112723261117935	0.00019596118363551795	2.0247764496161835e-06	1.102928308682749e-06	1
eukaryotic_1694|label=1	0.05192830041050911	0.44803017377853394	1.7538962993057794e-06	3.9659629692323506e-05	3.7926707108226765e-08	2
eukaryotic_1695|label=1	0.46347975730895996	0.03170527145266533	0.0012303522089496255	0.003317811293527484	0.00026678346330299973	1
eukaryotic_1696|label=1	0.45420053601264954	0.006099126301705837	0.030969316139817238	0.008713913150131702	1.7129897969425656e-05	1
eukaryotic_1697|label=1	0.0013811495155096054	1.245832936547231e-05	0.181863471865654	0.3164636790752411	0.0002792297163978219	4
eukaryotic_1698|label=1	0.21445627510547638	0.05086740478873253	0.0026194890961050987	0.027543053030967712	0.2045137733221054	1
eukaryotic_1699|label=1	0.0004835377330891788	0.4995113015174866	1.8488060504751047e-06	2.3708867047389504e-06	9.342097655462567e-07	2
eukaryotic_1700|label=1	0.46374499797821045	0.028836777433753014	0.0016562797827646136	0.0032609107438474894	0.002501019975170493	1
eukaryotic_1701|label=1	0.18458455801010132	0.29235830903053284	0.006877139676362276	0.01582498848438263	0.00035499638761393726	2
eukaryotic_1702|label=1	0.35501930117607117	0.1392635554075241	0.004863508976995945	9.538848098600283e-05	0.0007582586258649826	1
eukaryotic_1703|label=1	0.49822792410850525	0.0017700608586892486	5.226260100243962e-07	2.0863821248440217e-07	1.2657619663514197e-06	1
eukaryotic_1704|label=1	0.01687774807214737	0.05718038231134415	0.07401293516159058	0.008985002525150776	0.3429439663887024	5
eukaryotic_1705|label=1	0.4796672463417053	0.020194757729768753	3.905480116372928e-05	3.0423276257351972e-05	6.850605859654024e-05	1
eukaryotic_1706|label=1	0.03415949270129204	0.46210959553718567	0.002529387827962637	0.0011744643561542034	2.704014150367584e-05	2
eukaryotic_1707|label=1	0.004003987181931734	0.4918113052845001	0.0014079090906307101	0.002757200039923191	1.9631545001175255e-05	2
eukaryotic_1708|label=1	0.002119082724675536	0.0007488232804462314	0.4698392152786255	0.02711961604654789	0.00017330955597572029	3
eukaryotic_1709|label=1	0.49948936700820923	4.683572115027346e-05	0.00014405314868781716	0.0003089623642154038	1.0792668945214245e-05	1
eukaryotic_1710|label=1	0.3313124477863312	0.00046003676834516227	0.03199373558163643	0.05372149869799614	0.0825122743844986	1
eukaryotic_1711|label=1	0.41104334592819214	0.03549455478787422	0.003998373169451952	0.04842248931527138	0.0010412425035610795	1
eukaryotic_1712|label=1	0.17269572615623474	0.3009336590766907	0.0028353852685540915	0.0038611246272921562	0.019674114882946014	2
eukaryotic_1713|label=1	0.4038562774658203	0.0013648821040987968	0.07187507301568985	0.0227150097489357	0.00018871674546971917	1
eukaryotic_1714|label=1	0.25242936611175537	0.1525384783744812	0.058510761708021164	0.03647741302847862	4.396592703415081e-05	1
eukaryotic_1715|label=1	0.48870548605918884	0.001841050456278026	0.008438111282885075	0.0006786164594814181	0.0003367102472111583	1
eukaryotic_1716|label=1	0.49793440103530884	0.0004121887614019215	3.1326642783824354e-05	0.001586770755238831	3.533641938702203e-05	1
eukaryotic_1717|label=1	0.01842639409005642	0.00042698561446741223	0.30668923258781433	0.17128702998161316	0.003170369891449809	3
eukaryotic_1718|label=1	0.024117954075336456	0.2970150113105774	0.10335814952850342	0.06905335187911987	0.006455524358898401	2
eukaryotic_1719|label=1	0.00804018136113882	0.0007056979811750352	0.28400465846061707	0.20543843507766724	0.001811013906262815	3
eukaryotic_1720|label=1	0.0010100392391905189	0.48170703649520874	5.588239946519025e-05	0.00012876243272330612	0.017098356038331985	2
eukaryotic_1721|label=1	0.3817528188228607	0.11241330951452255	6.883244350319728e-05	0.00023177696857601404	0.005533250980079174	1
eukaryotic_1722|label=1	0.08432242274284363	0.39013922214508057	0.0006954770651645958	0.000826563686132431	0.02401633746922016	2
eukaryotic_1723|label=1	0.2824819087982178	0.1669139862060547	0.013395613990724087	0.026087380945682526	0.011121129617094994	1
eukaryotic_1724|label=1	0.013540527783334255	0.48573529720306396	2.803340794343967e-05	3.05286594084464e-05	0.0006655928445979953	2
eukaryotic_1725|label=1	0.005141616333276033	0.49409082531929016	9.34497729758732e-05	9.720668458612636e-05	0.0005768939154222608	2
eukaryotic_1726|label=1	0.0396425761282444	0.11251497268676758	0.029643414542078972	0.318120539188385	7.846841617720202e-05	4
eukaryotic_1727|label=1	0.3458497226238251	0.07286491245031357	0.037383440881967545	0.036979321390390396	0.006922585424035788	1
eukaryotic_1728|label=1	0.20818942785263062	0.235133558511734	0.05169462785124779	0.00497429771348834	8.14385657577077e-06	2
eukaryotic_1729|label=1	0.480629026889801	0.006711567752063274	0.012071557343006134	0.00048803436220623553	9.977144509321079e-05	1
eukaryotic_1730|label=1	0.4336894452571869	0.06384284049272537	0.0009016736876219511	0.0006178520852699876	0.0009481233428232372	1
eukaryotic_1731|label=1	0.1751127690076828	0.05270766466856003	0.26144805550575256	0.008324463851749897	0.002407065825536847	3
eukaryotic_1732|label=1	0.31256771087646484	0.0010140979429706931	0.1627097725868225	0.020417887717485428	0.003290533320978284	1
eukaryotic_1733|label=1	0.09323547780513763	0.30618995428085327	0.01713680848479271	0.015446597710251808	0.06799115985631943	2
eukaryotic_1734|label=1	0.1232142373919487	0.3101097047328949	0.010524258017539978	0.04900984466075897	0.007141948211938143	2
eukaryotic_1735|label=1	0.3220309615135193	0.17231720685958862	0.0004825378709938377	0.00135201052762568	0.0038172525819391012	1
eukaryotic_1736|label=1	0.31618642807006836	0.12604734301567078	0.020487189292907715	0.0016184481792151928	0.03566060960292816	1
eukaryotic_1737|label=1	0.48335713148117065	0.008772220462560654	0.004153664223849773	0.0032894385512918234	0.000427531631430611	1
eukaryotic_1738|label=1	0.2719663083553314	0.222080260515213	0.0010319201974198222	0.003932722378522158	0.0009887923952192068	1
eukaryotic_1739|label=1	0.2748395502567291	7.51809129724279e-05	0.19802795350551605	0.01885448396205902	0.008202830329537392	1
eukaryotic_1740|label=1	0.20504045486450195	0.24944165349006653	0.0084107406437397	0.02171005867421627	0.01539713703095913	2
eukaryotic_1741|label=1	0.4152368903160095	0.0771847516298294	0.005528181325644255	0.0020151876378804445	3.502084655337967e-05	1
eukaryotic_1742|label=1	0.2734542489051819	0.045985277742147446	0.1261325627565384	0.05346295237541199	0.0009649370331317186	1
eukaryotic_1743|label=1	0.32450610399246216	0.0015528317308053374	0.015311827883124352	0.06575103849172592	0.09287817776203156	1
eukaryotic_1744|label=1	0.44584909081459045	0.027145572006702423	0.020904839038848877	0.006047951057553291	5.251201582723297e-05	1
eukaryotic_1745|label=1	0.45990660786628723	0.02238299883902073	0.00405788142234087	0.007570186164230108	0.00608229311183095	1
eukaryotic_1746|label=1	0.31950902938842773	0.17575301229953766	0.003200073027983308	0.0013602189719676971	0.00017763953655958176	1
eukaryotic_1747|label=1	0.0019188077421858907	0.00041746959323063493	0.006493648514151573	0.05132998153567314	0.43984007835388184	5
eukaryotic_1748|label=1	0.03182905539870262	0.0011818233178928494	0.4085708260536194	0.054985109716653824	0.003433159552514553	3
eukaryotic_1749|label=1	0.16300636529922485	0.30171793699264526	0.021151890978217125	0.004957201890647411	0.009166576899588108	2
eukaryotic_1750|label=1	0.017719365656375885	0.1479727029800415	0.11800505220890045	0.2151263803243637	0.001176503486931324	4
eukaryotic_1751|label=1	0.024010082706809044	0.3649445176124573	0.04181627929210663	0.03668437898159027	0.032544758170843124	2
eukaryotic_1752|label=1	0.4995620548725128	0.00039161162567324936	4.206257926853141e-06	2.6625779355526902e-05	1.5500965673709288e-05	1
eukaryotic_1753|label=1	0.1262846738100052	0.0071599651128053665	0.26028677821159363	0.08303327858448029	0.023235276341438293	3
eukaryotic_1754|label=1	0.0989488810300827	0.34587550163269043	0.01470455527305603	0.011516785249114037	0.028954243287444115	2
eukaryotic_1755|label=1	0.3292253911495209	0.09472275525331497	0.05897285416722298	0.012369589880108833	0.0047094146721065044	1
eukaryotic_1756|label=1	0.4943545162677765	0.00554504944011569	9.475886145082768e-06	8.153698581736535e-05	9.392625543114264e-06	1
eukaryotic_1757|label=1	0.49740931391716003	0.0001305366022279486	0.0019095005700364709	0.0003396613756194711	0.00021104600455146283	1
eukaryotic_1758|label=1	0.42984458804130554	0.06329619139432907	0.0038851925637573004	0.002677761483937502	0.00029626311152242124	1
eukaryotic_1759|label=1	0.027598340064287186	0.4042300283908844	6.850747740827501e-05	0.00042826036224141717	0.06767486035823822	2
eukaryotic_1760|label=1	0.4099633991718292	0.06065789610147476	0.0018274392932653427	0.027410846203565598	0.00014042564725968987	1
eukaryotic_1761|label=1	0.4992159307003021	0.00043879685108549893	0.00011757306492654607	8.851847087498754e-05	0.00013916763418819755	1
eukaryotic_1762|label=1	0.06567808240652084	0.03140634670853615	0.23653988540172577	0.15342015027999878	0.012955495156347752	3
eukaryotic_1763|label=1	0.024234425276517868	0.47147881984710693	0.0006296391366049647	0.003548006759956479	0.00010901897621806711	2
eukaryotic_1764|label=1	0.4999059736728668	9.175536979455501e-05	1.2838345355703495e-06	9.565746950102039e-07	1.55654578115616e-09	1
eukaryotic_1765|label=1	0.21485237777233124	0.21096421778202057	0.03987864777445793	0.02129090391099453	0.013013812713325024	1
eukaryotic_1766|label=1	0.05406050384044647	0.06014901027083397	0.004474826157093048	0.022353336215019226	0.3589622974395752	5
eukaryotic_1767|label=1	0.1702793687582016	0.3111916184425354	0.0012726960703730583	0.01722499541938305	3.129525430267677e-05	2
eukaryotic_1768|label=1	0.2612329423427582	0.03926374018192291	0.0030320286750793457	0.10377766937017441	0.09269360452890396	1
eukaryotic_1769|label=1	0.47667062282562256	0.022000158205628395	0.00016536460316274315	0.0011635824339464307	2.584294804819365e-07	1
eukaryotic_1770|label=1	0.0028429569210857153	0.01606791466474533	0.46944060921669006	0.009238804690539837	0.002409693319350481	3
eukaryotic_1771|label=1	0.012433867901563644	0.48746076226234436	1.626231551199453e-06	9.21463142731227e-05	1.1543608707142994e-05	2
eukaryotic_1772|label=1	0.08577651530504227	0.2840939462184906	0.10121061652898788	0.022853391245007515	0.0060655418783426285	2
eukaryotic_1773|label=1	0.3346231281757355	0.16537262499332428	2.710512717385427e-06	6.176280180625326e-07	8.981833730103972e-07	1
eukaryotic_1774|label=1	0.031321585178375244	0.3835162818431854	0.0003369151090737432	0.005946222227066755	0.0788789913058281	2
eukaryotic_1775|label=1	0.09016825258731842	0.4097638726234436	3.718331811342068e-07	1.8236472953958582e-07	6.731983012286946e-05	2
eukaryotic_1776|label=1	0.00427111703902483	0.49367398023605347	0.0001459473423892632	0.00020420594955794513	0.0017047107685357332	2
eukaryotic_1777|label=1	0.477997750043869	0.021999483928084373	8.193454448246484e-08	2.6779621293826494e-06	4.105975293100528e-08	1
eukaryotic_1778|label=1	0.27960965037345886	0.21983665227890015	0.00029431626899167895	0.0002569344942457974	2.4372650386794703e-06	1
eukaryotic_1779|label=1	0.3658052086830139	0.13418598473072052	5.268621407594765e-06	3.1496520023210905e-06	3.330687263769505e-07	1
eukaryotic_1780|label=1	0.0002583336317911744	0.4952339231967926	0.004426633007824421	5.670211248798296e-05	2.4411823687842116e-05	2
eukaryotic_1781|label=1	0.48757046461105347	0.011064236983656883	5.593115201918408e-05	0.0012888847850263119	2.0533381757559255e-05	1
eukaryotic_1782|label=1	0.0014379499480128288	0.4924617409706116	0.0056320358999073505	0.0004310590447857976	3.722688416019082e-05	2
eukaryotic_1783|label=1	0.4522036910057068	0.0465596541762352	9.372468775836751e-05	0.0011377562768757343	5.157877239980735e-06	1
eukaryotic_1784|label=1	0.03234346956014633	0.018674040213227272	0.08246298134326935	0.10545670241117477	0.2610628008842468	5
eukaryotic_1785|label=1	0.041103363037109375	0.1398317515850067	0.2865583002567291	0.019019227474927902	0.013487366028130054	3
eukaryotic_1786|label=1	0.2628183662891388	0.2307979017496109	0.0017332658171653748	0.0044897617772221565	0.00016070068522822112	1
eukaryotic_1787|label=1	0.049364037811756134	0.4350217878818512	0.01537782046943903	0.0002318933402420953	4.4352750592224766e-06	2
eukaryotic_1788|label=1	0.1718449592590332	0.0015572860138490796	0.1226838082075119	0.1893216371536255	0.014592270366847515	4
eukaryotic_1789|label=1	0.4539365768432617	0.0005266062216833234	0.013694500550627708	0.03171048313379288	0.00013181354734115303	1
eukaryotic_1790|label=1	0.4415135383605957	0.02310008928179741	9.573048737365752e-05	0.00027036049868911505	0.03502025082707405	1
eukaryotic_1791|label=1	0.4999694228172302	2.8327123800409026e-05	5.19323918979353e-07	1.7387734487783746e-06	9.796319311305979e-09	1
eukaryotic_1792|label=1	0.38639557361602783	0.09865385293960571	0.0006677421042695642	0.00039928487967699766	0.01388352457433939	1
eukaryotic_1793|label=1	0.3379034399986267	0.15906165540218353	0.0007801998872309923	0.002241513691842556	1.3175293133826926e-05	1
eukaryotic_1794|label=1	0.46367210149765015	0.03587951138615608	4.9146874516736716e-05	0.00011879006342496723	0.0002804802788887173	1
eukaryotic_1795|label=1	0.008803215809166431	0.49082720279693604	9.98814357444644e-05	0.00026874535251408815	9.557220437272917e-07	2
eukaryotic_1796|label=1	0.008283336646854877	0.05456889793276787	0.13889068365097046	0.07103108614683151	0.22722598910331726	5
eukaryotic_1797|label=1	3.6292756703915074e-05	0.4998833239078522	2.0878615032415837e-05	1.0769223081297241e-05	4.875952436123043e-05	2
eukaryotic_1798|label=1	0.3945297598838806	0.10471661388874054	0.00042506185127422214	0.0002870582393370569	4.144323611399159e-05	1
eukaryotic_1799|label=1	0.05244568735361099	0.44753438234329224	4.769617135025328e-06	4.641031409846619e-06	1.0494663911231328e-05	2
eukaryotic_1800|label=1	0.3463035523891449	0.13550670444965363	0.007893088273704052	0.0030737563502043486	0.007222877349704504	1
eukaryotic_1801|label=1	0.053242940455675125	0.0020754067227244377	0.4424830973148346	0.0018630085978657007	0.00033552065724506974	3
eukaryotic_1802|label=1	0.13291366398334503	0.1411210000514984	0.14692579209804535	0.07593090832233429	0.003108568489551544	3
eukaryotic_1803|label=1	0.4999917149543762	7.5887182902079076e-06	3.1292407243199705e-07	3.4178802366113814e-07	5.259103730281822e-08	1
eukaryotic_1804|label=1	0.47889241576194763	0.0004138399672228843	0.0005091240745969117	0.01815137453377247	0.002033259253948927	1
eukaryotic_1805|label=1	0.04685640335083008	0.45314016938209534	3.0632716061518295e-06	1.4321975072562054e-07	1.7696953591439524e-07	2
eukaryotic_1806|label=1	0.4999985098838806	1.4203059208739433e-06	3.1008102752139166e-08	6.14870110382526e-09	1.9623410452140888e-08	1
eukaryotic_1807|label=1	0.46176213026046753	0.03821072727441788	1.5662976693420205e-06	1.402132875227835e-05	1.1578738849493675e-05	1
eukaryotic_1808|label=1	0.4711647033691406	0.028653081506490707	0.000136448914417997	3.869394276989624e-05	7.095222372299759e-06	1
eukaryotic_1809|label=1	0.4779854714870453	0.019744137302041054	0.00022839123266749084	0.00195183081086725	9.020113793667406e-05	1
eukaryotic_1810|label=1	0.2204723060131073	0.15312179923057556	0.00734289176762104	0.07877063751220703	0.04029238969087601	1
eukaryotic_1811|label=1	0.35093170404434204	0.14829665422439575	2.9941611501271836e-05	0.0006404632586054504	0.0001012333232210949	1
eukaryotic_1812|label=1	0.49637410044670105	0.0036258280742913485	3.9312927913037754e-10	2.653572472866017e-08	8.846836152542892e-08	1
eukaryotic_1813|label=1	0.2406410276889801	0.2593574523925781	1.6635290478461684e-07	1.3291584082253394e-06	4.6615240556491244e-09	2
eukaryotic_1814|label=1	0.4763631820678711	0.0235349889844656	3.75146082660649e-05	6.076749923522584e-05	3.517296363497735e-06	1
eukaryotic_1815|label=1	0.14106670022010803	0.33305972814559937	0.023244354873895645	0.002626292407512665	2.9309433102753246e-06	2
eukaryotic_1816|label=1	0.024173306301236153	0.2331186681985855	1.2056529158144258e-05	0.0007389644742943347	0.24195700883865356	5
eukaryotic_1817|label=1	0.498564213514328	0.001434068544767797	1.2073889443797725e-08	5.648771548294462e-07	1.109693585021887e-06	1
eukaryotic_1818|label=1	0.3724730908870697	0.12738686800003052	3.540238685673103e-05	8.926706505008042e-05	1.5397341485368088e-05	1
eukaryotic_1819|label=1	0.21423447132110596	0.023915063589811325	0.09886984527111053	0.10021736472845078	0.0627632662653923	1
eukaryotic_1820|label=1	0.1294626146554947	0.369967520236969	1.0169551387662068e-06	1.862059798440896e-05	0.0005502249696291983	2
eukaryotic_1821|label=1	0.4870367646217346	0.0037040971219539642	0.0005226967623457313	0.0023327197413891554	0.006403699051588774	1
eukaryotic_1822|label=1	0.0006006996845826507	0.4419870376586914	0.028601622208952904	0.01805194839835167	0.010758657939732075	2
eukaryotic_1823|label=1	0.49919480085372925	0.0006285786512307823	6.550592661369592e-05	2.9476796044036746e-05	8.167487976606935e-05	1
eukaryotic_1824|label=1	7.236933015519753e-05	0.4999271035194397	1.3238475560228835e-07	4.086075762188557e-07	2.9261157941107285e-09	2
eukaryotic_1825|label=1	0.011056171730160713	0.4889436662197113	1.2016303685413732e-07	3.735215514666379e-08	9.987011218015596e-09	2
eukaryotic_1826|label=1	0.4229521155357361	0.07665207237005234	0.0002723254729062319	0.0001111746605602093	1.230947509611724e-05	1
eukaryotic_1827|label=1	0.0001756790588842705	0.00018201502098236233	0.49436938762664795	0.0031166672706604004	0.002156272064894438	3
eukaryotic_1828|label=1	0.006628122180700302	0.4752516448497772	0.01133718527853489	0.0008968241745606065	0.0058862497098743916	2
eukaryotic_1829|label=1	0.24128419160842896	0.10575059056282043	0.019694289192557335	0.046381622552871704	0.08688927441835403	1
eukaryotic_1830|label=1	0.4681128263473511	0.02224218100309372	0.0062813954427838326	0.003354801330715418	8.808052371023223e-06	1
eukaryotic_1831|label=1	0.01218518428504467	0.020559655502438545	0.39636436104774475	0.006726052612066269	0.06416476517915726	3
eukaryotic_1832|label=1	0.49767637252807617	0.0019412785768508911	1.602817610546481e-05	0.00023882403911557049	0.00012747258006129414	1
eukaryotic_1833|label=1	0.014699624851346016	0.012806408107280731	0.002696257084608078	0.016510888934135437	0.4532867968082428	5
eukaryotic_1834|label=1	0.36256715655326843	0.05016835033893585	0.014851552434265614	0.025063537061214447	0.047349393367767334	1
eukaryotic_1835|label=1	0.08120957762002945	0.41302162408828735	8.632870594738051e-05	0.0001418072934029624	0.005540655925869942	2
eukaryotic_1836|label=1	0.00018622857169248164	0.49975234270095825	1.6641759259528044e-07	1.0518803719605785e-05	5.0716833357000723e-05	2
eukaryotic_1837|label=1	0.452007532119751	0.0477309376001358	6.568333628820255e-05	0.00018984173948410898	6.054989626136376e-06	1
eukaryotic_1838|label=1	0.4907468557357788	0.008989045396447182	0.00011221506429137662	0.00013363755715545267	1.825413346523419e-05	1
eukaryotic_1839|label=1	0.026818500831723213	0.09509521722793579	0.35609203577041626	0.021857958287000656	0.0001362976327072829	3
eukaryotic_1840|label=1	0.1294495016336441	0.3396153151988983	0.018825426697731018	0.012004145421087742	0.00010562034003669396	2
eukaryotic_1841|label=1	0.4450537860393524	0.04899216070771217	0.000826361938379705	0.004703179933130741	0.000424490834120661	1
eukaryotic_1842|label=1	0.20173755288124084	0.296959787607193	0.000315711775328964	0.0009005756000988185	8.63691748236306e-05	2
eukaryotic_1843|label=1	0.3696027100086212	0.061347946524620056	0.00824623741209507	0.01077224314212799	0.05003088712692261	1
eukaryotic_1844|label=1	0.0026362028438597918	0.4963376820087433	0.00038999415119178593	0.00017570621275808662	0.00046045982162468135	2
eukaryotic_1845|label=1	0.016168726608157158	0.0020271821413189173	0.39137914776802063	0.07689034193754196	0.013534585013985634	3
eukaryotic_1846|label=1	0.00040975326555781066	0.011247043497860432	0.39276617765426636	0.09353513270616531	0.0020419119391590357	3
eukaryotic_1847|label=1	0.4996609091758728	0.00016867092926986516	0.00015640625497326255	1.0470953384356108e-05	3.509792804834433e-06	1
eukaryotic_1848|label=1	0.4985584020614624	0.0014180430443957448	1.8008830011240207e-05	5.3933672461425886e-06	1.10462679003831e-07	1
eukaryotic_1849|label=1	0.4933846592903137	0.00624855188652873	0.0001461108768125996	6.769258470740169e-05	0.00015299765800591558	1
eukaryotic_1850|label=1	0.14322857558727264	0.05395740270614624	0.11560027301311493	0.01908010244369507	0.16813364624977112	5
eukaryotic_1851|label=1	0.1701061874628067	0.23081578314304352	0.07609477639198303	0.022961467504501343	2.1805772121297196e-05	2
eukaryotic_1852|label=1	0.008796686306595802	0.4906875491142273	0.00028576861950568855	0.0002298231702297926	1.933675974896687e-07	2
eukaryotic_1853|label=1	0.2666517198085785	0.18840254843235016	0.021244339644908905	0.023164793848991394	0.0005365601973608136	1
eukaryotic_1854|label=1	0.05244330316781998	0.11104470491409302	0.017431914806365967	0.020989207550883293	0.2980908453464508	5
eukaryotic_1855|label=1	0.45213583111763	0.04741891473531723	0.00028969449340365827	8.32367513794452e-05	7.232520147226751e-05	1
eukaryotic_1856|label=1	0.012104266323149204	0.4861217737197876	0.00017244448827113956	0.0009173029684461653	0.0006841924623586237	2
eukaryotic_1857|label=1	0.0007949603023007512	0.49895042181015015	0.00012045851326547563	0.00013403061893768609	1.9684706842326705e-07	2
eukaryotic_1858|label=1	0.009665128774940968	0.4812997579574585	0.005365503951907158	0.00357345980592072	9.615960880182683e-05	2
eukaryotic_1859|label=1	0.043545302003622055	0.13436242938041687	0.29035642743110657	0.018679030239582062	0.013056796044111252	3
eukaryotic_1860|label=1	0.03725433722138405	0.40026575326919556	0.04728349298238754	0.01108996570110321	0.004106496926397085	2
eukaryotic_1861|label=1	0.05169971287250519	0.4099366366863251	0.003640849841758609	0.0346791036427021	4.370582246338017e-05	2
eukaryotic_1862|label=1	0.25398534536361694	0.2028653621673584	0.042506538331508636	0.0005971155478619039	4.562976027955301e-05	1
eukaryotic_1863|label=1	0.4449571371078491	0.04438250511884689	0.0029107872396707535	0.001085233292542398	0.006664383690804243	1
eukaryotic_1864|label=1	0.09097340703010559	0.23520755767822266	0.06494783610105515	0.10537858307361603	0.003492585849016905	2
eukaryotic_1865|label=1	0.4965108335018158	0.0034728613682091236	7.913358786026947e-06	8.405286280321889e-06	9.497211905795666e-09	1
eukaryotic_1866|label=1	0.22747071087360382	0.000667031854391098	0.03714684024453163	0.23397645354270935	0.0007389801321551204	4
eukaryotic_1867|label=1	2.3085809516487643e-05	0.0007458209875039756	0.4827680289745331	0.016428031027317047	3.496290810289793e-05	3
eukaryotic_1868|label=1	0.49656784534454346	0.0010547166457399726	0.0012737776851281524	0.0002773585438262671	0.0008262892952188849	1
eukaryotic_1869|label=1	0.46491533517837524	0.0056862798519432545	0.02086964063346386	0.0017490246100351214	0.006779728922992945	1
eukaryotic_1870|label=1	0.0019702964928001165	0.29467934370040894	0.16232667863368988	0.04024369642138481	0.00077998818596825	2
eukaryotic_1871|label=1	0.04817936569452286	0.00024996980209834874	0.03128921613097191	0.11444765329360962	0.3058337867259979	5
eukaryotic_1872|label=1	0.126426100730896	0.05283555015921593	0.0769040510058403	0.2002805769443512	0.04355369880795479	4
eukaryotic_1873|label=1	0.10102016478776932	0.0008954192162491381	0.09140406548976898	0.29723405838012695	0.009446279145777225	4
eukaryotic_1874|label=1	0.00036546445335261524	0.49000418186187744	0.00258649792522192	0.001192355528473854	0.005851514637470245	2
eukaryotic_1875|label=1	0.12010984867811203	0.26350197196006775	0.11127150058746338	0.001052095671184361	0.004064579494297504	2
eukaryotic_1876|label=1	0.2953125536441803	0.08647871017456055	0.06726071983575821	0.04303651675581932	0.00791152473539114	1
eukaryotic_1877|label=1	0.14139273762702942	0.35603177547454834	0.0018824954750016332	0.000682633020915091	1.0366293281549588e-05	2
eukaryotic_1878|label=1	0.190593421459198	0.1719217151403427	0.11184069514274597	0.025377990677952766	0.0002661724283825606	1
eukaryotic_1879|label=1	0.0015235432656481862	0.01563134416937828	0.4102832078933716	0.050723861902952194	0.02183804102241993	3
eukaryotic_1880|label=1	0.05788198858499527	0.44205155968666077	1.875416091934312e-05	2.9623219234053977e-05	1.8088874639943242e-05	2
eukaryotic_1881|label=1	0.401325523853302	0.013606804423034191	0.030307739973068237	0.05381938815116882	0.0009405057062394917	1
eukaryotic_1882|label=1	0.49904945492744446	0.0009504472254775465	9.236354969743843e-08	1.907611668627851e-08	8.907841575478415e-09	1
eukaryotic_1883|label=1	0.004730019252747297	0.20912478864192963	0.011603000573813915	0.22908270359039307	0.045459527522325516	4
eukaryotic_1884|label=1	0.4835427403450012	0.016125040128827095	0.00019727788458112627	7.96763488324359e-05	5.530589623958804e-05	1
eukaryotic_1885|label=1	0.4828677773475647	0.0033756152261048555	0.003955597523599863	0.009749307297170162	5.1613500545499846e-05	1
eukaryotic_1886|label=1	0.3613954484462738	0.13857296109199524	1.1856192941195332e-05	1.661749047343619e-05	3.108144710495253e-06	1
eukaryotic_1887|label=1	0.4996218681335449	0.0003781535488087684	5.816219728060901e-10	8.653890049004076e-09	1.297975282810171e-09	1
eukaryotic_1888|label=1	0.014854335226118565	0.48514115810394287	1.4123163794010907e-07	2.2239069039642345e-06	2.2254705527302576e-06	2
eukaryotic_1889|label=1	0.49687492847442627	0.00312490644864738	1.523050485729982e-08	7.243077249086127e-08	1.29922355540657e-07	1
eukaryotic_1890|label=1	0.49991947412490845	7.633132190676406e-05	1.7221439065906452e-06	3.834086044207652e-07	2.0745580968650756e-06	1
eukaryotic_1891|label=1	0.2781195640563965	0.22187982499599457	9.543420276258985e-09	8.76233343660715e-08	5.244835392659297e-07	1
eukaryotic_1892|label=1	0.48256316781044006	0.0014008916914463043	0.015487603843212128	0.0005281419144012034	2.0190796931274235e-05	1
eukaryotic_1893|label=1	0.4998719394207001	4.242587965563871e-05	1.960491317731794e-05	6.603332440136e-05	8.883890068034361e-09	1
eukaryotic_1894|label=1	0.2371324598789215	1.886147219920531e-05	0.15460257232189178	0.1066795140504837	0.0015666316030547023	1
eukaryotic_1895|label=1	0.001437469618394971	0.010147275403141975	0.007678749971091747	0.1821679025888443	0.29856860637664795	5
eukaryotic_1896|label=1	0.49327999353408813	0.0016346712363883853	0.0008768233237788081	0.003968771547079086	0.0002397609205218032	1
eukaryotic_1897|label=1	0.49734237790107727	0.0025445998180657625	8.704323408892378e-05	2.5891009499900974e-05	1.161651539405284e-07	1
eukaryotic_1898|label=1	0.07034283131361008	0.0420147180557251	0.3602212071418762	0.026695331558585167	0.0007259256672114134	3
eukaryotic_1899|label=1	0.03710880130529404	0.004372814670205116	0.3451906740665436	0.11291560530662537	0.00041210732888430357	3
eukaryotic_1900|label=1	0.010536649264395237	0.12690216302871704	0.33211860060691833	0.020999906584620476	0.009442645125091076	3
eukaryotic_1901|label=1	0.11274576932191849	0.2134774625301361	0.11338070034980774	0.04860645532608032	0.011789558455348015	2
eukaryotic_1902|label=1	0.09073846787214279	0.35175013542175293	0.020373938605189323	0.03664456307888031	0.00049291190225631	2
eukaryotic_1903|label=1	0.3647247552871704	0.10903048515319824	0.002880668267607689	0.0040342980064451694	0.019329790025949478	1
eukaryotic_1904|label=1	0.25176340341567993	0.2159828096628189	0.005241616629064083	0.0261787511408329	0.0008333807927556336	1
eukaryotic_1905|label=1	0.4114764630794525	0.0047881826758384705	0.03297129645943642	0.017082104459404945	0.03368191793560982	1
eukaryotic_1906|label=1	0.004571777768433094	0.23961897194385529	0.03377680480480194	0.2211962193250656	0.0008362861117348075	2
eukaryotic_1907|label=1	0.4027172327041626	0.09456838667392731	0.0002043652639258653	0.0009458364802412689	0.0015641682548448443	1
eukaryotic_1908|label=1	0.40185660123825073	0.09798137843608856	0.00010198964446317405	4.7197936510201544e-05	1.2841154784837272e-05	1
eukaryotic_1909|label=1	0.042346030473709106	0.1483638435602188	0.08680533617734909	0.1799233853816986	0.04256141930818558	4
eukaryotic_1910|label=1	0.23234370350837708	0.2675341069698334	6.577340172952972e-06	1.5670780157961417e-06	0.00011404156248318031	2
eukaryotic_1911|label=1	0.043731968849897385	0.08869986981153488	0.33533036708831787	0.028801066800951958	0.003436786588281393	3
eukaryotic_1912|label=1	6.603074143640697e-05	0.49992579221725464	4.6363220462808385e-07	1.0463024580076308e-07	7.577558335469803e-06	2
eukaryotic_1913|label=1	0.01562471967190504	0.48130857944488525	0.0007782333414070308	0.000985562801361084	0.0013029264518991113	2
eukaryotic_1914|label=1	0.45569369196891785	0.04348472133278847	0.000748589402064681	4.244608135195449e-05	3.058891888940707e-05	1
eukaryotic_1915|label=1	0.01969870738685131	0.04852467030286789	0.03360644727945328	0.015258854255080223	0.3829112946987152	5
eukaryotic_1916|label=1	0.002223666524514556	0.01761086843907833	0.4589405953884125	0.0018151502590626478	0.01940966211259365	3
eukaryotic_1917|label=1	0.09240318834781647	0.0520905926823616	0.07879546284675598	0.038511086255311966	0.23819966614246368	5
eukaryotic_1918|label=1	0.018682898953557014	0.04811710864305496	0.42471805214881897	0.004929663613438606	0.003552278270944953	3
eukaryotic_1919|label=1	0.45358651876449585	0.04457773640751839	0.00021867695613764226	0.0013926124665886164	0.0002244513452751562	1
eukaryotic_1920|label=1	0.4997943937778473	0.00020111232879571617	4.55746715033456e-07	4.2708921910161735e-07	3.6410585835255915e-06	1
eukaryotic_1921|label=1	0.4995945394039154	0.0004004586662631482	1.1189354154339526e-06	1.6524513739568647e-06	2.179019475079258e-06	1
eukaryotic_1922|label=1	0.4998026192188263	0.00018758287478704005	4.087723937118426e-07	8.558249646739569e-06	8.140697786984674e-07	1
eukaryotic_1923|label=1	0.49131494760513306	0.0052103083580732346	0.0029755670111626387	0.0004313838726375252	6.782705895602703e-05	1
eukaryotic_1924|label=1	0.3805979788303375	0.00559697300195694	0.003926715813577175	0.00955302082002163	0.10032530874013901	1
eukaryotic_1925|label=1	0.031583648175001144	0.46592745184898376	8.533798973076046e-05	3.8959289668127894e-05	0.002364673186093569	2
eukaryotic_1926|label=1	0.004699809942394495	0.494965136051178	2.690474275368615e-06	0.00024400097026955336	8.830172009766102e-05	2
eukaryotic_1927|label=1	0.08848508447408676	0.04621133208274841	0.04023755341768265	0.004037124570459127	0.3210289180278778	5
eukaryotic_1928|label=1	0.0022587161511182785	0.49106815457344055	0.0057503352873027325	0.0005805644323118031	0.00034230900928378105	2
eukaryotic_1929|label=1	0.4017449915409088	0.09795775264501572	6.105241027398733e-06	0.00017762869538273662	0.00011352878209436312	1
eukaryotic_1930|label=1	0.017713677138090134	0.48120588064193726	0.0009503713808953762	8.616720151621848e-05	4.391749098431319e-05	2
eukaryotic_1931|label=1	0.2536602020263672	0.24598486721515656	0.00019875753787346184	0.00012250294093973935	3.368328179931268e-05	1
eukaryotic_1932|label=1	0.28933271765708923	0.001031308202072978	0.0067256842739880085	0.2028467357158661	6.356192898238078e-05	1
eukaryotic_1933|label=1	0.4893379509449005	0.007768569979816675	0.00034719493123702705	0.0008915555663406849	0.0016547024715691805	1
eukaryotic_1934|label=1	0.11023934930562973	0.00014908656885381788	0.004298777785152197	0.2099611759185791	0.17535164952278137	4
eukaryotic_1935|label=1	0.003322488395497203	0.046495478600263596	0.035053662955760956	0.07818187028169632	0.3369465172290802	5
eukaryotic_1936|label=1	0.38704580068588257	0.002735079498961568	0.007872792892158031	0.08252542465925217	0.019820842891931534	1
eukaryotic_1937|label=1	0.1903906613588333	0.003006089711561799	0.013873088173568249	0.29198482632637024	0.0007453444413840771	4
eukaryotic_1938|label=1	0.11681102961301804	0.3830607831478119	5.868762673344463e-05	3.1381307053379714e-05	3.819678022409789e-05	2
eukaryotic_1939|label=1	0.00859745591878891	0.029885223135352135	0.01896304450929165	0.4330021142959595	0.009552160277962685	4
eukaryotic_1940|label=1	0.4708978831768036	0.0007222912390716374	0.02014262042939663	0.008049561642110348	0.00018768152222037315	1
eukaryotic_1941|label=1	0.19508053362369537	0.2861567437648773	0.003974626772105694	0.009730218909680843	0.005057874135673046	2
eukaryotic_1942|label=1	0.016203802078962326	0.16006727516651154	0.29799944162368774	0.009095583111047745	0.016633901745080948	3
eukaryotic_1943|label=1	0.14023342728614807	0.28831756114959717	0.0708799660205841	0.000524391420185566	4.465429810807109e-05	2
eukaryotic_1944|label=1	0.4329908490180969	0.002592290984466672	0.06085820868611336	0.003345944918692112	0.00021269163698889315	1
eukaryotic_1945|label=1	0.27062907814979553	0.1705687791109085	0.0037753614597022533	0.05462579056620598	0.0004009971162304282	1
eukaryotic_1946|label=1	0.3816198408603668	0.11619580537080765	0.00028027105145156384	2.462903103150893e-05	0.0018794171046465635	1
eukaryotic_1947|label=1	0.3168684244155884	0.18129688501358032	0.0011164468014612794	0.00044729458750225604	0.00027100552688352764	1
eukaryotic_1948|label=1	0.489031046628952	0.009812921285629272	5.90937452216167e-05	0.0004581497050821781	0.0006387708126567304	1
eukaryotic_1949|label=1	0.00643084617331624	0.49287572503089905	0.0003409688360989094	3.4759952541207895e-05	0.0003176859172526747	2
eukaryotic_1950|label=1	0.009514816105365753	0.19837604463100433	0.28391748666763306	0.006950952112674713	0.0012407108442857862	3
eukaryotic_1951|label=1	0.0033592074178159237	0.004964662250131369	0.4110356271266937	0.08032070845365524	0.00031983607914298773	3
eukaryotic_1952|label=1	0.20861338078975677	0.0053446292877197266	0.20528846979141235	0.08040634542703629	0.00034718529786914587	1
eukaryotic_1953|label=1	0.4983431398868561	0.0014380422653630376	4.7290875954786316e-05	2.9551541956607252e-05	0.00014196459960658103	1
eukaryotic_1954|label=1	0.0247522983700037	0.29621216654777527	0.0007646131562069058	0.00013825175119563937	0.17813266813755035	2
eukaryotic_1955|label=1	0.4687860608100891	0.024226419627666473	0.00035174679942429066	0.006479407195001841	0.00015636783791705966	1
eukaryotic_1956|label=1	0.041776303201913834	0.4580635130405426	7.528947026003152e-05	8.260142931248993e-05	2.2229446585697588e-06	2
eukaryotic_1957|label=1	0.2228538990020752	0.2724795639514923	0.0013154015177860856	0.00016892568964976817	0.003182182088494301	2
eukaryotic_1958|label=1	0.4135003983974457	0.06981737166643143	0.000361764949047938	0.01604091189801693	0.00027957148267887533	1
eukaryotic_1959|label=1	0.006643534172326326	0.4933086037635803	2.1538910004892386e-05	1.5077233911142685e-05	1.1314619769109413e-05	2
eukaryotic_1960|label=1	0.02632601000368595	0.0017129991902038455	0.3139715790748596	0.15736490488052368	0.0006244966643862426	3
eukaryotic_1961|label=1	0.10096663236618042	0.39702650904655457	0.001436193473637104	0.0004923740052618086	7.828162051737309e-05	2
eukaryotic_1962|label=1	0.4989520311355591	0.0010475001763552427	9.754077012757989e-08	3.003063682172069e-07	3.5598294090277705e-08	1
eukaryotic_1963|label=1	0.4264487624168396	0.07291099429130554	0.00030757614877074957	7.341698074014857e-05	0.0002592895762063563	1
eukaryotic_1964|label=1	0.0004964477848261595	0.12622055411338806	0.3701184093952179	0.0030440015252679586	0.00012058418360538781	3
eukaryotic_1965|label=1	0.021668460220098495	0.30969396233558655	0.16538040339946747	0.0030403370037674904	0.00021685261162929237	2
eukaryotic_1966|label=1	0.3443073630332947	0.15537042915821075	2.9922272005933337e-05	9.88807441899553e-05	0.00019339675782248378	1
eukaryotic_1967|label=1	0.08869180828332901	0.4012320637702942	0.0028700039256364107	0.0071442811749875546	6.184056110214442e-05	2
eukaryotic_1968|label=1	0.11141025274991989	0.3885728716850281	1.0945221220026724e-05	4.728678050014423e-06	1.2288352309042239e-06	2
eukaryotic_1969|label=1	0.06025026738643646	0.06037358567118645	0.29718464612960815	0.07340366393327713	0.008787844330072403	3
eukaryotic_1970|label=1	0.2071814388036728	0.25796985626220703	0.011985225602984428	0.01605239510536194	0.006811108440160751	2
eukaryotic_1971|label=1	0.3712294399738312	0.014224697835743427	0.031470827758312225	0.08005523681640625	0.0030197896994650364	1
eukaryotic_1972|label=1	0.005089779384434223	0.4435044825077057	0.011900035664439201	0.005004930309951305	0.03450077027082443	2
eukaryotic_1973|label=1	0.0006446649204008281	0.46488243341445923	0.00019825667550321668	0.030941851437091827	0.0033327846322208643	2
eukaryotic_1974|label=1	0.06671466678380966	0.0534023679792881	0.2568729817867279	0.12230022251605988	0.0007097648922353983	3
eukaryotic_1975|label=1	0.48411598801612854	0.01137529406696558	0.0017793189035728574	0.002034079981967807	0.0006953636766411364	1
eukaryotic_1976|label=1	0.49966856837272644	0.0002536647953093052	3.683667273435276e-07	1.8722957975114696e-05	5.8673325838753954e-05	1
eukaryotic_1977|label=1	0.4687850773334503	0.031204210594296455	1.3049721303559636e-07	3.737160795935779e-06	6.879606189613696e-06	1
eukaryotic_1978|label=1	0.015746155753731728	0.017499908804893494	0.05624666437506676	0.4105052649974823	2.0290583506721305e-06	4
eukaryotic_1979|label=1	0.2763065695762634	0.1642310619354248	0.00573914498090744	0.05318465828895569	0.0005385872209444642	1
eukaryotic_1980|label=1	0.35352852940559387	0.10746415704488754	0.015483180992305279	0.01478163804858923	0.008742451667785645	1
eukaryotic_1981|label=1	0.4074511229991913	0.0025463253259658813	0.0012251944281160831	0.07817342877388	0.01060393825173378	1
eukaryotic_1982|label=1	0.00929054245352745	0.002043397631496191	0.0018144005443900824	0.010183529928326607	0.4766681492328644	5
eukaryotic_1983|label=1	0.22064605355262756	0.003174991812556982	0.08154191821813583	0.09858866780996323	0.09604841470718384	1
eukaryotic_1984|label=1	0.4999757409095764	1.6045021766331047e-05	1.0417048770250403e-06	5.664994205289986e-06	1.5519922271778341e-06	1
eukaryotic_1985|label=1	0.4966375231742859	0.0004913315060548484	3.7320933188311756e-05	0.0003003994934260845	0.0025334719102829695	1
eukaryotic_1986|label=1	0.026457607746124268	0.0034208749420940876	0.008151605725288391	0.44648632407188416	0.015483643859624863	4
eukaryotic_1987|label=1	0.4949694871902466	1.3544789908337407e-05	0.00042179683805443347	0.004451041109859943	0.00014416215708479285	1
eukaryotic_1988|label=1	0.49855372309684753	6.498249422293156e-05	0.00038729768129996955	0.0008104496519081295	0.00018352225015405566	1
eukaryotic_1989|label=1	0.3530849814414978	0.06638241559267044	0.030421923846006393	0.04963044449687004	0.0004802460898645222	1
eukaryotic_1990|label=1	0.11062163859605789	0.1664087474346161	0.04322969168424606	0.04366593807935715	0.13607394695281982	2
eukaryotic_1991|label=1	0.4673738479614258	0.03076976165175438	0.0016860972391441464	0.00012019537825835869	5.0068301788996905e-05	1
eukaryotic_1992|label=1	0.005354605615139008	0.4940122663974762	6.903342728037387e-05	0.0005617162096314132	2.436715476505924e-06	2
eukaryotic_1993|label=1	4.4250438804738224e-05	0.4999520778656006	2.345001576031791e-06	8.071205570558959e-07	5.359074179978052e-07	2
eukaryotic_1994|label=1	0.026827476918697357	0.28396573662757874	0.11270491778850555	0.07630599290132523	0.00019590456213336438	2
eukaryotic_1995|label=1	0.16740600764751434	0.18236009776592255	0.012352494522929192	0.11624258011579514	0.02163882739841938	2
eukaryotic_1996|label=1	0.3890305459499359	0.09816160053014755	0.0014539670664817095	0.006030541844666004	0.005323302466422319	1
eukaryotic_1997|label=1	0.16719646751880646	0.2528304159641266	0.0343751460313797	0.03924752399325371	0.006350451149046421	2
eukaryotic_1998|label=1	0.17019270360469818	0.31822800636291504	0.009157875552773476	0.0011664314661175013	0.001254991046153009	2
eukaryotic_1999|label=1	0.05208556354045868	0.4402492940425873	0.004017254337668419	0.0024252638686448336	0.001222557737492025	2
virus_0|label=2	0.004182621371001005	0.4674023985862732	0.01242385245859623	0.01413667481392622	0.0018544241320341825	2
virus_1|label=2	2.6080610950884875e-06	0.49839234352111816	0.0003396750835236162	9.872676309896633e-05	0.0011666329810395837	2
virus_2|label=2	7.5501511673792265e-06	0.499103844165802	0.00015088843065313995	0.00018166890367865562	0.0005560675053857267	2
virus_3|label=2	2.8330838176771067e-05	0.4840366542339325	0.014960035681724548	0.0009504559566266835	2.4503406166331843e-05	2
virus_4|label=2	1.333664613412111e-06	0.4999031126499176	1.0104219654749613e-05	2.280132866872009e-05	6.263262912398204e-05	2
virus_5|label=2	0.06316369026899338	0.4182456433773041	0.0008007311844266951	0.0010888541582971811	0.01670110411942005	2
virus_6|label=2	0.4507511556148529	0.04910808429121971	2.32699193247754e-08	1.282989387618727e-06	0.0001394390274072066	1
virus_7|label=2	5.88707989663817e-05	0.46925872564315796	0.0012332308106124401	0.0006779794348403811	0.02877119742333889	2
virus_8|label=2	3.0924848033464514e-06	0.4999889135360718	4.34674234384147e-07	5.529088412004057e-06	2.030882342296536e-06	2
virus_9|label=2	0.34174445271492004	0.15291808545589447	0.0033960307482630014	0.0018229549750685692	0.00011850101145682856	1
virus_10|label=2	1.920019485623925e-06	0.4998549520969391	9.352716574539954e-07	0.0001137852668762207	2.8337388357613236e-05	2
virus_11|label=2	0.00027186685474589467	0.49927037954330444	8.4418679762166e-06	3.0215984224923886e-05	0.00041908654384315014	2
virus_12|label=2	0.002259019762277603	0.4967363476753235	0.00017267621296923608	0.0004814696148969233	0.00035052388557232916	2
virus_13|label=2	0.00027622177731245756	0.4989713132381439	0.000143408338772133	5.634980698232539e-05	0.0005526841850951314	2
virus_14|label=2	8.783127850620076e-05	0.3884153962135315	0.04119332134723663	0.05113308131694794	0.01917041279375553	2
virus_15|label=2	2.5812337298702914e-06	0.49997198581695557	3.906462353597817e-08	8.601011813880177e-08	2.5317416657344438e-05	2
virus_16|label=2	4.24157697125338e-05	0.49919456243515015	2.959092398668872e-06	2.606683483463712e-05	0.0007339787553064525	2
virus_17|label=2	0.021140098571777344	0.4699760973453522	1.3412504813459236e-05	9.22333201742731e-05	0.008778205141425133	2
virus_18|label=2	0.04240624979138374	0.44885772466659546	0.0005730392877012491	0.0028594695031642914	0.005303503945469856	2
virus_19|label=2	4.7989531594794244e-05	0.0809037834405899	0.08249498158693314	0.008155048824846745	0.3283982276916504	5
virus_20|label=2	0.01741517335176468	0.10247429460287094	0.26388272643089294	0.051745057106018066	0.06448271125555038	3
virus_21|label=2	0.0002773678570520133	0.4954293668270111	0.003634678665548563	0.0003986912197433412	0.0002599499421194196	2
virus_22|label=2	1.16347700895858e-06	0.49961423873901367	8.979428685051971e-07	5.005410002922872e-06	0.0003786633023992181	2
virus_23|label=2	1.549113562759885e-06	0.49701839685440063	0.0007267341716215014	0.00015093499678187072	0.0021023896988481283	2
virus_24|label=2	2.8916603696416132e-05	0.428666353225708	0.01870001293718815	0.0071245539002120495	0.04548018053174019	2
virus_25|label=2	0.13116846978664398	0.2599122226238251	0.007806043606251478	0.0018759288359433413	0.0992373675107956	2
virus_26|label=2	0.002471048152074218	0.48567378520965576	0.006726060062646866	0.004590692929923534	0.0005384584655985236	2
virus_27|label=2	4.6914356062188745e-06	0.4833386540412903	0.00025988637935370207	0.00039711021236144006	0.015999704599380493	2
virus_28|label=2	0.015942035242915154	0.4432559907436371	0.00045953664812259376	0.0003418089763727039	0.040000565350055695	2
virus_29|label=2	0.0020330119878053665	0.49252811074256897	0.0017238389700651169	0.003560293698683381	0.00015474046813324094	2
virus_30|label=2	0.0005750953569076955	0.4457866847515106	0.007338167633861303	0.019598813727498055	0.02670126035809517	2
virus_31|label=2	0.002498483983799815	0.49513885378837585	9.249686991097406e-05	0.0021244557574391365	0.0001457175676478073	2
virus_32|label=2	1.6189636880881153e-05	0.49862271547317505	0.0009069909574463964	0.00038331907126121223	7.080452633090317e-05	2
virus_33|label=2	0.0006289947195909917	0.4993591904640198	4.42354036067627e-07	2.720274778766907e-06	8.696863915247377e-06	2
virus_34|label=2	7.115062089724233e-06	0.4998842179775238	7.346394795604283e-06	1.4986459063948132e-05	8.639472798677161e-05	2
virus_35|label=2	3.47605890738123e-07	0.49990424513816833	1.1863119198096683e-06	1.2997423255001195e-05	8.12276266515255e-05	2
virus_36|label=2	2.676755320862867e-05	0.48739093542099	0.001442199107259512	0.003570721484720707	0.007569374982267618	2
virus_37|label=2	0.001666615717113018	0.2716864049434662	0.004643148276954889	0.009600373916327953	0.21240343153476715	2
virus_38|label=2	0.020794803276658058	0.09110130369663239	0.2812018394470215	0.10666979104280472	0.00023226645134855062	3
virus_39|label=2	2.5488600385870086e-06	0.499440461397171	7.532333256676793e-05	0.0003067098732572049	0.0001749159855535254	2
virus_40|label=2	0.0003502048784866929	0.4720785319805145	0.023861205205321312	0.0012184884399175644	0.002491545397788286	2
virus_41|label=2	0.0011993813095614314	0.26277104020118713	0.06758066266775131	0.0015147654339671135	0.16693411767482758	2
virus_42|label=2	5.146659077581717e-06	0.4999784827232361	8.431143072584746e-08	9.272993338527158e-06	7.030665074125864e-06	2
virus_43|label=2	3.0294959287857637e-05	0.49957478046417236	3.318616336400737e-06	3.466776661298354e-06	0.000388132146326825	2
virus_44|label=2	0.001672529149800539	0.3770134747028351	2.632517680467572e-05	7.739428838249296e-05	0.1212102621793747	2
virus_45|label=2	2.3146523744799197e-05	0.49686160683631897	0.0018617602763697505	0.0007200854597613215	0.0005334487650543451	2
virus_46|label=2	1.9150971297676733e-07	0.4993303418159485	9.408323239767924e-05	3.3550892112543806e-05	0.0005418125074356794	2
virus_47|label=2	0.0002549457421991974	0.4968743324279785	0.0001066119730239734	0.002390621230006218	0.00037350767524912953	2
virus_48|label=2	0.001231290982104838	0.49731460213661194	0.0005174013203941286	0.0002981765428557992	0.0006385361775755882	2
virus_49|label=2	7.518025540775852e-06	0.4996933937072754	4.332948083174415e-05	0.0002278146130265668	2.801528898999095e-05	2
virus_50|label=2	3.938198389619174e-08	0.4999949336051941	3.042866936198152e-08	2.1212119349911518e-07	4.70983422928839e-06	2
virus_51|label=2	8.152532160465853e-08	0.49999940395355225	3.508487722569953e-08	3.081220256717643e-07	1.8827542191957036e-07	2
virus_52|label=2	0.00023969542235136032	0.006359952501952648	0.022662656381726265	0.001390682766214013	0.4693470001220703	5
virus_53|label=2	0.008080746978521347	0.29423239827156067	0.0747983306646347	0.1169268935918808	0.0059616719372570515	2
virus_54|label=2	0.0007012514979578555	0.38618358969688416	0.07269740849733353	0.039130110293626785	0.0012876511318609118	2
virus_55|label=2	3.754892532015219e-05	0.49889296293258667	0.0005407718708738685	0.00013640851830132306	0.0003922800242435187	2
virus_56|label=2	6.346387817757204e-05	0.49990788102149963	3.3994797377090435e-06	1.3264455446915235e-05	1.199485814140644e-05	2
virus_57|label=2	0.010898252949118614	0.345049649477005	0.09424948692321777	0.0143750524148345	0.03542758896946907	2
virus_58|label=2	4.1796771256485954e-05	0.4990873336791992	4.442993304110132e-05	0.00023604201851412654	0.0005903665442019701	2
virus_59|label=2	7.672826177440584e-05	0.38224974274635315	0.0011737605091184378	0.001625606557354331	0.11487413942813873	2
virus_60|label=2	9.414601663593203e-05	0.4998660981655121	5.77485843678005e-06	3.206993278581649e-05	1.896963453873468e-06	2
virus_61|label=2	5.3589860726788174e-06	0.37477946281433105	0.0008000378147698939	0.0041411095298826694	0.12027397751808167	2
virus_62|label=2	5.201902604312636e-05	0.4998854100704193	4.79455707136367e-07	3.2864968488865998e-06	5.8825607993640006e-05	2
virus_63|label=2	0.0023054329212754965	0.4967590272426605	3.9804097468731925e-05	3.183790249750018e-05	0.0008638582658022642	2
virus_64|label=2	8.397249075642321e-06	0.4395562410354614	0.00255448161624372	0.002734491601586342	0.05514642596244812	2
virus_65|label=2	0.011079054325819016	0.45167896151542664	0.01021099928766489	0.023800071328878403	0.0032309049274772406	2
virus_66|label=2	0.00019561754015740007	0.4871533215045929	0.00015977025032043457	0.0010396989528089762	0.011451641097664833	2
virus_67|label=2	2.547573603806086e-05	0.49833810329437256	0.0010760320583358407	0.00032530465978197753	0.00023507002333644778	2
virus_68|label=2	0.002104978309944272	0.2637125551700592	0.006932399235665798	0.00015056210395414382	0.2270994782447815	2
virus_69|label=2	3.282122662540132e-08	0.4999963045120239	4.976489886843183e-09	4.466918923640151e-08	3.5525019939086633e-06	2
virus_70|label=2	4.9948615924222395e-05	0.4992385804653168	0.00016705141752026975	0.00034355989191681147	0.00020087046141270548	2
virus_71|label=2	0.00023521159891970456	0.42590492963790894	0.005679574329406023	0.0012710060691460967	0.06690926849842072	2
virus_72|label=2	9.092451591641293e-07	0.44919225573539734	6.103699433879228e-06	5.94905941397883e-05	0.050741225481033325	2
virus_73|label=2	1.0068721678635484e-07	0.49999743700027466	7.695948767150185e-08	3.0292002861642686e-07	2.110069999616826e-06	2
virus_74|label=2	4.3649080794239126e-07	0.49986448884010315	9.45350529946154e-06	8.798197086434811e-05	3.764735083677806e-05	2
virus_75|label=2	0.0005519074620679021	0.4803529977798462	0.002718768548220396	0.0023499741218984127	0.014026368968188763	2
virus_76|label=2	0.0011069733882322907	0.4415125548839569	0.04177388921380043	0.002416929928585887	0.013189629651606083	2
virus_77|label=2	0.00011651210661511868	0.49986281991004944	3.7110723951627733e-06	5.494336164701963e-06	1.15108314275858e-05	2
virus_78|label=2	0.00010171649773837999	0.4998234510421753	8.220118616009131e-06	1.031759620673256e-05	5.627930295304395e-05	2
virus_79|label=2	1.9553053789422847e-05	0.4999575614929199	1.6264364148810273e-06	2.7090979983768193e-06	1.8567607185104862e-05	2
virus_80|label=2	0.0018908294150605798	0.4979002773761749	1.541650817671325e-05	0.00010574911721050739	8.765998063609004e-05	2
virus_81|label=2	3.0100618459982798e-05	0.025772133842110634	0.006734954193234444	0.0030931723304092884	0.46436962485313416	5
virus_82|label=2	0.00028741121059283614	0.4878147542476654	0.00028937796014361084	0.004033984150737524	0.007574457675218582	2
virus_83|label=2	0.002769793849438429	0.4878234565258026	0.00474559748545289	0.004144357983022928	0.000516885775141418	2
virus_84|label=2	0.00450610788539052	0.4349474012851715	0.03873495012521744	0.02115885354578495	0.0006526591023430228	2
virus_85|label=2	0.00021878413099329919	0.497970849275589	2.7735974072129466e-05	5.135502578923479e-05	0.00173123087733984	2
virus_86|label=2	2.757783249762724e-06	0.4726316034793854	5.4456570808270044e-08	4.204900506010745e-06	0.027361370623111725	2
virus_87|label=2	5.759421401307918e-05	0.3501724898815155	0.0017876840429380536	0.14795717597007751	2.5105871827690862e-05	2
virus_88|label=2	5.051074367656838e-06	0.4993078112602234	8.524672011844814e-05	0.0003472135285846889	0.0002546795003581792	2
virus_89|label=2	0.00027395927463658154	0.4901350140571594	0.0011880954261869192	0.005710041616111994	0.00269287615083158	2
virus_90|label=2	0.0005292235291562974	0.4573904573917389	0.004940855782479048	0.03632416948676109	0.0008152703521773219	2
virus_91|label=2	0.00027883227448910475	0.4811517894268036	0.0013209892204031348	0.01670924760401249	0.0005391553277149796	2
virus_92|label=2	0.05784644931554794	0.042273104190826416	0.2375238835811615	0.16038571298122406	0.0019709118641912937	3
virus_93|label=2	7.290784651559079e-06	0.49999022483825684	1.0300821884356992e-07	2.327230049559148e-06	8.377271853987622e-08	2
virus_94|label=2	1.5912577921994853e-08	0.4999977946281433	2.6759476856597075e-09	5.003735203956694e-09	2.218816234744736e-06	2
virus_95|label=2	2.2190919480635785e-05	0.46403205394744873	1.0571255188551731e-05	0.02206316590309143	0.013872061856091022	2
virus_96|label=2	5.326815880835056e-06	0.4999661445617676	6.007487627357477e-07	1.3681639757123776e-05	1.4242918950913008e-05	2
virus_97|label=2	0.0026009276043623686	0.47976452112197876	0.00012731354217976332	2.518507062632125e-05	0.017482081428170204	2
virus_98|label=2	3.081925751757808e-05	0.4999188184738159	1.719800457067322e-05	2.2974592866376042e-05	1.0111680239788257e-05	2
virus_99|label=2	0.0007761786109767854	0.49840429425239563	0.00010667714377632365	0.0007077533518895507	5.107393462822074e-06	2
virus_100|label=2	0.000301432068226859	0.49807092547416687	0.0013007064117118716	0.00032623845618218184	6.439648245759599e-07	2
virus_101|label=2	0.0020012189634144306	0.4979250431060791	1.1705524229910225e-05	3.4474996937206015e-05	2.755047353275586e-05	2
virus_102|label=2	0.0001016756723402068	0.49684229493141174	2.25391449930612e-05	0.00015361518308054656	0.0028797865379601717	2
virus_103|label=2	0.0015696357004344463	0.49015581607818604	0.00018951718811877072	0.007958028465509415	0.00012701239029411227	2
virus_104|label=2	0.012148703448474407	0.4877721667289734	6.422227215807652e-06	5.084531949250959e-05	2.1933674361207522e-05	2
virus_105|label=2	1.7899168597068638e-05	0.49892768263816833	7.44245553505607e-05	0.0004691351787187159	0.0005108490004204214	2
virus_106|label=2	3.655402178992517e-05	0.41804853081703186	0.002214524894952774	0.002289925003424287	0.077410489320755	2
virus_107|label=2	5.058768238086486e-06	0.4996946454048157	0.00023191784566733986	6.05446366535034e-05	7.856280717533082e-06	2
virus_108|label=2	3.323291093693115e-05	0.4995412230491638	9.333212801720947e-06	0.00028743044822476804	0.0001287636550841853	2
virus_109|label=2	0.014446701854467392	0.0150999641045928	0.38601550459861755	0.06026196479797363	0.024175845086574554	3
virus_110|label=2	0.00022239303507376462	0.4970100522041321	5.370101280277595e-05	0.0014405256370082498	0.001273373723961413	2
virus_111|label=2	0.031017491593956947	0.32455360889434814	0.006776134949177504	0.01772899180650711	0.11992376297712326	2
virus_112|label=2	2.4127519282046705e-05	0.4999625086784363	4.301780336390948e-06	2.035430497926427e-06	7.06070386513602e-06	2
virus_113|label=2	0.0002452240150887519	0.49250873923301697	4.093227835255675e-05	8.193684334401041e-05	0.007123142946511507	2
virus_114|label=2	4.405196705192793e-06	0.4999668002128601	2.3202555894386023e-06	2.1283030946506187e-06	2.43237354879966e-05	2
virus_115|label=2	2.4456689061480574e-05	0.49993860721588135	2.283830099258921e-06	3.1861778552411124e-05	2.7751286779675866e-06	2
virus_116|label=2	0.0009099955204874277	0.17272144556045532	0.23163285851478577	0.09468380361795425	5.190994488657452e-05	3
virus_117|label=2	3.6300666579336394e-06	0.4999658465385437	5.585279268416343e-06	1.3602991657535313e-06	2.3563346985611133e-05	2
virus_118|label=2	0.00042085026507265866	0.3399753272533417	0.02291973866522312	0.041559040546417236	0.09512505680322647	2
virus_119|label=2	0.00010636836668709293	0.49987444281578064	3.803171921390458e-06	1.449385945306858e-05	9.119355013353925e-07	2
virus_120|label=2	0.007838798686861992	0.2233593910932541	0.019302576780319214	0.24595852196216583	0.003540741978213191	4
virus_121|label=2	0.000361874233931303	0.4989016354084015	0.000464536075014621	0.0002447178994771093	2.7194508220418356e-05	2
virus_122|label=2	1.4240760570771727e-08	0.49997222423553467	9.772902558324859e-06	1.0126135748578236e-05	7.871027264627628e-06	2
virus_123|label=2	1.8462993693901808e-06	0.4999675750732422	8.92499247129308e-06	5.139434961165534e-06	1.651827733439859e-05	2
virus_124|label=2	0.04670167341828346	0.2377762496471405	0.06312812119722366	0.1471780240535736	0.005215901415795088	2
virus_125|label=2	0.006639208644628525	0.4861174523830414	0.0011155628599226475	0.00289352354593575	0.0032342371996492147	2
virus_126|label=2	6.981851129239658e-06	0.49928390979766846	9.896475603454746e-06	5.3972740715835243e-05	0.0006452564848586917	2
virus_127|label=2	5.547324235521955e-06	0.49759748578071594	9.456937732466031e-06	0.00011171741789439693	0.0022758066188544035	2
virus_128|label=2	0.0005339715862646699	0.4984171688556671	6.528660742333159e-05	5.103530565975234e-05	0.0009325382998213172	2
virus_129|label=2	0.01641893945634365	0.02218589559197426	0.0039610667154192924	0.001562835997901857	0.45587125420570374	5
virus_130|label=2	4.8736415919847786e-05	0.4999476671218872	5.781570777685374e-08	9.874009521126936e-08	3.3792241538321832e-06	2
virus_131|label=2	0.0040906500071287155	0.4928765594959259	0.0006247292039915919	0.00022892160632181913	0.002179137896746397	2
virus_132|label=2	0.016904477030038834	0.4830872416496277	1.319346779382613e-06	9.105016260946286e-07	6.037279945303453e-06	2
virus_133|label=2	0.00036697194445878267	0.02024230919778347	3.950187601731159e-05	0.00012140243052272126	0.47922980785369873	5
virus_134|label=2	0.00010692877549445257	0.4962209463119507	0.003241083351895213	0.00041693143430165946	1.4145234672469087e-05	2
virus_135|label=2	0.00028595959884114563	0.044532109051942825	0.047043003141880035	0.07334285974502563	0.33479607105255127	5
virus_136|label=2	0.00045912066707387567	0.4819026589393616	0.012802159413695335	0.0014565270394086838	0.0033795193303376436	2
virus_137|label=2	0.0006256792112253606	0.43538030982017517	0.052166324108839035	0.011696971021592617	0.0001307295315200463	2
virus_138|label=2	4.3393956730142236e-06	0.4990484416484833	0.0005249836249276996	0.00030712102307006717	0.000115141665446572	2
virus_139|label=2	1.5559093071715324e-06	0.4739833176136017	0.0005290717235766351	0.00045126938493922353	0.025034697726368904	2
virus_140|label=2	0.0004227774916216731	0.4965507388114929	0.00014496764924842864	0.0006584312650375068	0.0022231340408325195	2
virus_141|label=2	0.000630822207313031	0.4816651940345764	5.1060527766821906e-05	3.4957571187987924e-05	0.017617957666516304	2
virus_142|label=2	1.2048683402099414e-06	0.4995758533477783	8.187429921235889e-05	0.00024402599956374615	9.700159716885537e-05	2
virus_143|label=2	0.00038500744267366827	0.4995431900024414	2.048221358563751e-05	2.355564538447652e-05	2.7762109311879613e-05	2
virus_144|label=2	0.016521146520972252	0.48144304752349854	6.137159653007984e-05	0.00013316693366505206	0.0018412385834380984	2
virus_145|label=2	0.00013230388867668808	0.4779083728790283	0.00958581268787384	0.005601800046861172	0.006771759130060673	2
virus_146|label=2	2.79541145573603e-05	0.49428775906562805	0.002317889826372266	0.0033388612791895866	2.7590946046984755e-05	2
virus_147|label=2	8.556805255466315e-07	0.4999110996723175	1.3270416729938006e-06	1.6123103705467656e-05	7.063415978336707e-05	2
virus_148|label=2	1.3659356227435637e-05	0.49998223781585693	6.924508966221765e-08	2.9889583856856916e-06	1.0898027085204376e-06	2
virus_149|label=2	0.0003855041286442429	0.49938496947288513	0.00015727854042779654	6.09779563092161e-05	1.1250062016188167e-05	2
virus_150|label=2	2.964227263646535e-08	0.4999998211860657	1.5429990618542888e-10	8.71560157378326e-09	1.7237277916137828e-07	2
virus_151|label=2	0.004529549274593592	0.4897865056991577	0.003081363858655095	0.002137248869985342	0.00046528642997145653	2
virus_152|label=2	0.009110593236982822	0.4875112473964691	0.0008209901279769838	0.0020484128035604954	0.0005087510216981173	2
virus_153|label=2	8.044421701924875e-05	0.4985135495662689	0.00018389025353826582	9.893666720017791e-05	0.0011231888784095645	2
virus_154|label=2	0.03217988833785057	0.42628368735313416	0.007117697969079018	0.030390841886401176	0.0040279170498251915	2
virus_155|label=2	0.02995407022535801	0.3225972652435303	0.06407658010721207	0.01388960238546133	0.06948249042034149	2
virus_156|label=2	1.0256515452056192e-05	0.49903276562690735	0.00018260613433085382	0.00016543298261240125	0.0006089164526201785	2
virus_157|label=2	0.14785723388195038	0.16928203403949738	0.16111411154270172	0.011747890152037144	0.009998733177781105	2
virus_158|label=2	0.004977676551789045	0.00316768535412848	0.09029233455657959	0.16348282992839813	0.2380794882774353	5
virus_159|label=2	0.0008802453521639109	0.4965810775756836	0.0004096449993085116	0.0005196311394684017	0.0016094036400318146	2
virus_160|label=2	0.00043614389142021537	0.41218268871307373	0.07723812758922577	0.009590007364749908	0.0005530255730263889	2
virus_161|label=2	5.0112208555219695e-05	0.49962422251701355	0.00011421785166021436	0.0002072060015052557	4.231914772390155e-06	2
virus_162|label=2	0.08087841421365738	0.372225284576416	0.03802936151623726	0.003711434081196785	0.0051555270329117775	2
virus_163|label=2	4.21652748627821e-06	0.49992799758911133	1.3150617633073125e-05	2.4152444893843494e-05	3.043828473892063e-05	2
virus_164|label=2	0.002900064457207918	0.49709904193878174	5.439217716229905e-07	2.3044718489018123e-07	1.3211035820859252e-07	2
virus_165|label=2	0.00011505585280247033	0.49979302287101746	4.0470415115123615e-05	3.525464853737503e-05	1.6229352695518173e-05	2
virus_166|label=2	0.0333113968372345	0.022819221019744873	0.02214564010500908	0.39077797532081604	0.03094577230513096	4
virus_167|label=2	0.0020970627665519714	0.3341478407382965	0.11308979243040085	0.018604854121804237	0.03206043690443039	2
virus_168|label=2	0.0005800037179142237	0.49687862396240234	0.00046268902951851487	0.0017713271081447601	0.00030734017491340637	2
virus_169|label=2	0.0007566231652162969	0.40518999099731445	0.0033057902473956347	0.08599212020635605	0.0047554983757436275	2
virus_170|label=2	3.322535485494882e-05	0.4973088204860687	0.00014995083620306104	5.604279795079492e-05	0.00245203566737473	2
virus_171|label=2	1.2208091902721208e-05	0.4999426007270813	2.8944361474714242e-05	7.627092600159813e-06	8.578920642321464e-06	2
virus_172|label=2	2.4934565772127826e-06	0.49993133544921875	2.9120699309714837e-06	9.12021550902864e-06	5.411663369159214e-05	2
virus_173|label=2	0.01362501922994852	0.401201456785202	0.02643791399896145	0.054199814796447754	0.004535743035376072	2
virus_174|label=2	0.0010225250152871013	0.4777827858924866	0.0016024388605728745	0.002739137038588524	0.016853071749210358	2
virus_175|label=2	6.865426712465705e-06	0.4999210834503174	4.695526513387449e-05	2.3951177354319952e-05	1.1123105423394009e-06	2
virus_176|label=2	0.00020260154269635677	0.4272182583808899	0.006611397489905357	0.02187812142074108	0.04408961534500122	2
virus_177|label=2	0.0008098634425550699	0.49417686462402344	0.0018575902795419097	0.0024799269158393145	0.000675755029078573	2
virus_178|label=2	4.433531285030767e-05	0.4968787431716919	0.002226245356723666	0.0002112841175403446	0.0006394427036866546	2
virus_179|label=2	2.7487448051033425e-07	0.4999871253967285	3.245162005782731e-08	4.639863391275867e-07	1.2020260328426957e-05	2
virus_180|label=2	0.0012483734171837568	0.4759409725666046	0.020964963361620903	0.0017855038167908788	6.0218411817913875e-05	2
virus_181|label=2	0.0008545436430722475	0.49576976895332336	0.0012217889307066798	0.0008850651793181896	0.0012688224669545889	2
virus_182|label=2	0.004156262613832951	0.3939187526702881	0.0019998233765363693	0.09975281357765198	0.00017230834055226296	2
virus_183|label=2	8.425727315852782e-08	0.49998146295547485	7.028210120552103e-07	5.639534720103256e-06	1.2084927220712416e-05	2
virus_184|label=2	1.4475923308054917e-05	0.49998486042022705	1.2887768718883308e-07	5.635000661641243e-07	1.2451024211657113e-08	2
virus_185|label=2	6.584764196304604e-05	0.4897237718105316	1.4489492969005369e-05	7.083119999151677e-05	0.01012505404651165	2
virus_186|label=2	0.014166735112667084	0.4855898320674896	8.469522435916588e-05	5.2039220463484526e-05	0.00010669683251762763	2
virus_187|label=2	1.0338751053495798e-05	0.49997395277023315	3.609282202887698e-06	8.766931387071963e-06	3.347304300405085e-06	2
virus_188|label=2	3.8401136407628655e-05	0.4998680651187897	6.247617420740426e-05	4.859377440880053e-06	2.623099135234952e-05	2
virus_189|label=2	6.874287919345079e-06	0.4991905093193054	1.001829696178902e-05	0.0006247445708140731	0.00016786028572823852	2
virus_190|label=2	2.7980999220744707e-05	0.41753923892974854	0.07032059133052826	0.002801127964630723	0.009311070665717125	2
virus_191|label=2	0.006208630278706551	0.476084440946579	0.014400084502995014	0.0031443454790860415	0.00016245906590484083	2
virus_192|label=2	2.58778909483226e-05	0.49987760186195374	3.796882765527698e-06	7.264953455887735e-05	2.0091927581233904e-05	2
virus_193|label=2	1.8318471120437607e-05	0.49698466062545776	0.0024276585318148136	0.00020335891167633235	0.0003660678630694747	2
virus_194|label=2	0.11316769570112228	0.22136160731315613	0.03724115341901779	0.008429964073002338	0.11979955434799194	2
virus_195|label=2	0.003688900964334607	0.4197123348712921	0.02118370123207569	0.05465744808316231	0.0007576672942377627	2
virus_196|label=2	0.001288645202293992	0.47360771894454956	0.013276301324367523	0.011765390634536743	6.194553134264424e-05	2
virus_197|label=2	0.000156433874508366	0.49943041801452637	8.401505328947678e-05	8.8860047981143e-05	0.00024024541198741645	2
virus_198|label=2	4.992216986465792e-07	0.4999006688594818	5.846006843057694e-07	1.424577249053982e-06	9.681210212875158e-05	2
virus_199|label=2	5.9071910072816536e-05	0.48860660195350647	0.006063978187739849	0.0052528977394104	1.7460324670537375e-05	2
virus_200|label=2	0.002899502869695425	0.352954626083374	0.03837204352021217	0.04853229224681854	0.05724151432514191	2
virus_201|label=2	0.03429561108350754	0.40726831555366516	0.01850302703678608	0.0328955240547657	0.007037595380097628	2
virus_202|label=2	0.0013547104317694902	0.496574729681015	0.0003635357425082475	0.00045965370372869074	0.001247386448085308	2
virus_203|label=2	2.4495624529663473e-05	0.004765709396451712	0.02837202325463295	0.04562075436115265	0.42121702432632446	5
virus_204|label=2	3.184502566000447e-05	0.4943646490573883	0.00012448312190826982	0.0035739392042160034	0.0019051340641453862	2
virus_205|label=2	1.3376112292462494e-05	0.09861487150192261	0.005313140340149403	0.004050560295581818	0.39200806617736816	5
virus_206|label=2	0.03199286013841629	0.4306963086128235	0.00024383646086789668	0.0002696510055102408	0.03679737448692322	2
virus_207|label=2	0.11125192046165466	0.3851095736026764	0.00011956693197134882	0.0007329648360610008	0.0027859648689627647	2
virus_208|label=2	1.3907540960644837e-05	0.4999851584434509	1.9915268012482557e-07	6.407573209799011e-07	9.661283684181399e-08	2
virus_209|label=2	0.000204713738639839	0.4324529767036438	0.05561539903283119	0.004037114325910807	0.007689749356359243	2
virus_210|label=2	5.725830760638928e-06	0.49692195653915405	0.00026956500369124115	8.069277100730687e-05	0.0027220272459089756	2
virus_211|label=2	0.04052799195051193	0.26091790199279785	0.073328398168087	0.062361542135477066	0.06286410987377167	2
virus_212|label=2	0.00028138936613686383	0.49769362807273865	0.0004365789645817131	0.0006007903721183538	0.0009875957621261477	2
virus_213|label=2	2.8669855964835733e-06	0.49999189376831055	3.6392040669852577e-07	3.5716022921405965e-06	1.3160560001779231e-06	2
virus_214|label=2	2.0314642824814655e-05	0.4337528645992279	0.0002995810064021498	0.00010997577192028984	0.06581723690032959	2
virus_215|label=2	0.0006682733073830605	0.4783599376678467	0.002940228907391429	0.017396194860339165	0.0006353587377816439	2
virus_216|label=2	0.0001969804725376889	0.49973586201667786	3.908103099092841e-05	5.3070248213771265e-06	2.275050246680621e-05	2
virus_217|label=2	0.1939544826745987	0.3055823743343353	0.0001771452953107655	4.330181400291622e-05	0.00024271300935652107	2
virus_218|label=2	8.531859202776104e-05	0.013815905898809433	0.11175670474767685	0.10955800861120224	0.264784038066864	5
virus_219|label=2	8.826538396533579e-05	0.4481484293937683	0.04296772927045822	0.001648539793677628	0.0071470425464212894	2
virus_220|label=2	1.4370392591445125e-06	0.39319947361946106	0.000196889610379003	0.0002922337444033474	0.10630996525287628	2
virus_221|label=2	3.251044836360961e-05	0.4668041467666626	0.012079380452632904	0.007246411871165037	0.013837579637765884	2
virus_222|label=2	0.0223108921200037	0.39859119057655334	0.007373946253210306	0.06769987940788269	0.0040241023525595665	2
virus_223|label=2	0.0023933316115289927	0.22531504929065704	0.007112547755241394	0.023762580007314682	0.24141651391983032	5
virus_224|label=2	1.3588961337518413e-05	0.4995794892311096	0.00010325979383196682	0.0001624705910217017	0.00014119851402938366	2
virus_225|label=2	0.03495505452156067	0.45795750617980957	0.0019720555283129215	0.0044293394312262535	0.0006860464927740395	2
virus_226|label=2	0.000883722270373255	0.4837028980255127	0.0009677069610916078	0.0005594911053776741	0.013886181637644768	2
virus_227|label=2	0.0026676692068576813	0.49672362208366394	0.00020069618767593056	0.0003402788715902716	6.776623922633007e-05	2
virus_228|label=2	0.0004536558408290148	0.11116944998502731	0.05682973563671112	0.05882669985294342	0.27272048592567444	5
virus_229|label=2	4.764837649418041e-05	0.4589603841304779	0.000320804218063131	0.0028956937603652477	0.03777545318007469	2
virus_230|label=2	3.7023244658485055e-05	0.4999614357948303	3.709578422217419e-08	1.5167618272471373e-08	1.5019101056168438e-06	2
virus_231|label=2	4.418628577695927e-06	0.49998414516448975	2.208211753895739e-06	1.9316728412377415e-06	7.342210665228777e-06	2
virus_232|label=2	0.000678875541780144	0.31671684980392456	0.03065631166100502	0.015183369629085064	0.13676461577415466	2
virus_233|label=2	6.012687663314864e-05	0.49967828392982483	2.5841263777692802e-05	0.0001490982685936615	8.664746565045789e-05	2
virus_234|label=2	1.095458083000267e-05	0.49981099367141724	1.5338362572947517e-05	3.955640204367228e-05	0.00012317841174080968	2
virus_235|label=2	0.00022011063992977142	0.4994473159313202	4.8752317525213584e-05	0.0002450104511808604	3.883464523823932e-05	2
virus_236|label=2	2.7906410196010256e-06	0.4930587708950043	0.00012700643856078386	0.00011647910287138075	0.00669493991881609	2
virus_237|label=2	3.329061655676924e-05	0.4979284107685089	6.609721458517015e-05	5.08266530232504e-05	0.0019213571213185787	2
virus_238|label=2	0.00024929046048782766	0.14223535358905792	0.18285295367240906	0.00879641156643629	0.16586601734161377	3
virus_239|label=2	0.007436176761984825	0.4403356909751892	0.0023718741722404957	0.005027553997933865	0.04482871666550636	2
virus_240|label=2	1.628840618650429e-05	0.4999639391899109	1.2873846344518824e-06	4.325673216953874e-06	1.4148414265946485e-05	2
virus_241|label=2	0.005524922162294388	0.18238727748394012	0.18735750019550323	0.11817306280136108	0.006557245273143053	3
virus_242|label=2	0.002777151530608535	0.41806599497795105	0.025053005665540695	0.0017604113090783358	0.0523434542119503	2
virus_243|label=2	0.0011686651268973947	0.4932897984981537	0.0035589709877967834	0.000751311716157943	0.001231224276125431	2
virus_244|label=2	0.004704614169895649	0.4738907217979431	0.0029729227535426617	0.007651965133845806	0.010779766365885735	2
virus_245|label=2	0.1668565273284912	0.3268490135669708	0.0018746978603303432	0.0026320850010961294	0.0017876893980428576	2
virus_246|label=2	0.0011891142930835485	0.45394355058670044	0.026806971058249474	0.00543411448597908	0.012626283802092075	2
virus_247|label=2	0.04275621101260185	0.2765220105648041	0.007067074067890644	0.16291143000125885	0.010743267834186554	2
virus_248|label=2	1.4442327483266126e-05	0.4999832510948181	7.85744191489357e-07	1.4541843711413094e-06	9.866663930324648e-08	2
virus_249|label=2	9.121502807829529e-05	0.41597604751586914	0.001568797160871327	0.004744524136185646	0.07761948555707932	2
virus_250|label=2	0.0013215868966653943	0.45883211493492126	0.007765260990709066	0.003390153404325247	0.028690842911601067	2
virus_251|label=2	2.6403804440633394e-05	0.4923114478588104	0.0012836710084229708	0.0012108013033866882	0.00516764260828495	2
virus_252|label=2	2.032216616498772e-05	0.27356797456741333	0.0006218422786332667	0.0010926127433776855	0.22469723224639893	2
virus_253|label=2	0.000228074291953817	0.4778881072998047	0.0056444923393428326	0.0039259386248886585	0.01231332030147314	2
virus_254|label=2	0.0032767239026725292	0.04079296439886093	0.06927967071533203	0.3848686218261719	0.0017820438370108604	4
virus_255|label=2	1.7203012703248532e-06	0.4999850392341614	4.317411367082968e-06	5.079396942164749e-06	3.869954525725916e-06	2
virus_256|label=2	0.055624544620513916	0.4440936744213104	4.687446198659018e-05	0.0001323164760833606	0.0001026460449793376	2
virus_257|label=2	0.004836291540414095	0.4935269057750702	7.1541253419127315e-06	0.0015811071498319507	4.854298458667472e-05	2
virus_258|label=2	0.0023520919494330883	0.3136674463748932	0.10504737496376038	0.0735849142074585	0.005348174832761288	2
virus_259|label=2	0.007232279516756535	0.41799426078796387	0.013655686751008034	0.002797556109726429	0.058320216834545135	2
virus_260|label=2	0.30137476325035095	0.19739526510238647	7.546568667748943e-05	0.00013936508912593126	0.0010151066817343235	1
virus_261|label=2	0.0006215121247805655	0.03670550510287285	0.0289382915943861	0.4333055019378662	0.0004292036173865199	4
virus_262|label=2	0.0006860374705865979	0.49900421500205994	7.77936729718931e-05	0.00017501348338555545	5.692928971257061e-05	2
virus_263|label=2	3.2085724797070725e-06	0.4999818801879883	2.5319701535408967e-07	5.080825644654396e-07	1.4146453395369463e-05	2
virus_264|label=2	3.22365877991615e-07	0.49999964237213135	1.2732161991380053e-08	1.5412705778317104e-08	6.586339651448725e-08	2
virus_265|label=2	1.1902223377546761e-05	0.49979183077812195	3.324505087221041e-05	5.828965004184283e-05	0.00010474171722307801	2
virus_266|label=2	0.00010011406993726268	0.4977596402168274	0.0003200434730388224	0.0001376779837301001	0.001682500122115016	2
virus_267|label=2	2.7385042358218925e-06	0.49999648332595825	4.0384463773079915e-07	3.6262318303670327e-07	8.14918443836632e-09	2
virus_268|label=2	7.590047061967198e-06	0.4999900460243225	1.7620185417399625e-06	4.837605160901148e-07	1.0426396102047875e-07	2
virus_269|label=2	0.0009281163802370429	0.10553974658250809	0.07467913627624512	0.06872233003377914	0.25013062357902527	5
virus_270|label=2	8.781174074101727e-06	0.02307243086397648	0.23253855109214783	0.1811339110136032	0.06324630975723267	3
virus_271|label=2	0.12240687012672424	0.3543112277984619	0.0009663585224188864	0.020867662504315376	0.0014479062519967556	2
virus_272|label=2	0.013020935468375683	0.48693180084228516	6.067368303774856e-06	3.26260196743533e-05	8.512969543517102e-06	2
virus_273|label=2	9.567182132741436e-05	0.4955816864967346	2.8046035367879085e-05	0.000434425484854728	0.0038602121639996767	2
virus_274|label=2	0.0025647070724517107	0.3154255449771881	0.0032778929453343153	0.13592693209648132	0.04280493035912514	2
virus_275|label=2	0.00021534701227210462	0.4989284574985504	9.26166740100598e-06	3.236390693928115e-05	0.0008145210449583828	2
virus_276|label=2	0.0016393241239711642	0.355517715215683	0.002927433466538787	0.003941013477742672	0.13597454130649567	2
virus_277|label=2	3.931857645511627e-05	0.49683961272239685	0.0005851482856087387	0.00022546472609974444	0.0023104436695575714	2
virus_278|label=2	8.418272773269564e-05	0.49937641620635986	5.8695979532785714e-05	3.5174638469470665e-05	0.00044553607585839927	2
virus_279|label=2	0.04140792787075043	0.45068109035491943	4.379303936730139e-05	0.000392589921830222	0.007474628742784262	2
virus_280|label=2	0.0003593504661694169	0.4957672655582428	0.001933121820911765	0.001908881007693708	3.14310600515455e-05	2
virus_281|label=2	0.007132937666028738	0.028058001771569252	0.4009127914905548	0.058972135186195374	0.0049241515807807446	3
virus_282|label=2	5.391766080720117e-06	0.49985411763191223	4.566855295706773e-06	4.020807409688132e-06	0.00013192366168368608	2
virus_283|label=2	0.00014545510930474848	0.4983249604701996	0.0008172894595190883	0.0006446427432820201	6.759422103641555e-05	2
virus_284|label=2	1.1216491657251026e-05	0.4376492202281952	0.004633515141904354	0.0009514294215478003	0.05675465241074562	2
virus_285|label=2	0.2813246250152588	0.01109325047582388	0.14320537447929382	0.06321226060390472	0.0011645205086097121	1
virus_286|label=2	0.013183249160647392	0.3740411102771759	0.09831397980451584	0.01397201418876648	0.0004896726459264755	2
virus_287|label=2	0.0006700573139823973	0.49174177646636963	0.001242165919393301	0.005103352013975382	0.001242710859514773	2
virus_288|label=2	0.04019106924533844	0.37249618768692017	0.06455880403518677	0.018374217674136162	0.004379738587886095	2
virus_289|label=2	6.280264415181591e-07	0.4999992847442627	3.0268751949336092e-09	1.0811658235354571e-08	3.62399603659469e-08	2
virus_290|label=2	8.72360760695301e-06	0.04206869378685951	0.011894993484020233	0.01751561276614666	0.42851197719573975	5
virus_291|label=2	2.2414778868551366e-05	0.4991048574447632	0.00026667388738133013	0.00016300111019518226	0.00044302549213171005	2
virus_292|label=2	0.006077248137444258	0.08795151114463806	0.06200111657381058	0.05713104456663132	0.286839097738266	5
virus_293|label=2	5.005387720302679e-06	0.49489733576774597	0.004817347973585129	0.00017554125224705786	0.00010477275645826012	2
virus_294|label=2	0.0015914427349343896	0.2593034505844116	0.22742415964603424	0.010559993796050549	0.0011209057411178946	2
virus_295|label=2	5.73413217352936e-07	0.4999840259552002	2.7506368383001245e-07	5.641758434649091e-06	9.413755833520554e-06	2
virus_296|label=2	0.0001349317899439484	0.4163779616355896	0.039436716586351395	0.024572303518652916	0.019478123635053635	2
virus_297|label=2	4.460025593289174e-05	0.4981691241264343	0.00020623796444851905	0.0008974957163445652	0.0006825192831456661	2
virus_298|label=2	0.0034324105363339186	0.4963684678077698	9.59788667387329e-06	1.7009570001391694e-05	0.0001725177135085687	2
virus_299|label=2	0.0008060364634729922	0.49892520904541016	5.442326801130548e-05	7.776088023092598e-05	0.00013662592391483486	2
virus_300|label=2	0.14709199965000153	0.33904561400413513	0.0006661629886366427	0.0007008825778029859	0.012495363131165504	2
virus_301|label=2	1.7536169252707623e-05	0.499968945980072	1.1129799531772733e-05	8.826839348330395e-07	1.502289364907483e-06	2
virus_302|label=2	0.4563254117965698	0.043440744280815125	0.00016882889030966908	6.299230153672397e-05	2.002727342187427e-06	1
virus_303|label=2	0.0007683723815716803	0.20881326496601105	0.005629370454698801	0.0022038710303604603	0.28258514404296875	5
virus_304|label=2	0.49502936005592346	0.003237229771912098	1.0468776054040063e-05	7.687899051234126e-05	0.00164607644546777	1
virus_305|label=2	0.059616584330797195	0.4395351707935333	0.00037781705032102764	0.00023264205083251	0.0002377908822381869	2
virus_306|label=2	0.0034863301552832127	0.49647122621536255	2.406399289611727e-06	2.947024313471047e-06	3.703031688928604e-05	2
virus_307|label=2	0.2995496988296509	0.18889127671718597	0.001969608711078763	0.001452677883207798	0.008136751130223274	1
virus_308|label=2	0.0006214214372448623	0.0004559316439554095	0.17609761655330658	0.05388815328478813	0.2689368426799774	5
virus_309|label=2	0.0002747928665485233	0.14488756656646729	0.002494115149602294	0.0018071471713483334	0.35053637623786926	5
virus_310|label=2	0.00022022949997335672	0.46954813599586487	0.002663973020389676	0.0023940533865243196	0.025173651054501534	2
virus_311|label=2	1.3396481790550752e-07	0.49999916553497314	3.83493663491663e-08	6.66180767439073e-07	8.826844637155329e-12	2
virus_312|label=2	0.00017839690553955734	0.4937153458595276	0.00021587767696473747	0.0002511515631340444	0.005639234092086554	2
virus_313|label=2	4.986882777302526e-05	0.4846668541431427	4.6653376557515e-06	3.857601768686436e-05	0.01524001732468605	2
virus_314|label=2	1.3284503438626416e-05	0.49993014335632324	2.724625574046513e-07	6.456761525441834e-07	5.563077866099775e-05	2
virus_315|label=2	0.01953178457915783	0.1267358958721161	0.2939508557319641	0.05677118897438049	0.003010264365002513	3
virus_316|label=2	1.8358601039381028e-07	0.4994047284126282	2.495460466889199e-05	3.852995723718777e-05	0.0005316183669492602	2
virus_317|label=2	0.006529166828840971	0.49313464760780334	8.511245687259361e-05	0.00024625463993288577	4.821309630642645e-06	2
virus_318|label=2	0.00044238989357836545	0.49925243854522705	0.00022369669750332832	5.609579602605663e-05	2.5360788640682586e-05	2
virus_319|label=2	4.034481662529288e-06	0.4999018609523773	1.1805937901954167e-05	1.6090041754068807e-05	6.62326710880734e-05	2
virus_320|label=2	0.001170495874248445	0.4908216893672943	0.0035835914313793182	0.002132569905370474	0.0022916290909051895	2
virus_321|label=2	0.21585604548454285	0.2830929756164551	0.00056888023391366	0.000176475994521752	0.00030560861341655254	2
virus_322|label=2	4.268559194997579e-08	0.4999920129776001	6.202258646226255e-06	4.693895050422725e-07	1.2517770073827705e-06	2
virus_323|label=2	7.32712032913696e-06	0.4978395402431488	2.270800541737117e-05	9.203657100442797e-05	0.002038421109318733	2
virus_324|label=2	0.025812635198235512	0.4731809198856354	0.00038808747194707394	0.0006041188025847077	1.4201640624378342e-05	2
virus_325|label=2	0.003349198494106531	0.10537370294332504	0.01853255368769169	0.06796403229236603	0.3047805428504944	5
virus_326|label=2	5.316761235008016e-05	0.49991294741630554	4.351745701569598e-06	4.045868536195485e-06	2.550890712882392e-05	2
virus_327|label=2	0.32961249351501465	0.15569835901260376	0.004419291857630014	0.010116010904312134	0.000153824919834733	1
virus_328|label=2	0.0315527506172657	0.22200587391853333	0.00973523873835802	0.1229533851146698	0.11375277489423752	2
virus_329|label=2	0.0003465854097157717	0.483570396900177	4.794444248545915e-05	0.0004204688884783536	0.015614611096680164	2
virus_330|label=2	0.0028993512969464064	0.2555954158306122	0.07753516733646393	0.03355325013399124	0.1304168552160263	2
virus_331|label=2	0.0001151054966612719	0.49962204694747925	3.2917349017225206e-05	0.0001334898261120543	9.644058445701376e-05	2
virus_332|label=2	0.0004147944273427129	0.05790942162275314	0.2543777823448181	0.06158239766955376	0.12571556866168976	3
virus_333|label=2	9.922840149556578e-08	0.49999189376831055	1.8091836864186917e-06	5.193071501707891e-07	5.674498879670864e-06	2
virus_334|label=2	0.00016289010818582028	0.4507874548435211	0.004106693901121616	0.016769932582974434	0.028173012658953667	2
virus_335|label=2	3.663517418317497e-05	0.4997960031032562	3.4885106288129464e-06	2.7235622837906703e-05	0.00013664265861734748	2
virus_336|label=2	0.00016217205848079175	0.4996154308319092	9.705536649562418e-05	6.167214451124892e-05	6.36558688711375e-05	2
virus_337|label=2	0.009172646328806877	0.48775365948677063	0.00010870770347537473	7.223740249173716e-05	0.002892741234973073	2
virus_338|label=2	0.3840329349040985	0.11467743664979935	0.00020047163707204163	0.0009521512547507882	0.00013700580166187137	1
virus_339|label=2	0.005547699052840471	0.02985895797610283	0.005182796623557806	0.4592688977718353	0.00014161891886033118	4
virus_340|label=2	5.41120971320197e-05	0.015980403870344162	0.29068002104759216	0.10919182747602463	0.08409365266561508	3
virus_341|label=2	8.058350431383587e-06	0.4996298849582672	2.439403579046484e-05	5.621658419840969e-05	0.00028141296934336424	2
virus_342|label=2	0.0029437842313200235	0.49699655175209045	1.98278376046801e-05	3.9245456719072536e-05	5.878375191059604e-07	2
virus_343|label=2	0.0003415778046473861	0.49936190247535706	0.0001506233384134248	0.00013781827874481678	8.08311415312346e-06	2
virus_344|label=2	0.005802984349429607	0.2548372447490692	0.02121734619140625	0.21147789061069489	0.0066645084880292416	2
virus_345|label=2	5.797816129415878e-07	0.49957340955734253	9.4920105766505e-06	0.00025014893617480993	0.00016636871441733092	2
virus_346|label=2	2.1664331143256277e-05	0.49840253591537476	0.0005836063646711409	0.0008444169070571661	0.00014779166667722166	2
virus_347|label=2	0.006071113049983978	0.36849334836006165	0.012535805813968182	0.004114413168281317	0.10878529399633408	2
virus_348|label=2	0.0008551118662580848	0.49828386306762695	3.0471504942397587e-05	4.380283280625008e-05	0.0007867809035815299	2
virus_349|label=2	0.00017347370157949626	0.47896191477775574	0.006900222040712833	0.008899901062250137	0.005064561031758785	2
virus_350|label=2	3.516506922096596e-06	0.4999902844429016	3.295490103027987e-07	3.093703071499476e-06	2.7276066703052493e-06	2
virus_351|label=2	0.0011746458476409316	0.4986480176448822	8.70006624609232e-05	8.351020369445905e-05	6.772895631002029e-06	2
virus_352|label=2	0.00188820727635175	0.49347203969955444	0.00012511045497376472	0.0006358130485750735	0.00387882674112916	2
virus_353|label=2	0.00015931781672406942	0.4966779351234436	0.000732641143258661	0.0021071077790111303	0.00032296107383444905	2
virus_354|label=2	0.038462817668914795	0.46007296442985535	2.4892506189644337e-05	2.7751199013437144e-05	0.001411526114679873	2
virus_355|label=2	0.006964118219912052	0.45766812562942505	0.01974852941930294	0.008484281599521637	0.007134946528822184	2
virus_356|label=2	0.0026278963778167963	0.4973568022251129	9.393897016707342e-06	5.828110715810908e-06	1.4351384436395165e-07	2
virus_357|label=2	0.0013632894260808825	0.47904112935066223	0.0017338256584480405	0.0004665731976274401	0.01739521697163582	2
virus_358|label=2	1.6199855963350274e-05	0.49581724405288696	0.0023862349335104227	0.0009174088481813669	0.0008629423100501299	2
virus_359|label=2	0.0061117494478821754	0.02833787351846695	0.19602152705192566	0.23064419627189636	0.03888465836644173	4
virus_360|label=2	2.6591558707877994e-05	0.4995708465576172	6.518534064525738e-05	9.478316496824846e-05	0.0002424952108412981	2
virus_361|label=2	0.0008688321686349809	0.4656757116317749	0.00023772446729708463	0.0008161144214682281	0.03240165859460831	2
virus_362|label=2	0.0008662128238938749	0.49263647198677063	0.0003513848932925612	0.002440965734422207	0.0037049653474241495	2
virus_363|label=2	9.631014108890668e-06	0.49997198581695557	2.0698894331871998e-07	2.2811047983850585e-06	1.592046464793384e-05	2
virus_364|label=2	9.227494956576265e-06	0.49999016523361206	3.537572368372821e-08	2.1153091722680983e-07	2.695649641282216e-07	2
virus_365|label=2	0.11033905297517776	0.38901373744010925	2.67278369392443e-06	0.00015861196152400225	0.0004859280597884208	2
virus_366|label=2	0.0011716431472450495	0.49865028262138367	1.7097413262945338e-07	1.44214095598727e-06	0.000176508619915694	2
virus_367|label=2	0.00034323419095017016	0.1784897744655609	0.24548378586769104	0.07397320121526718	0.0017100248951464891	3
virus_368|label=2	4.183448254480027e-06	0.49998825788497925	6.860082635284925e-07	9.02099429822556e-07	5.980922651360743e-06	2
virus_369|label=2	3.3568830986041576e-05	0.4832930266857147	0.0004170270694885403	0.016215769574046135	4.061359868501313e-05	2
virus_370|label=2	2.403367034276016e-06	0.4999963045120239	7.822599457085744e-08	2.2638289465248818e-07	9.903948239298188e-07	2
virus_371|label=2	0.000360829260898754	0.49961334466934204	4.7848634494584985e-06	2.8152403501735535e-06	1.8294718756806105e-05	2
virus_372|label=2	0.007326173596084118	0.490877628326416	0.0003738574159797281	0.0009744041017256677	0.0004478679911699146	2
virus_373|label=2	4.623383119906066e-06	0.49998778104782104	6.151209390736767e-07	6.540990398207214e-06	3.893087239248416e-07	2
virus_374|label=2	5.2447529014898464e-05	0.498516321182251	2.997089541167952e-05	0.0006849956116639078	0.0007162184338085353	2
virus_375|label=2	3.4919835343316663e-06	0.4999825954437256	1.9380918274691794e-06	5.583972324529896e-07	1.1361299584677909e-05	2
virus_376|label=2	7.873583672335371e-05	0.49992072582244873	1.3754531380527624e-07	2.98694082800921e-08	3.797262593252526e-07	2
virus_377|label=2	0.007827318273484707	0.4911945164203644	0.00011343652295181528	0.0008579881978221238	6.711447440466145e-06	2
virus_378|label=2	1.672365215199534e-05	0.49995124340057373	3.879655196215026e-06	1.357989845018892e-06	2.6738085580291227e-05	2
virus_379|label=2	7.796152168282333e-09	0.49999701976776123	3.386673386174266e-09	8.550733809897793e-08	2.913597199949436e-06	2
virus_380|label=2	1.0274918167851865e-05	0.029262902215123177	0.29973769187927246	0.09078656882047653	0.08020251989364624	3
virus_381|label=2	0.0023578451946377754	0.47465837001800537	0.006559351924806833	0.005654064938426018	0.010770369321107864	2
virus_382|label=2	0.00022117166372481734	0.4091147780418396	0.05583333969116211	0.026433970779180527	0.008396749384701252	2
virus_383|label=2	1.1553704098332673e-05	0.4999091923236847	2.1426815237646224e-06	5.243006307864562e-05	2.466363184794318e-05	2
virus_384|label=2	0.24640703201293945	0.1460804045200348	0.05132543668150902	0.052562158554792404	0.0036249724216759205	1
virus_385|label=2	0.00024024829326663166	0.4980309307575226	2.064872023765929e-05	0.001215910306200385	0.0004922241787426174	2
virus_386|label=2	0.0023986813612282276	0.4961114823818207	0.0005200812593102455	0.0009326494764536619	3.708788426592946e-05	2
virus_387|label=2	0.3963336646556854	0.06370782852172852	0.015588543377816677	0.014300289563834667	0.010069688782095909	1
virus_388|label=2	6.401813152479008e-05	0.49851953983306885	8.644347690278664e-05	0.0001296596456086263	0.0012003211304545403	2
virus_389|label=2	9.70693799899891e-05	0.37081781029701233	1.622600575501565e-05	0.00019262575369793922	0.1288762390613556	2
virus_390|label=2	6.853726972622098e-06	0.4711219370365143	0.0191247146576643	0.00969991460442543	4.657157478504814e-05	2
virus_391|label=2	2.963148517665104e-07	0.4999834895133972	1.161165528174024e-06	9.814298209676053e-07	1.4138257938611787e-05	2
virus_392|label=2	0.00011827937123598531	0.4332960844039917	0.051293011754751205	0.008687998168170452	0.006604613270610571	2
virus_393|label=2	2.3454316760762595e-05	0.4886850416660309	4.5407407014863566e-05	8.451646863250062e-05	0.011161602102220058	2
virus_394|label=2	1.0414353823762212e-07	0.49998968839645386	1.1802073913713684e-06	2.4287101041409187e-06	6.538458364957478e-06	2
virus_395|label=2	2.9088801056786906e-06	0.4999731779098511	1.262216301256558e-06	8.67883863975294e-06	1.394904847984435e-05	2
virus_396|label=2	2.787591438391246e-05	0.47658634185791016	0.0008803748642094433	5.004722697776742e-05	0.022455306723713875	2
virus_397|label=2	0.0006604772061109543	0.495620459318161	6.982945342315361e-05	0.00023663202591706067	0.003412615042179823	2
virus_398|label=2	4.952033486915752e-05	0.4996364414691925	0.0002599006693344563	3.095533247687854e-05	2.316387508471962e-05	2
virus_399|label=2	0.002691619796678424	0.2264593243598938	0.07793249189853668	0.05947248637676239	0.13344411551952362	2
virus_400|label=2	5.0420684516438996e-08	0.49923062324523926	5.7640281738713384e-05	0.00010934021702269092	0.0006023435271345079	2
virus_401|label=2	0.0053867134265601635	0.49284428358078003	0.00026573138893581927	2.4572969778091647e-05	0.0014787301188334823	2
virus_402|label=2	3.089580104642664e-06	0.4999939799308777	1.2404472045091097e-06	1.555358949190122e-06	1.2505356039582693e-07	2
virus_403|label=2	3.732894356289762e-06	0.49999290704727173	2.624630042191711e-07	2.197525645897258e-06	9.216776675202709e-07	2
virus_404|label=2	1.9714697430117667e-07	0.49997949600219727	7.02213867498358e-07	4.226473038215772e-07	1.917932604555972e-05	2
virus_405|label=2	9.610062079445925e-06	0.49592623114585876	0.0007644067518413067	0.0016463653882965446	0.001653397106565535	2
virus_406|label=2	0.007722442504018545	0.49214521050453186	3.9067192119546235e-05	5.0744652980938554e-05	4.255328531144187e-05	2
virus_407|label=2	0.019175158813595772	0.48079922795295715	4.9885779844771605e-06	1.4960332009650301e-05	5.647943908115849e-06	2
virus_408|label=2	3.638512566794816e-07	0.3725409209728241	0.0006680990918539464	0.00011930804612347856	0.12667135894298553	2
virus_409|label=2	3.0920611607143655e-05	0.43743714690208435	0.005883772391825914	0.05503833293914795	0.0016098521882668138	2
virus_410|label=2	0.0005101021379232407	0.4991060495376587	0.0002276273735333234	9.210077405441552e-05	6.414420204237103e-05	2
virus_411|label=2	0.009797139093279839	0.39157065749168396	0.031016597524285316	0.017302440479397774	0.05031315237283707	2
virus_412|label=2	0.0003671431040856987	0.49953800439834595	1.0783091056509875e-05	1.8155220459448174e-05	6.59274373902008e-05	2
virus_413|label=2	0.00045711983693763614	0.4525972306728363	0.0428350456058979	0.0008939679246395826	0.0032166445162147284	2
virus_414|label=2	1.319913621955493e-06	0.4907117784023285	0.0020047584548592567	0.006199410185217857	0.001082665636204183	2
virus_415|label=2	0.0037577743642032146	0.49585387110710144	3.601466232794337e-05	0.0002420900564175099	0.00011021232785424218	2
virus_416|label=2	3.5941215173806995e-05	0.4976200461387634	0.0007843124913051724	0.00048180093290284276	0.0010778787545859814	2
virus_417|label=2	2.0715935988846468e-06	0.4999760389328003	2.6363693450548453e-07	5.109412626325138e-08	2.1584031856036745e-05	2
virus_418|label=2	0.00013652173220179975	0.44930320978164673	0.0032756279688328505	0.0035380187910050154	0.043746594339609146	2
virus_419|label=2	2.330043344045407e-06	0.49998873472213745	4.764091272591031e-07	6.098103426666057e-07	7.859862307668664e-06	2
virus_420|label=2	0.010868668556213379	0.4548466205596924	0.001286060898564756	0.00046955200377851725	0.0325290746986866	2
virus_421|label=2	3.024277430085931e-05	0.08544839173555374	0.003837067633867264	0.003583483165130019	0.4071008265018463	5
virus_422|label=2	0.00022883345081936568	0.012118890881538391	0.16844645142555237	0.31871238350868225	0.0004934440366923809	4
virus_423|label=2	0.00016138640057761222	0.4997735321521759	4.977773187420098e-06	5.7524946896592155e-05	2.5141680453089066e-06	2
virus_424|label=2	0.0008016200154088438	0.4467834234237671	0.01668401062488556	0.03329367935657501	0.0024372616317123175	2
virus_425|label=2	0.05668770521879196	0.4358952045440674	0.00639415392652154	0.0005983008304610848	0.0004245629534125328	2
virus_426|label=2	3.410734450426389e-07	0.49986085295677185	3.754489080165513e-05	5.235479329712689e-05	4.885819726041518e-05	2
virus_427|label=2	0.0018098753644153476	0.4961795508861542	0.001387127791531384	0.0004929237766191363	0.0001305205951211974	2
virus_428|label=2	0.00043135456508025527	0.48070719838142395	0.00048076972598209977	0.005101642571389675	0.013278977014124393	2
virus_429|label=2	0.005960280541330576	0.49395573139190674	3.10936156893149e-05	1.5040069456517813e-06	5.132169462740421e-05	2
virus_430|label=2	0.00548465084284544	0.49419161677360535	1.75733493961161e-05	7.066583202686161e-05	0.0002354445168748498	2
virus_431|label=2	0.013428498059511185	0.4667811989784241	0.00017157783440779895	0.0009075688431039453	0.018711166456341743	2
virus_432|label=2	0.0002456562942825258	0.4997268617153168	9.516233490103332e-07	5.369096470531076e-06	2.1157906303415075e-05	2
virus_433|label=2	2.815098469000077e-06	0.49918997287750244	8.457408284812118e-07	9.188207741317456e-07	0.0008055106736719608	2
virus_434|label=2	0.00020148552721366286	0.409150093793869	0.007544084917753935	0.009860897436738014	0.07324344664812088	2
virus_435|label=2	0.00037323360447771847	0.4537823498249054	0.0008229821105487645	0.0004610846226569265	0.04456024616956711	2
virus_436|label=2	0.012759639881551266	0.48691093921661377	2.1004127574997256e-06	3.216121331206523e-05	0.000295155041385442	2
virus_437|label=2	0.020354686304926872	0.268534779548645	0.0026921017561107874	0.002958895405754447	0.20545952022075653	2
virus_438|label=2	3.0788182812102605e-06	0.4999420642852783	2.707053681660909e-06	3.92183028452564e-05	1.292268825636711e-05	2
virus_439|label=2	0.0921424925327301	0.4054037630558014	0.001287027494981885	0.00025956836179830134	0.0009071766980923712	2
virus_440|label=2	4.06448234571144e-05	0.4999380111694336	1.0741914735490354e-07	1.3709054655919317e-05	7.536576504207915e-06	2
virus_441|label=2	1.4546783859259449e-05	0.4329374432563782	0.00887618400156498	0.0017858396749943495	0.05638600140810013	2
virus_442|label=2	0.49039939045906067	0.008815082721412182	9.269486156426865e-08	1.0214387202722719e-06	0.0007843920611776412	1
virus_443|label=2	0.027257835492491722	0.44815078377723694	0.00012593426799867302	0.0002282990317326039	0.024237146601080894	2
virus_444|label=2	1.2816627759093535e-06	0.4999682903289795	8.051674740272574e-06	1.931021142809186e-05	3.0608630368078593e-06	2
virus_445|label=2	4.6295797801576555e-05	0.47763022780418396	0.012551739811897278	0.008615503087639809	0.0011562646832317114	2
virus_446|label=2	1.7409934116585646e-06	0.49912333488464355	0.0003030110092367977	0.0004883934161625803	8.352932491106912e-05	2
virus_447|label=2	8.170336514012888e-07	0.49939367175102234	0.0001701817527646199	0.0004063481173943728	2.894469434977509e-05	2
virus_448|label=2	0.004384866449981928	0.456662654876709	0.031488966196775436	0.00683943647891283	0.0006240578950382769	2
virus_449|label=2	1.0676247939045425e-06	0.4999435544013977	4.013023499283008e-05	1.103999420593027e-05	4.222046300128568e-06	2
virus_450|label=2	0.12757988274097443	0.370434433221817	0.00048507217434234917	0.00012899575813207775	0.00137159728910774	2
virus_451|label=2	0.00021977274445816875	0.495444118976593	3.281107652242099e-08	9.641877340982319e-07	0.004335120320320129	2
virus_452|label=2	0.008208350278437138	0.4901086091995239	4.9791113269748166e-05	0.00019942807557526976	0.0014338226756080985	2
virus_453|label=2	1.0174666385864839e-05	0.49932345747947693	3.964858115068637e-05	0.00030138538568280637	0.0003253571630921215	2
virus_454|label=2	0.002207884332165122	0.49274876713752747	1.9097953554592095e-05	7.907023973530158e-05	0.004945195280015469	2
virus_455|label=2	1.7200880392920226e-05	0.49998003244400024	1.327907739323564e-07	1.006931711344805e-06	1.6096126955744694e-06	2
virus_456|label=2	0.3317495286464691	0.12499263137578964	0.0002289300609845668	0.0007396911969408393	0.04228920117020607	1
virus_457|label=2	0.09973207116127014	0.3998854160308838	0.0002120114368153736	0.0001276013790629804	4.2959083657478914e-05	2
virus_458|label=2	0.00024320183729287237	0.23800942301750183	0.0003130585828330368	0.0016004510689526796	0.2598338723182678	5
virus_459|label=2	0.02079540491104126	0.46401023864746094	0.004826436284929514	0.008975664153695107	0.0013921799836680293	2
virus_460|label=2	0.0003782150743063539	0.4632510244846344	0.0029282355681061745	0.030550973489880562	0.002891538431867957	2
virus_461|label=2	0.023119354620575905	0.4669917821884155	0.0007242790306918323	0.009151371195912361	1.3219890206528362e-05	2
virus_462|label=2	0.0009716147324070334	0.49302664399147034	0.00046480586752295494	0.0051483456045389175	0.00038854192825965583	2
virus_463|label=2	1.774283555278089e-05	0.491746723651886	0.00036097035626880825	0.00020002729434054345	0.007674531079828739	2
virus_464|label=2	0.0019685979932546616	0.36281877756118774	0.0013005355140194297	0.016519449651241302	0.11739270389080048	2
virus_465|label=2	0.00013091351138427854	0.4977738857269287	0.001539708930067718	0.00014749211550224572	0.00040796399116516113	2
virus_466|label=2	3.5506188851286424e-06	0.4999343752861023	1.1168747278134106e-06	2.310352556378348e-06	5.8594465372152627e-05	2
virus_467|label=2	0.009639300405979156	0.4351939558982849	0.002376914257183671	0.029971033334732056	0.022818803787231445	2
virus_468|label=2	0.00025166396517306566	0.4972882866859436	0.0020656606648117304	0.0002837423235177994	0.00011070057371398434	2
virus_469|label=2	0.002407658379524946	0.43236878514289856	0.00034983831574209034	0.0004915486206300557	0.06438218802213669	2
virus_470|label=2	0.010450312867760658	0.3839796781539917	0.01693081669509411	0.08488796651363373	0.003751200158149004	2
virus_471|label=2	2.719238182180561e-06	0.49994784593582153	9.781022527022287e-06	3.774718061322346e-05	1.905916860778234e-06	2
virus_472|label=2	0.003474621567875147	0.4953080713748932	4.9198763008462265e-05	0.00011532401549629867	0.001052752835676074	2
virus_473|label=2	1.3962749108031858e-06	0.49999457597732544	8.303238985263306e-08	6.970865911171131e-07	3.272893991379533e-06	2
virus_474|label=2	0.08240992575883865	0.40557146072387695	0.00257498724386096	0.003818511962890625	0.005625066813081503	2
virus_475|label=2	0.0001383946801070124	0.49847468733787537	0.00011444493429735303	0.0002319545455975458	0.001040578237734735	2
virus_476|label=2	0.0006760546821169555	0.4918137788772583	0.005798406898975372	0.0010770856169983745	0.0006347370217554271	2
virus_477|label=2	1.9738199625862762e-06	0.4998529851436615	7.485212699975818e-05	4.55551162303891e-05	2.4589395252405666e-05	2
virus_478|label=2	3.333263157401234e-05	0.1934337019920349	0.0002803032984957099	0.0014156900579109788	0.3048369586467743	5
virus_479|label=2	0.000746683741454035	0.4990140497684479	0.00010526544065214694	3.264891711296514e-05	0.00010128695430466905	2
virus_480|label=2	4.416894444148056e-05	0.49747419357299805	3.713943078764714e-05	2.958518234663643e-05	0.002414916642010212	2
virus_481|label=2	0.0005299053154885769	0.4530245363712311	0.0002920782717410475	0.007805235683917999	0.038348253816366196	2
virus_482|label=2	4.666225504479371e-05	0.49921897053718567	0.0001540284138172865	0.00045855596545152366	0.00012182291538920254	2
virus_483|label=2	2.4383400159422308e-05	0.49995481967926025	1.1204426300537307e-05	7.040503987809643e-06	2.5337837996630697e-06	2
virus_484|label=2	1.6171271965959022e-07	0.49593988060951233	5.245333795755869e-06	1.2530499589047395e-05	0.004042164888232946	2
virus_485|label=2	0.00061904510948807	0.49914196133613586	6.342214328469709e-05	4.232035644236021e-05	0.00013324586325325072	2
virus_486|label=2	2.2480102757072018e-07	0.49999070167541504	3.287342309477026e-08	4.428420936619659e-07	8.574314961151686e-06	2
virus_487|label=2	0.1526826173067093	0.33351463079452515	0.002492801984772086	0.0008662693435326219	0.0104436706751585	2
virus_488|label=2	0.00018208747496828437	0.36876800656318665	0.0006858910201117396	0.0003231655864510685	0.13004088401794434	2
virus_489|label=2	4.271374109521275e-06	0.4845590591430664	6.73389295116067e-05	0.002128978492692113	0.013240305706858635	2
virus_490|label=2	2.684115679585375e-05	0.499734491109848	2.8483242203947157e-05	0.00016047278768382967	4.967139466316439e-05	2
virus_491|label=2	3.172444485244341e-05	0.4995318353176117	1.0647620911186095e-05	0.00041845531086437404	7.342070603044704e-06	2
virus_492|label=2	6.296874198596925e-05	0.49981212615966797	4.502473893808201e-05	2.2150152290123515e-05	5.764686284237541e-05	2
virus_493|label=2	0.015421823598444462	0.361937552690506	0.03970833495259285	0.03284585103392601	0.05008641630411148	2
virus_494|label=2	0.00013066758401691914	0.4952200651168823	8.565435564378276e-05	6.148588727228343e-05	0.0045021227560937405	2
virus_495|label=2	0.0003228162240702659	0.49090999364852905	0.000354369985871017	0.0026493656914681196	0.005763521417975426	2
virus_496|label=2	0.0007461027707904577	0.4850800037384033	9.0778834419325e-05	0.0004057320184074342	0.013677381910383701	2
virus_497|label=2	0.001824034727178514	0.48427271842956543	0.0015865906607359648	0.011852704919874668	0.00046397384721785784	2
virus_498|label=2	3.514140917104669e-05	0.4234338104724884	0.03794854134321213	0.004439998883754015	0.03414253517985344	2
virus_499|label=2	0.000968839623965323	0.49778103828430176	0.0001256035320693627	0.000444956764113158	0.0006795763038098812	2
virus_500|label=2	0.07073789834976196	0.012845843099057674	0.35150212049484253	0.06452027708292007	0.0003938658628612757	3
virus_501|label=2	0.0007989947916939855	0.49587398767471313	0.0029661948792636395	0.0002138705167453736	0.0001469581766286865	2
virus_502|label=2	8.255889952124562e-06	0.4950087368488312	2.5021282112902554e-07	1.3867022516933503e-06	0.004981423262506723	2
virus_503|label=2	1.2092964425391983e-05	0.4999734163284302	1.0813290174382928e-07	1.9579713352868566e-06	1.2416429854056332e-05	2
virus_504|label=2	5.9730091379606165e-06	0.49294960498809814	0.0002682933409232646	0.0007498643826693296	0.006026218179613352	2
virus_505|label=2	4.495592747844057e-06	0.49214619398117065	0.00211132550612092	0.0029448606073856354	0.002793123945593834	2
virus_506|label=2	0.0007733154343441129	0.4709184467792511	0.0011904098792001605	0.010416808538138866	0.01670101284980774	2
virus_507|label=2	0.0006108887610025704	0.2859437167644501	0.10809175670146942	0.10407640039920807	0.0012772738700732589	2
virus_508|label=2	0.18567512929439545	0.03312983363866806	0.030904365703463554	0.05697872117161751	0.1933119297027588	5
virus_509|label=2	0.0011249170638620853	0.48957791924476624	0.00039403364644385874	0.00861077569425106	0.00029235074180178344	2
virus_510|label=2	1.7242913600057364e-05	0.49997204542160034	4.0568505710325553e-07	1.1539798379089916e-06	9.160979971056804e-06	2
virus_511|label=2	1.462020918552298e-06	0.49988678097724915	9.448172022530343e-07	7.523417480115313e-06	0.00010325889161322266	2
virus_512|label=2	0.00044145542779006064	0.4717128276824951	2.4969981495814864e-06	0.00037178953061811626	0.02747141756117344	2
virus_513|label=2	0.0005758730694651604	0.4685972034931183	7.156522315199254e-06	9.487025090493262e-05	0.030724935233592987	2
virus_514|label=2	0.000439221243141219	0.49848029017448425	0.00014338368782773614	0.0006194165907800198	0.00031768871122039855	2
virus_515|label=2	0.0031399745494127274	0.4798741936683655	0.0017712726257741451	0.015050978399813175	0.00016362997121177614	2
virus_516|label=2	4.3149120756424963e-05	0.4979400038719177	0.000471936451504007	0.0015432611107826233	1.5852895103307674e-06	2
virus_517|label=2	0.2571904957294464	0.2424575686454773	0.00025526771787554026	8.18370608612895e-05	1.4826614460616838e-05	1
virus_518|label=2	0.00012407898611854762	0.49976402521133423	2.5335886675748043e-05	3.332757478347048e-05	5.326437531039119e-05	2
virus_519|label=2	1.2655153796004015e-06	0.4999884366989136	1.5952113585626648e-07	8.3794884631061e-06	1.730554572532128e-06	2
virus_520|label=2	0.21708552539348602	0.2821199893951416	4.5045508159091696e-05	0.00031014392152428627	0.00043928175000473857	2
virus_521|label=2	2.2698421275890723e-07	0.4997939169406891	2.2293363144854084e-05	0.00011782453657360747	6.574486178578809e-05	2
virus_522|label=2	0.00012920772132929415	0.4440101683139801	0.010361128486692905	0.008457542397081852	0.03704192489385605	2
virus_523|label=2	0.00011435901251388714	0.49601706862449646	0.0028431809041649103	0.0005844734259881079	0.0004408560926094651	2
virus_524|label=2	1.2362729648884851e-05	0.49997061491012573	1.4635636489401804e-06	9.376285561302211e-06	6.2177582549338695e-06	2
virus_525|label=2	0.03531387075781822	0.01977870613336563	0.10080398619174957	0.08058957755565643	0.26351383328437805	5
virus_526|label=2	0.0010454915463924408	0.49356546998023987	0.0002637944126036018	0.002425559563562274	0.0026996773667633533	2
virus_527|label=2	0.01815943419933319	0.44144105911254883	0.010624297894537449	0.008862237446010113	0.020912975072860718	2
virus_528|label=2	6.786754966014996e-05	0.4994466006755829	3.6206378695169406e-07	5.437647701000969e-07	0.00048461995902471244	2
virus_529|label=2	0.0003025709593202919	0.49948740005493164	1.4950005606806371e-05	1.9284998415969312e-05	0.00017580034909769893	2
virus_530|label=2	4.6296495384012815e-06	0.4999903440475464	1.8847906630981015e-06	1.4144999340715003e-06	1.6703830851838575e-06	2
virus_531|label=2	0.00012400154082570225	0.4997241199016571	1.7193815438076854e-05	0.0001073262610589154	2.730912819970399e-05	2
virus_532|label=2	7.859689503675327e-06	0.49928298592567444	8.997684199130163e-05	0.0005407844437286258	7.839264435460791e-05	2
virus_533|label=2	9.252199362208557e-08	0.4999989867210388	3.2662796911608893e-07	2.868408444101078e-07	2.857141225831583e-07	2
virus_534|label=2	0.0003263696562498808	0.49458298087120056	0.00021195394219830632	0.004752798471599817	0.00012586404045578092	2
virus_535|label=2	0.0025266134180128574	0.49741703271865845	1.7267000657739118e-05	2.8052030756953172e-05	1.1010505659214687e-05	2
virus_536|label=2	0.023820076137781143	0.3109248876571655	0.10490202903747559	0.049617279320955276	0.01073574461042881	2
virus_537|label=2	0.001092365593649447	0.45127129554748535	0.02866269089281559	0.018427826464176178	0.0005458378000184894	2
virus_538|label=2	4.3329031029770704e-08	0.4999978542327881	8.447780714959663e-07	2.665553608949267e-07	9.95479126686405e-07	2
virus_539|label=2	2.150178715965012e-06	0.4998684227466583	1.1876379176101182e-05	4.707113839685917e-05	7.04806370777078e-05	2
virus_540|label=2	0.24166414141654968	0.15654000639915466	0.01714315637946129	0.07754816859960556	0.007104482036083937	1
virus_541|label=2	0.00014066170842852443	0.498667448759079	5.653552580042742e-05	8.701360638951883e-05	0.0010483324294909835	2
virus_542|label=2	5.702475846192101e-06	0.4998760521411896	1.4031800674274564e-05	4.430894841789268e-05	5.9877667808905244e-05	2
virus_543|label=2	1.0341028428229038e-05	0.4894747734069824	4.0572223952040076e-05	0.0019086804240942001	0.00856565497815609	2
virus_544|label=2	2.413430775050074e-05	0.49971887469291687	1.3385563761403318e-05	6.760688847862184e-06	0.00023685910855419934	2
virus_545|label=2	0.002237653359770775	0.11001986265182495	0.004983213730156422	0.001959264976903796	0.3807999789714813	5
virus_546|label=2	4.289970263471332e-07	0.4999881982803345	9.98043034883267e-08	1.3213553984314785e-07	1.1159370842506178e-05	2
virus_547|label=2	0.001129136886447668	0.4883654713630676	0.002581101143732667	0.0007306190091185272	0.007193642668426037	2
virus_548|label=2	0.48012539744377136	0.01621655561029911	0.0013117374619469047	0.0017596111865714192	0.0005867029540240765	1
virus_549|label=2	0.055254943668842316	0.027159981429576874	0.028126295655965805	0.20873157680034637	0.18072721362113953	4
virus_550|label=2	0.0011912975460290909	0.41057613492012024	0.008326517418026924	0.007335389498621225	0.07257062941789627	2
virus_551|label=2	0.00018886002362705767	0.033045992255210876	0.045635469257831573	0.12059348821640015	0.300536185503006	5
virus_552|label=2	3.280832061136607e-06	0.49964001774787903	0.00014806906983722	8.087245987553615e-06	0.00020053614571224898	2
virus_553|label=2	3.842268779408187e-05	0.401077002286911	0.08715205639600754	0.011367559432983398	0.0003649283025879413	2
virus_554|label=2	1.2130594768677838e-06	0.4974784553050995	0.0022677378728985786	0.00012284325202926993	0.00012983992928639054	2
virus_555|label=2	5.909350420552073e-06	0.49412378668785095	9.401471470482647e-05	0.0001713688689051196	0.005604968871921301	2
virus_556|label=2	0.0004646187007892877	0.49940574169158936	1.286323276872281e-05	3.9699309127172455e-05	7.712112710578367e-05	2
virus_557|label=2	0.00022358534624800086	0.49436432123184204	0.0015055411495268345	0.0020563772413879633	0.0018501464510336518	2
virus_558|label=2	0.00331687624566257	0.4887438118457794	0.00060916633810848	0.0020991601049900055	0.005231018643826246	2
virus_559|label=2	0.00037342924042604864	0.37708401679992676	0.0012361379340291023	0.004850226454436779	0.11645620316267014	2
virus_560|label=2	0.0002939984842669219	0.4981849193572998	0.00031848318758420646	0.0003783474094234407	0.0008242623298428953	2
virus_561|label=2	0.007304588798433542	0.3238922953605652	0.058642882853746414	0.1096368059515953	0.000523407303262502	2
virus_562|label=2	4.400817852001637e-05	0.4939976632595062	0.00028524507069960237	0.005476849153637886	0.0001962250826181844	2
virus_563|label=2	1.609516516509757e-06	0.49996018409729004	6.324015885184053e-06	1.8541584722697735e-05	1.3367019164434168e-05	2
virus_564|label=2	6.5500312302901875e-06	0.49998217821121216	1.439480143972105e-07	1.378346496494487e-06	9.753721315064467e-06	2
virus_565|label=2	0.03714722767472267	0.45582032203674316	0.0005909233586862683	0.00639001140370965	5.1545404858188704e-05	2
virus_566|label=2	6.421718157234579e-10	0.49999934434890747	4.360929395375024e-09	1.339200927930051e-08	6.301131065811205e-07	2
virus_567|label=2	0.011441582813858986	0.43326759338378906	0.01737336814403534	0.02397540770471096	0.013942084275186062	2
virus_568|label=2	2.7723830498871394e-05	0.488698810338974	0.009009717032313347	0.0003141634224448353	0.0019495422020554543	2
virus_569|label=2	1.0003934221458621e-05	0.49998360872268677	5.0527232815511525e-06	1.1366903152065788e-07	1.2206793371660751e-06	2
virus_570|label=2	0.4062274098396301	0.018392428755760193	0.016543827950954437	0.058543138206005096	0.00029323555645532906	1
virus_571|label=2	0.007986231707036495	0.314211368560791	0.05829666927456856	0.07448581606149673	0.045019958168268204	2
virus_572|label=2	0.0012234412133693695	0.4046918451786041	0.027513040229678154	0.062174566090106964	0.004397125914692879	2
virus_573|label=2	0.018695099279284477	0.43650826811790466	0.014560647308826447	0.012377015314996243	0.01785893179476261	2
virus_574|label=2	0.0034086909145116806	0.32815685868263245	0.009318060241639614	0.1134691834449768	0.04564720019698143	2
virus_575|label=2	0.0016749405767768621	0.4930616021156311	0.00013853675045538694	3.19229147862643e-05	0.005093018524348736	2
virus_576|label=2	0.008753722533583641	0.32156333327293396	0.06741973757743835	0.08722671866416931	0.01503643300384283	2
virus_577|label=2	9.032400157593656e-06	0.499930739402771	2.872248660423793e-05	3.05387657135725e-05	9.61067257776449e-07	2
virus_578|label=2	0.0407247319817543	0.31545475125312805	0.06617697328329086	0.057220689952373505	0.020422877743840218	2
virus_579|label=2	9.216435864800587e-05	0.4997975528240204	3.65999795803873e-07	2.971231651827111e-06	0.00010697454126784578	2
virus_580|label=2	4.4792028347728774e-05	0.4999544024467468	5.14111775373749e-08	1.5943560072173568e-07	5.466653760777263e-07	2
virus_581|label=2	0.006192000117152929	0.48121774196624756	0.0025221111718565226	0.004989077337086201	0.005079042632132769	2
virus_582|label=2	0.007835181429982185	0.23871222138404846	0.007201292086392641	0.02611514739692211	0.22013616561889648	2
virus_583|label=2	0.0007641665870323777	0.455702006816864	0.02560245431959629	0.015182506293058395	0.002748860977590084	2
virus_584|label=2	0.005734013859182596	0.41010817885398865	0.010909982025623322	0.07295738160610199	0.00029037968488410115	2
virus_585|label=2	6.028060397511581e-07	0.49984633922576904	2.051944102277048e-05	8.493140921927989e-05	4.766938218381256e-05	2
virus_586|label=2	2.681618070710101e-06	0.49986717104911804	1.363256387776346e-06	1.238396833969091e-07	0.00012864165182691067	2
virus_587|label=2	0.020622819662094116	0.4791686534881592	9.522782784188166e-05	0.00010337484127376229	9.956257599696983e-06	2
virus_588|label=2	6.784329889342189e-05	0.49729278683662415	2.1600595573545434e-05	0.00020974077051505446	0.0024081000592559576	2
virus_589|label=2	0.00019091734429821372	0.4765065908432007	0.0023410774301737547	0.02018197998404503	0.0007794810808263719	2
virus_590|label=2	0.0019838425796478987	0.4936308264732361	0.0009212119621224701	0.0003136349841952324	0.0031504651997238398	2
virus_591|label=2	9.701709495857358e-05	0.4976426661014557	0.0002038920356426388	0.0006195974419824779	0.0014368578558787704	2
virus_592|label=2	0.0011449727462604642	0.405587375164032	0.003605383913964033	0.03662240877747536	0.05303988233208656	2
virus_593|label=2	2.9504866688512266e-05	0.499795526266098	3.856738840113394e-05	2.6356641683378257e-05	0.0001100945082725957	2
virus_594|label=2	3.583327554679272e-07	0.4999781847000122	6.916955499036703e-06	5.0749408728734124e-06	9.492691788182128e-06	2
virus_595|label=2	2.2160644221003167e-05	0.4994117319583893	4.662224000639981e-06	0.0001112906975322403	0.00045019658864475787	2
virus_596|label=2	0.001929394667968154	0.3612423539161682	0.08818578720092773	0.04829666391015053	0.00034578965278342366	2
virus_597|label=2	3.8554499042220414e-05	0.49722185730934143	0.0005619592848233879	0.0008297223248519003	0.0013479647459462285	2
virus_598|label=2	0.01168992929160595	0.4827952980995178	0.0006928658112883568	0.004298245068639517	0.0005236743600107729	2
virus_599|label=2	3.3959782541614913e-08	0.49999821186065674	5.129285085558877e-08	2.0289348867663648e-07	1.470948973292252e-06	2
virus_600|label=2	0.00011105373414466158	0.49988678097724915	3.1105670927900064e-07	6.716614393553755e-07	1.2044300774505245e-06	2
virus_601|label=2	0.0012694199103862047	0.4950663447380066	0.00028251062030903995	0.003265546867623925	0.00011613146489253268	2
virus_602|label=2	9.515188139630482e-05	0.49989596009254456	4.0213140550804383e-07	1.8064300775222364e-06	6.6680122472462244e-06	2
virus_603|label=2	6.950473903089005e-07	0.49678680300712585	0.0016231178306043148	0.0013809287920594215	0.00020840310025960207	2
virus_604|label=2	0.001833421876654029	0.18746347725391388	0.01803167723119259	0.006202348042279482	0.28646907210350037	5
virus_605|label=2	0.03439659997820854	0.23250888288021088	0.029306257143616676	0.17737475037574768	0.026413515210151672	2
virus_606|label=2	2.0501836672792706e-07	0.49909043312072754	0.0008115528034977615	7.02640536474064e-05	2.7585030693444423e-05	2
virus_607|label=2	0.027339372783899307	0.43096107244491577	0.002769410377368331	0.029677623882889748	0.009252522140741348	2
virus_608|label=2	3.819312769337557e-05	0.49880215525627136	0.0001957085041794926	0.0005642751348204911	0.0003997215535491705	2
virus_609|label=2	0.037152815610170364	0.4048501253128052	0.006801788229495287	0.005026196129620075	0.046169087290763855	2
virus_610|label=2	5.018516822019592e-05	0.49875760078430176	5.5051539675332606e-05	4.6627137635368854e-05	0.0010905519593507051	2
virus_611|label=2	0.0007928052800707519	0.3634048402309418	0.014575428329408169	0.0746910348534584	0.04653584584593773	2
virus_612|label=2	0.001545567880384624	0.49845412373542786	1.3171026580494072e-07	1.6343155095910333e-07	5.890275822650892e-09	2
virus_613|label=2	7.642154741915874e-06	0.4996269643306732	5.017306830268353e-05	5.8952573454007506e-05	0.00025627631112001836	2
virus_614|label=2	5.676261935150251e-06	0.48665615916252136	0.0009670148137956858	0.00575409596785903	0.006616989150643349	2
virus_615|label=2	3.2659750104357954e-06	0.4994807839393616	0.0003108154924120754	0.0001970543380593881	8.087336937023792e-06	2
virus_616|label=2	0.00481775077059865	0.41240233182907104	0.041258130222558975	0.0339989960193634	0.007522784173488617	2
virus_617|label=2	5.123775190440938e-05	0.49046313762664795	0.00025962103973142803	0.0005258752498775721	0.00870018545538187	2
virus_618|label=2	0.006240096874535084	0.4434316158294678	0.0014310522237792611	0.01602764241397381	0.032869573682546616	2
virus_619|label=2	6.116298027336597e-05	0.48204606771469116	0.0009681293740868568	0.002868352457880974	0.01405635941773653	2
virus_620|label=2	0.0005643783952109516	0.4448109567165375	0.00132219516672194	0.04170184209942818	0.011600637808442116	2
virus_621|label=2	0.00011658197763608769	0.04064547270536423	3.95418937841896e-05	0.0003363481955602765	0.4588620662689209	5
virus_622|label=2	0.05616961419582367	0.32631000876426697	0.0006145323277451098	0.0008066627196967602	0.11609922349452972	2
virus_623|label=2	0.012025978416204453	0.4837023615837097	0.001721134758554399	0.0025494922883808613	9.923156767399632e-07	2
virus_624|label=2	4.6538847527699545e-05	0.49033471941947937	0.0025325657334178686	0.007021777797490358	6.44097090116702e-05	2
virus_625|label=2	3.662325298137148e-06	0.49958598613739014	0.00018850462220143527	8.427429565927014e-05	0.00013763313472736627	2
virus_626|label=2	0.0003262100217398256	0.4914563298225403	0.0009471012745052576	0.004402067977935076	0.002868293784558773	2
virus_627|label=2	0.0007851504487916827	0.40761226415634155	0.06006518378853798	0.014902393333613873	0.016635028645396233	2
virus_628|label=2	0.0002934935037046671	0.49956199526786804	2.560771281423513e-05	0.00010242742428090423	1.647738645260688e-05	2
virus_629|label=2	7.981457019923255e-05	0.4997146427631378	3.049000952159986e-05	0.00011937925592064857	5.5665055697318166e-05	2
virus_630|label=2	1.8071512386086397e-05	0.4991942048072815	0.00012356940715108067	0.0001497958874097094	0.0005143987364135683	2
virus_631|label=2	0.002547843148931861	0.4519445598125458	0.027970116585493088	0.008097013458609581	0.009440469555556774	2
virus_632|label=2	0.0002356494514970109	0.4365960359573364	0.05662234500050545	0.006164925172924995	0.000381037185434252	2
virus_633|label=2	0.004366759676486254	0.4953185021877289	1.8929314364868333e-06	1.7350837879348546e-05	0.0002954669180326164	2
virus_634|label=2	5.941059862379916e-05	0.4675656259059906	0.013643701560795307	0.0046160779893398285	0.014115212485194206	2
virus_635|label=2	0.0001383800117764622	0.4990982711315155	0.0005142329027876258	2.521842543501407e-05	0.00022390247613657266	2
virus_636|label=2	1.511638856754871e-06	0.49926069378852844	0.00022992593585513532	0.0004669053014367819	4.103564424440265e-05	2
virus_637|label=2	0.01398030761629343	0.43327102065086365	0.016287149861454964	0.00841328501701355	0.028048256412148476	2
virus_638|label=2	0.0053862230852246284	0.35224008560180664	0.004272747784852982	0.09367047250270844	0.04443047568202019	2
virus_639|label=2	3.176563768647611e-05	0.3815397620201111	0.002172023756429553	0.00035335030406713486	0.1159031018614769	2
virus_640|label=2	0.0010857607703655958	0.48127809166908264	0.00911736860871315	0.0061668218113482	0.00235192128457129	2
virus_641|label=2	0.0029542625416070223	0.061408333480358124	0.006419006735086441	0.004400134552270174	0.4248182773590088	5
virus_642|label=2	0.0048674410209059715	0.43781933188438416	0.0040253568440675735	0.040358394384384155	0.012929435819387436	2
virus_643|label=2	0.003232446266338229	0.4947850704193115	0.0016734953969717026	0.00020924927957821637	9.970321843866259e-05	2
virus_644|label=2	2.120255885529332e-05	0.4460639953613281	0.0002998257987201214	0.0005894749774597585	0.05302547663450241	2
virus_645|label=2	0.0018933048704639077	0.4970638155937195	0.00012048524513375014	8.843019168125466e-05	0.0008339969208464026	2
virus_646|label=2	8.693122026670608e-07	0.49999165534973145	1.5006500575509563e-07	4.9912376454130936e-08	7.220358838821994e-06	2
virus_647|label=2	0.006714537274092436	0.4877472519874573	0.00019460356270428747	0.00041171081829816103	0.004931910429149866	2
virus_648|label=2	2.6211055228486657e-05	0.1097109317779541	0.01552585605531931	0.040726806968450546	0.33401018381118774	5
virus_649|label=2	5.315566522767767e-05	0.49989262223243713	2.4684472919034306e-06	9.296332791564055e-06	4.246904791216366e-05	2
virus_650|label=2	2.2538841221830808e-05	0.4998578131198883	1.1183086598975933e-06	5.956903351034271e-06	0.00011258207086939365	2
virus_651|label=2	0.00014779165212530643	0.48897650837898254	0.0026877284981310368	0.003707258030772209	0.0044807265512645245	2
virus_652|label=2	0.0003740248503163457	0.24611762166023254	0.10113684087991714	0.020030375570058823	0.13234113156795502	2
virus_653|label=2	0.0001690549252089113	0.49898967146873474	0.00019951620197389275	7.64342476031743e-05	0.0005653452244587243	2
virus_654|label=2	6.361415580613539e-05	0.46101269125938416	0.007643792312592268	0.005144481547176838	0.0261353999376297	2
virus_655|label=2	0.00704538868740201	0.3406703472137451	0.008361517451703548	0.016039712354540825	0.12788306176662445	2
virus_656|label=2	0.0016286388272419572	0.4710131585597992	0.02198648452758789	0.005279870703816414	9.178977052215487e-05	2
virus_657|label=2	0.017735088244080544	0.259651780128479	0.09554588049650192	0.04142835736274719	0.08563889563083649	2
virus_658|label=2	0.0006843683077022433	0.4989906847476959	0.00025200669188052416	3.5927543649449944e-05	3.6990146327298135e-05	2
virus_659|label=2	6.336205115076154e-05	0.0005214689881540835	0.48337826132774353	0.014977947808802128	0.0010589902522042394	3
virus_660|label=2	0.0027381256222724915	0.47690069675445557	0.015332452021539211	0.0014257291331887245	0.003603024175390601	2
virus_661|label=2	0.0011711983243003488	0.222342386841774	0.17889393866062164	0.044776398688554764	0.05281612649559975	2
virus_662|label=2	0.23032447695732117	0.218292698264122	0.01881178468465805	0.014303125441074371	0.018267972394824028	1
virus_663|label=2	0.025388602167367935	0.1730363368988037	0.011911989189684391	0.2879660725593567	0.00169700151309371	4
virus_664|label=2	1.1540028310719208e-07	0.49999988079071045	3.526346714632922e-10	5.775591116474743e-09	1.5145475984468248e-09	2
virus_665|label=2	0.00026964856078848243	0.4973287284374237	0.001184429507702589	0.0008354171877726912	0.00038182621938176453	2
virus_666|label=2	4.769870065501891e-05	0.4998057186603546	4.4591881305677816e-05	1.2725349733955227e-05	8.924753637984395e-05	2
virus_667|label=2	0.00016426776710432023	0.06371477991342545	0.006675601005554199	0.0014850932639092207	0.42796024680137634	5
virus_668|label=2	1.1596683179959655e-05	0.4939114451408386	8.451673238596413e-06	4.1071059968089685e-05	0.00602739630267024	2
virus_669|label=2	0.0012126652291044593	0.1143188327550888	0.13217706978321075	0.21914264559745789	0.033148787915706635	4
virus_670|label=2	0.02023344673216343	0.4651193618774414	0.005078507121652365	0.00955011323094368	1.8566654034657404e-05	2
virus_671|label=2	5.176609079171612e-07	0.4999912977218628	3.449268206168199e-06	4.4261191760597285e-06	2.8227472625985683e-07	2
virus_672|label=2	0.004590908531099558	0.49462729692459106	5.461965702124871e-05	8.836228516884148e-05	0.0006388245965354145	2
virus_673|label=2	0.0018283234676346183	0.49127355217933655	5.9469723055372015e-05	0.006605822592973709	0.00023282972688321024	2
virus_674|label=2	0.05740451440215111	0.3744923770427704	0.04509596899151802	0.019969377666711807	0.003037756774574518	2
virus_675|label=2	0.008244480937719345	0.3238931894302368	0.017047498375177383	0.005438372027128935	0.14537647366523743	2
virus_676|label=2	0.007955898530781269	0.4914914071559906	2.1482776446646312e-06	6.72319729346782e-05	0.0004833353450521827	2
virus_677|label=2	0.000976840266957879	0.4950468838214874	0.0013146778801456094	0.0014261550968512893	0.0012354779755696654	2
virus_678|label=2	1.3379795746004675e-05	0.4995749592781067	3.7821450860064942e-06	1.3331000445759855e-05	0.0003944960772059858	2
virus_679|label=2	4.1286341001978144e-05	0.49994611740112305	7.548920166300377e-06	3.5314265005581547e-06	1.5072649830472074e-06	2
virus_680|label=2	1.8684626468257193e-07	0.4999937415122986	5.587731943812457e-10	8.655261396484093e-09	6.061211024643853e-06	2
virus_681|label=2	4.706769232143415e-06	0.49871981143951416	1.0979935723298695e-05	1.1188372809556313e-05	0.0012533037224784493	2
virus_682|label=2	0.007277879863977432	0.24728384613990784	0.24033880233764648	0.003535466268658638	0.001563988160341978	2
virus_683|label=2	1.1880665624630637e-06	0.49998897314071655	7.180307875387371e-06	2.563359430496348e-06	1.3946549870524905e-07	2
virus_684|label=2	0.00022865291975904256	0.2781386077404022	0.21422481536865234	0.007109609432518482	0.0002983314043376595	2
virus_685|label=2	9.49467794271186e-05	0.4984399080276489	0.00015697865455877036	0.0004354584089014679	0.0008726798114366829	2
virus_686|label=2	0.0043312800116837025	0.44667160511016846	0.010234655812382698	0.02451064996421337	0.014251822605729103	2
virus_687|label=2	0.0035059049259871244	0.4961831867694855	0.00013965842663310468	0.00017107278108596802	1.9855946220559417e-07	2
virus_688|label=2	0.00684513570740819	0.4631034731864929	0.0009946750942617655	0.0004894424346275628	0.02856731042265892	2
virus_689|label=2	0.0019442732445895672	0.2858542799949646	0.0792626217007637	0.1172250285744667	0.01571381278336048	2
virus_690|label=2	6.946453140699305e-06	0.49853605031967163	3.5839689189742785e-06	0.001077600521966815	0.0003758599341381341	2
virus_691|label=2	6.507558282464743e-05	0.07081010937690735	0.0028239726088941097	0.008854766376316547	0.4174460768699646	5
virus_692|label=2	1.1355183460182161e-06	0.4426669180393219	0.052463170140981674	0.0007530006696470082	0.004115790594369173	2
virus_693|label=2	9.913390385918319e-05	0.49944546818733215	2.1131991161382757e-06	3.615743844420649e-05	0.0004171954351477325	2
virus_694|label=2	0.00013493593723978847	0.47171372175216675	0.003655613400042057	0.009833218529820442	0.014662432484328747	2
virus_695|label=2	0.00830491166561842	0.4892124533653259	0.0002663735067471862	0.0021486449986696243	6.759563984815031e-05	2
virus_696|label=2	0.24793335795402527	0.038222536444664	0.18861424922943115	0.013956395909190178	0.01127347070723772	1
virus_697|label=2	2.7080517611466348e-05	0.4999387264251709	5.918125225434778e-06	1.9384033294045366e-05	8.917917512007989e-06	2
virus_698|label=2	0.0005428310250863433	0.4529707133769989	0.008165662176907063	0.026843640953302383	0.011477106250822544	2
virus_699|label=2	1.8023873735728557e-06	0.4999573230743408	7.4100412348343525e-06	6.716662483086111e-06	2.6777734092320316e-05	2
virus_700|label=2	0.016227541491389275	0.08913606405258179	0.2405678927898407	0.09999172389507294	0.054076775908470154	3
virus_701|label=2	0.0004991402965970337	0.2431633323431015	0.18590538203716278	0.0703069344162941	0.0001252197107532993	2
virus_702|label=2	0.0007540715741924942	0.432620108127594	0.0004429421096574515	0.0009703005780465901	0.06521255522966385	2
virus_703|label=2	0.0025505537632852793	0.4491807520389557	0.01847189851105213	0.005686917807906866	0.02410989999771118	2
virus_704|label=2	1.61493408086244e-05	0.4998643696308136	1.4242205907066818e-05	5.6316501286346465e-05	4.8905763833317906e-05	2
virus_705|label=2	1.1931010703847278e-06	0.4996567964553833	8.323971997015178e-05	4.5691751438425854e-05	0.00021311419550329447	2
virus_706|label=2	1.2524737030616961e-05	0.490570068359375	2.0285342543502338e-05	0.0003094778803642839	0.00908762775361538	2
virus_707|label=2	0.00010253109940094873	0.0012202076613903046	0.10842574387788773	0.0025649769231677055	0.387686550617218	5
virus_708|label=2	0.046585168689489365	0.44024279713630676	0.009141516871750355	0.0033981839660555124	0.000632355164270848	2
virus_709|label=2	0.00013632758054882288	0.21188518404960632	0.1467958688735962	0.1171656921505928	0.024016961455345154	2
virus_710|label=2	0.0012671585427597165	0.49851152300834656	6.0269634559517726e-05	0.00011768574040615931	4.3409556383267045e-05	2
virus_711|label=2	1.1550229146450874e-06	0.4999578595161438	7.731642654107418e-06	3.110217221546918e-05	2.1215130345808575e-06	2
virus_712|label=2	0.004239721689373255	0.026361970230937004	0.21557800471782684	0.250725656747818	0.003094616811722517	4
virus_713|label=2	0.0003887563943862915	0.20447416603565216	0.24729180335998535	0.003428313648328185	0.044416941702365875	3
virus_714|label=2	0.0004880359338130802	0.499149352312088	6.068586662877351e-05	0.00021435943199321628	8.761128265177831e-05	2
virus_715|label=2	0.11270853132009506	0.3862537443637848	6.3286570366472e-05	6.533225678140298e-05	0.0009091200772672892	2
virus_716|label=2	0.002915690653026104	0.48519712686538696	0.004644092638045549	0.0010031737620010972	0.006239918991923332	2
virus_717|label=2	0.01354171708226204	0.4838669002056122	0.0017383178928866982	0.0007374592241831124	0.0001156021244241856	2
virus_718|label=2	0.00023695560230407864	0.403486043214798	0.00037038690061308444	0.0006250008009374142	0.09528166055679321	2
virus_719|label=2	0.31343990564346313	0.08597927540540695	0.03285343572497368	0.0035633626393973827	0.06416402012109756	1
virus_720|label=2	0.010829754173755646	0.487293541431427	8.867907013154763e-07	1.4305513104773127e-05	0.0018615686567500234	2
virus_721|label=2	0.055257298052310944	0.4431042969226837	1.685189454292413e-05	1.056048131431453e-05	0.0016109931748360395	2
virus_722|label=2	0.016547800973057747	0.4663921296596527	0.005576225463300943	0.007332600187510252	0.0041512600146234035	2
virus_723|label=2	0.005011577159166336	0.2825720012187958	0.000564688176382333	0.0006548214587382972	0.2111969143152237	2
virus_724|label=2	0.0008787275874055922	0.38924476504325867	0.004215439781546593	0.0008824117248877883	0.10477866977453232	2
virus_725|label=2	0.0001340918825007975	0.49986210465431213	7.021460532996571e-07	3.1280940220312914e-06	5.033334166126835e-11	2
virus_726|label=2	0.0002452668559271842	0.4714649021625519	0.011319782584905624	0.003897524205967784	0.013072547502815723	2
virus_727|label=2	0.0002642979670781642	0.48872944712638855	3.588413892430253e-05	6.652851880062371e-05	0.010903867892920971	2
virus_728|label=2	7.013107733655488e-06	0.49988988041877747	4.209449980407953e-05	2.5588669814169407e-05	3.54502335540019e-05	2
virus_729|label=2	0.013669569045305252	0.4843575656414032	0.0002025661087827757	8.399347279919311e-05	0.0016862754710018635	2
virus_730|label=2	9.121407629208989e-08	0.49987849593162537	9.321930605210582e-08	2.793512692278455e-07	0.0001209712281706743	2
virus_731|label=2	0.02253679931163788	0.47741150856018066	2.4043994926614687e-05	2.6546289518591948e-05	1.1256041716478649e-06	2
virus_732|label=2	0.0013484199298545718	0.49086350202560425	0.007085816469043493	0.0006949480157345533	7.314977210626239e-06	2
virus_733|label=2	1.9058807083638385e-06	0.4999936819076538	5.455739824355987e-07	4.6951910803727515e-07	3.3875410281325458e-06	2
virus_734|label=2	0.0005294937291182578	0.46616631746292114	0.027301589027047157	0.003607500111684203	0.0023950503673404455	2
virus_735|label=2	0.06528457999229431	0.4323369562625885	0.0006132365087978542	0.00024131921236403286	0.00152390927542001	2
virus_736|label=2	5.479905951233377e-08	0.4999598264694214	3.3566255297046155e-05	4.795996574102901e-06	1.7646093510848004e-06	2
virus_737|label=2	1.7092741018132074e-06	0.49988582730293274	1.7045647382474272e-06	1.0342056157242041e-05	0.0001003618017421104	2
virus_738|label=2	0.029086753726005554	0.4516192376613617	0.0030532972887158394	0.006255380343645811	0.009985316544771194	2
virus_739|label=2	0.002712865127250552	0.09902247786521912	0.018028492107987404	0.1084529459476471	0.2717832028865814	5
virus_740|label=2	3.994699363829568e-05	0.49946561455726624	8.092846655927133e-06	3.163691872032359e-05	0.00045472997589968145	2
virus_741|label=2	0.004924684762954712	0.49373018741607666	0.000698866555467248	0.0006381301209330559	8.133354640449397e-06	2
virus_742|label=2	0.002549795899540186	0.008558272384107113	0.018285807222127914	0.06384097039699554	0.4067651629447937	5
virus_743|label=2	0.00041302572935819626	0.49783065915107727	0.00010994263720931485	0.0007453062571585178	0.0009009902132675052	2
virus_744|label=2	0.00017855646729003638	0.08433935046195984	0.1048770397901535	0.013989325612783432	0.29661574959754944	5
virus_745|label=2	1.3200980752969826e-08	0.499986469745636	9.035470149854063e-09	6.322372847478164e-09	1.3511952602129895e-05	2
virus_746|label=2	8.275306754512712e-05	0.036887332797050476	0.05692559480667114	0.06465020030736923	0.3414541184902191	5
virus_747|label=2	2.3287775547942147e-05	0.4607986807823181	8.048819290706888e-05	0.00021938004647381604	0.038878150284290314	2
virus_748|label=2	0.00016755795513745397	0.4992470145225525	1.4251555512601044e-05	4.691995127359405e-05	0.0005243030027486384	2
virus_749|label=2	0.07542092353105545	0.420633465051651	0.0021582094486802816	0.0017319454345852137	5.5453867389587685e-05	2
virus_750|label=2	0.1869126558303833	0.275278240442276	0.0013753840466961265	0.02718283236026764	0.00925091840326786	2
virus_751|label=2	0.010913689620792866	0.10539330542087555	0.009982995688915253	0.36945641040802	0.004253621678799391	4
virus_752|label=2	1.3811596545565408e-05	0.29985398054122925	0.08402766287326813	0.11463145911693573	0.0014730909606441855	2
virus_753|label=2	0.005430052522569895	0.40944376587867737	0.00046682413085363805	0.0005299767944961786	0.08412937819957733	2
virus_754|label=2	0.011843271553516388	0.17173528671264648	0.009351806715130806	0.006691263057291508	0.30037838220596313	5
virus_755|label=2	0.0005018169758841395	0.49941059947013855	8.308959513669834e-05	3.8068062622187426e-06	6.710831144118856e-07	2
virus_756|label=2	6.725748971803114e-05	0.13478395342826843	0.15337055921554565	0.058688901364803314	0.15308928489685059	3
virus_757|label=2	0.0037575452588498592	0.46696028113365173	0.004322520922869444	0.01815720647573471	0.006802426651120186	2
virus_758|label=2	1.6301670768825716e-07	0.49997520446777344	2.7785868041974027e-06	2.066662273136899e-05	1.120467459259089e-06	2
virus_759|label=2	0.019057592377066612	0.4006636440753937	0.054523780941963196	0.012417142279446125	0.013337832875549793	2
virus_760|label=2	0.09279942512512207	0.40300267934799194	0.00010778637079056352	0.00030919801793061197	0.003780885599553585	2
virus_761|label=2	0.0001301378506468609	0.4668349623680115	0.01379528921097517	0.007358646485954523	0.011880991980433464	2
virus_762|label=2	1.4676492355647497e-05	0.49991366267204285	4.499428087001434e-06	4.912534495815635e-05	1.80601255124202e-05	2
virus_763|label=2	5.4652278777211905e-05	0.4890853464603424	0.0004848693497478962	0.0011183887254446745	0.00925680436193943	2
virus_764|label=2	0.054736409336328506	0.001242194208316505	0.012108045630156994	0.01691247522830963	0.41500088572502136	5
virus_765|label=2	0.0010612033074721694	0.47396790981292725	0.004049311392009258	0.0030941180884838104	0.01782747358083725	2
virus_766|label=2	0.20707674324512482	0.2808833122253418	0.0039381543174386024	0.007738597225397825	0.0003631731087807566	2
virus_767|label=2	0.001023235497996211	0.01753523387014866	0.17457321286201477	0.21196900308132172	0.09489932656288147	4
virus_768|label=2	8.851839083945379e-05	0.48130565881729126	0.006843038834631443	0.0062833563424646854	0.005479432642459869	2
virus_769|label=2	0.004451995715498924	0.21068428456783295	0.0015532716643065214	0.06030801311135292	0.22300244867801666	5
virus_770|label=2	9.463461765335524e-07	0.4999818801879883	2.2054877035770915e-07	1.2347990150374244e-06	1.5646381143596955e-05	2
virus_771|label=2	9.261437662644312e-05	0.499726265668869	2.321411784578231e-06	0.00010394628043286502	7.480995554942638e-05	2
virus_772|label=2	0.01631096377968788	0.48226189613342285	2.14733063330641e-05	0.0011763315415009856	0.0002293521974934265	2
virus_773|label=2	0.07001698762178421	0.42925867438316345	9.927330211212393e-06	8.770009117142763e-06	0.000705666549038142	2
virus_774|label=2	0.0003676146734505892	0.44959190487861633	0.00021126768842805177	0.00016228250751737505	0.04966695234179497	2
virus_775|label=2	0.013778384774923325	0.464021772146225	0.017069634050130844	0.004943361971527338	0.00018685315444599837	2
virus_776|label=2	7.618024966404846e-08	0.49990859627723694	3.2718926945563e-07	1.7433734456062666e-06	8.932356286095455e-05	2
virus_777|label=2	5.99162490289018e-07	0.4999535083770752	3.469281000434421e-05	1.0195757567998953e-05	1.0202375051449053e-06	2
virus_778|label=2	4.956552857038332e-08	0.49992960691452026	2.0442729464775766e-07	1.0739307072071824e-05	5.939992843195796e-05	2
virus_779|label=2	0.052678823471069336	0.44460329413414	0.0013423487544059753	0.000604325148742646	0.0007712302030995488	2
virus_780|label=2	0.00031646317802369595	0.49967071413993835	8.442446528533765e-07	1.5000522353147971e-06	1.0454645234858617e-05	2
virus_781|label=2	3.5193016856283066e-07	0.4999995827674866	8.276473395518735e-10	4.1774626424739836e-08	1.9795324490701205e-08	2
virus_782|label=2	1.9883351342286915e-05	0.49993133544921875	2.270943696203176e-06	1.6249348846031353e-05	3.021890006493777e-05	2
virus_783|label=2	4.4343568816884726e-08	0.4999859929084778	9.810744217020329e-09	4.421938815113435e-09	1.396031893818872e-05	2
virus_784|label=2	0.005475221201777458	0.4943486452102661	0.00015074228576850146	2.0751996999024414e-05	4.6668910727021284e-06	2
virus_785|label=2	0.00656151445582509	0.47935619950294495	0.0003094426356256008	9.015768591780216e-05	0.01368265226483345	2
virus_786|label=2	0.0035388933029025793	0.48090821504592896	0.006830085534602404	0.004371183924376965	0.004351605661213398	2
virus_787|label=2	5.243460327619687e-05	0.4987148344516754	0.00014939592801965773	0.0001546553976368159	0.0009286808781325817	2
virus_788|label=2	3.8705595216015354e-05	0.4825279712677002	0.008128177374601364	0.0023156891111284494	0.0069894250482320786	2
virus_789|label=2	0.0007958598434925079	0.4761272072792053	0.002525303978472948	0.01680169627070427	0.003749920753762126	2
virus_790|label=2	0.005055960733443499	0.4938797652721405	0.000480563408927992	0.0005401007365435362	4.3606560211628675e-05	2
virus_791|label=2	0.0017148216720670462	0.19032971560955048	0.003287026658654213	0.00991261750459671	0.29475581645965576	5
virus_792|label=2	0.0011473665945231915	0.4975986182689667	0.00027325216797180474	0.0003327575686853379	0.0006479330477304757	2
virus_793|label=2	0.09911767393350601	0.12836803495883942	0.14292825758457184	0.12405852228403091	0.005527514964342117	3
virus_794|label=2	6.58655244478723e-06	0.499756395816803	2.7042180590797216e-05	1.2902130038128234e-05	0.00019700163102243096	2
virus_795|label=2	0.0007152337930165231	0.18819378316402435	8.242129842983559e-05	0.00015977784642018378	0.31084880232810974	5
virus_796|label=2	0.0009071386884897947	0.2557588815689087	0.18411387503147125	0.05631614476442337	0.0029040067456662655	2
virus_797|label=2	0.00031637452775612473	0.49958622455596924	3.073109837714583e-05	4.817898297915235e-05	1.8533972252043895e-05	2
virus_798|label=2	0.00015978465671651065	0.23171481490135193	0.0005758372717536986	0.00022243865532800555	0.26732712984085083	5
virus_799|label=2	0.048655055463314056	0.45025765895843506	0.0006999074830673635	0.00025467094383202493	0.00013266103633213788	2
virus_800|label=2	0.00032469420693814754	0.32559800148010254	0.03676162287592888	0.016284937039017677	0.1210307627916336	2
virus_801|label=2	0.0005670011159963906	0.09100442379713058	0.30024781823158264	0.09422801434993744	0.013952787034213543	3
virus_802|label=2	0.0002111286303261295	0.4973592162132263	0.0002581629087217152	2.4993814804474823e-05	0.0021464861929416656	2
virus_803|label=2	1.6857173932294245e-06	0.4998774230480194	1.4239725715015084e-05	2.464337376295589e-05	8.199969306588173e-05	2
virus_804|label=2	0.00011394135799491778	0.49906590580940247	0.00021628860849887133	0.0005042109987698495	9.966426296159625e-05	2
virus_805|label=2	0.010825966484844685	0.2528693974018097	0.06354047358036041	0.09162363409996033	0.08114054054021835	2
virus_806|label=2	0.07906881719827652	0.2554793357849121	0.15732009708881378	1.0119383659912273e-05	0.008121675811707973	2
virus_807|label=2	0.001765661290846765	0.49196502566337585	0.0036075282841920853	0.0023298885207623243	0.0003318906528875232	2
virus_808|label=2	1.9369203130281676e-07	0.49898016452789307	9.39170661240496e-07	1.2464655810617842e-05	0.0010062286164611578	2
virus_809|label=2	2.5278570319642313e-05	0.49944913387298584	7.945748620841186e-06	0.00032411355641670525	0.0001934840838657692	2
virus_810|label=2	0.0001270321517949924	0.018805576488375664	0.4585014283657074	0.022444555535912514	0.00012145723303547129	3
virus_811|label=2	0.0010171188041567802	0.008798984810709953	0.00012047396012349054	4.9793052312452346e-05	0.49001362919807434	5
virus_812|label=2	3.604786343203159e-06	0.4999944567680359	1.234867795574246e-06	3.299341244655807e-07	3.8066053775764885e-07	2
virus_813|label=2	0.08031763881444931	0.4108974039554596	0.0040021734312176704	0.00024299528740812093	0.0045397039502859116	2
virus_814|label=2	0.00021252808801364154	0.18047353625297546	0.10513579845428467	0.016333075240254402	0.19784507155418396	5
virus_815|label=2	0.00034114785376004875	0.4905233681201935	3.257894059061073e-05	0.00012167784734629095	0.008981225080788136	2
virus_816|label=2	0.00012195572344353423	0.4755072593688965	0.004391855094581842	0.0006673162570223212	0.019311711192131042	2
virus_817|label=2	8.786594662524294e-06	0.4999740719795227	8.679710958858777e-07	4.0430398939861334e-07	1.5869629351072945e-05	2
virus_818|label=2	0.0002382289821980521	0.4857262670993805	0.00032486201962456107	0.000645780994091183	0.013064919039607048	2
virus_819|label=2	4.054877081216546e-06	0.49081364274024963	5.63520698051434e-05	5.190935917198658e-05	0.009074097499251366	2
virus_820|label=2	0.013484971597790718	0.3401501774787903	0.01755605638027191	0.0076960609294474125	0.12111280858516693	2
virus_821|label=2	3.912683951057261e-06	0.4944438636302948	4.820834510610439e-05	0.0012781332479789853	0.004225950688123703	2
virus_822|label=2	0.0028198433574289083	0.3655937612056732	0.01351782213896513	0.11759684234857559	0.0004717012634500861	2
virus_823|label=2	1.345669534202898e-05	0.49853429198265076	5.5186337704071775e-05	0.0005296622985042632	0.0008674296550452709	2
virus_824|label=2	0.007659852970391512	0.4669676125049591	4.991629339201609e-06	4.928774797008373e-05	0.025318263098597527	2
virus_825|label=2	0.00868111290037632	0.49002352356910706	0.0011430296581238508	0.00011594735406106338	3.641232615336776e-05	2
virus_826|label=2	0.012113208882510662	0.24207313358783722	0.14877529442310333	0.07513978332281113	0.02189859189093113	2
virus_827|label=2	0.42978864908218384	0.06414144486188889	0.0002824145194608718	0.004811352584511042	0.0009761329856701195	1
virus_828|label=2	0.01628662273287773	0.1650427132844925	0.01223192922770977	0.008686964400112629	0.2977518141269684	5
virus_829|label=2	0.0003619157359935343	0.055783651769161224	0.36178895831108093	0.03184248507022858	0.050223007798194885	3
virus_830|label=2	0.0007058175979182124	0.49371710419654846	0.0015257303602993488	0.0012726568384096026	0.002778732217848301	2
virus_831|label=2	0.0010509125422686338	0.10790545493364334	0.11780370771884918	0.26294147968292236	0.010298468172550201	4
virus_832|label=2	8.298306966025848e-06	0.49984294176101685	7.834681127860676e-06	3.709192606038414e-05	0.00010393347474746406	2
virus_833|label=2	3.247754284529947e-05	0.4702007472515106	0.00018606935918796808	0.0010119745275005698	0.028568735346198082	2
virus_834|label=2	0.0001777867291821167	0.49979379773139954	4.459488081920426e-06	3.2067048323369818e-06	2.073531322821509e-05	2
virus_835|label=2	0.016198495402932167	0.47152721881866455	2.2899539544596337e-05	0.00041468284325674176	0.011836710385978222	2
virus_836|label=2	9.75139391812263e-06	0.49999016523361206	2.4135271559089233e-09	5.0787658523177015e-08	1.4836143868990348e-08	2
virus_837|label=2	0.0036165916826575994	0.3688088059425354	4.7211095079546794e-05	0.00021632334392052144	0.12731103599071503	2
virus_838|label=2	0.010577011853456497	0.489384263753891	4.239011104800738e-06	4.532376806309912e-06	2.991206019942183e-05	2
virus_839|label=2	0.0007748337229713798	0.4988255798816681	4.8439302190672606e-05	0.00028213910991325974	6.900164589751512e-05	2
virus_840|label=2	0.2908051013946533	0.1740158200263977	2.7171856345376e-05	2.6693536710808985e-05	0.0351252481341362	1
virus_841|label=2	1.7784097508410923e-05	0.47206318378448486	0.025283051654696465	0.00022584374528378248	0.0024101706221699715	2
virus_842|label=2	7.272927632584469e-06	0.4968324899673462	0.0019406575011089444	0.0003065483761020005	0.0009130476973950863	2
virus_843|label=2	0.052878718823194504	0.44701239466667175	1.3484418559528422e-05	2.931816015916411e-05	6.60642035654746e-05	2
virus_844|label=2	0.0007779196603223681	0.4379917085170746	1.6793160284578335e-07	6.4033442868094426e-06	0.06122377887368202	2
virus_845|label=2	0.008458380587399006	0.488668292760849	0.0002196343120886013	0.0007329523796215653	0.001920752925798297	2
virus_846|label=2	3.70157795259729e-05	0.49542656540870667	2.5482167984591797e-05	0.0022268483880907297	0.002284100279211998	2
virus_847|label=2	0.0015990809770300984	0.49780264496803284	1.8154674990000785e-06	3.74290430045221e-05	0.0005589682259596884	2
virus_848|label=2	2.9879815883759875e-06	0.49999523162841797	6.701175436774065e-08	2.468444222358812e-07	1.5076129784574732e-06	2
virus_849|label=2	0.32045406103134155	0.1546129435300827	0.00038025309913791716	0.00486054178327322	0.019692212343215942	1
virus_850|label=2	0.06615398824214935	0.4310795068740845	0.001314908149652183	0.0008895400096662343	0.0005620492156594992	2
virus_851|label=2	2.5724673832883127e-05	0.3851146697998047	0.004195242654532194	0.009065268561244011	0.10159910470247269	2
virus_852|label=2	0.0041239759884774685	0.4790257513523102	0.005656221881508827	0.008215486072003841	0.0029785365331918	2
virus_853|label=2	0.00034450614475645125	0.47420838475227356	0.001315467176027596	0.011941859498620033	0.012189819477498531	2
virus_854|label=2	0.005298072937875986	0.4827045202255249	0.0010583146940916777	0.010842161253094673	9.689365106169134e-05	2
virus_855|label=2	0.003995287697762251	0.44388386607170105	0.011264881119132042	0.04040903225541115	0.00044690215145237744	2
virus_856|label=2	9.3455389560404e-07	0.49179157614707947	0.000554699101485312	5.243517807684839e-05	0.007600334472954273	2
virus_857|label=2	0.0005703410133719444	0.06986471265554428	0.0006022654706612229	0.002455952111631632	0.4265066981315613	5
virus_858|label=2	0.00014696648577228189	0.49947595596313477	8.810587314656004e-05	8.558289846405387e-05	0.0002033911441685632	2
virus_859|label=2	1.3346257219382096e-06	0.4998537003993988	5.80302241814934e-07	8.820668881526217e-06	0.0001355387212242931	2
virus_860|label=2	0.00033434093347750604	0.48368901014328003	0.00014460984675679356	0.0037471684627234936	0.012084892950952053	2
virus_861|label=2	0.0002696542942430824	0.4967723488807678	0.0026665956247597933	0.0002508483303245157	4.057774640386924e-05	2
virus_862|label=2	0.0742826759815216	0.11571274697780609	0.1210029199719429	0.026588331907987595	0.1624133437871933	5
virus_863|label=2	0.011234370991587639	0.40975654125213623	0.015197515487670898	0.06003230810165405	0.0037792648654431105	2
virus_864|label=2	3.609234511259274e-07	0.4999732971191406	5.301880264596548e-06	2.08434557862347e-05	2.0508782938577497e-07	2
virus_865|label=2	0.003030328778550029	0.4961153566837311	1.6650301404297352e-05	7.218552491394803e-05	0.0007653913926333189	2
virus_866|label=2	1.8417670162307331e-06	0.4999617338180542	4.4440798774303403e-07	1.0963690328935627e-06	3.49304209521506e-05	2
virus_867|label=2	0.049866266548633575	0.26481351256370544	0.12995119392871857	0.04184295982122421	0.01352611742913723	2
virus_868|label=2	8.464146958431229e-05	0.49971678853034973	1.0133208888873924e-05	2.581559238024056e-05	0.00016260004485957325	2
virus_869|label=2	0.0001836418960010633	0.49865567684173584	0.001039409078657627	0.00010861000191653147	1.2708255781035405e-05	2
virus_870|label=2	5.632250008602568e-07	0.49991050362586975	5.4949468903942034e-05	1.5202935173874721e-05	1.8860260752262548e-05	2
virus_871|label=2	1.4386296243174002e-05	0.4778108596801758	1.1682699550874531e-05	0.000497043423820287	0.021666010841727257	2
virus_872|label=2	0.0013846223009750247	0.4980689585208893	0.00017389353888574988	3.755664874915965e-05	0.0003349461767356843	2
virus_873|label=2	2.2697353415424004e-05	0.49714112281799316	0.0009664367535151541	0.00019341771258041263	0.001676318235695362	2
virus_874|label=2	0.0008760025957599282	0.48921796679496765	0.0001486270921304822	0.005886312574148178	0.0038710436783730984	2
virus_875|label=2	0.0003497223951853812	0.4966636896133423	0.000558198313228786	0.002360292011871934	6.807823228882626e-05	2
virus_876|label=2	0.0007236479432322085	0.49882450699806213	0.00022036292648408562	5.7019609812414274e-05	0.00017448108701501042	2
virus_877|label=2	6.896572358527919e-06	0.49865269660949707	2.9423956220853142e-05	6.727777508785948e-05	0.0012436737306416035	2
virus_878|label=2	1.5124935998755973e-05	0.49998408555984497	7.013258596089145e-08	3.896964173577544e-08	6.260722784645623e-07	2
virus_879|label=2	9.173135140372324e-07	0.4999973177909851	3.9119564121392614e-07	7.597836884087883e-07	5.68326015581988e-07	2
virus_880|label=2	6.470418156823143e-05	0.49916431307792664	4.040632120450027e-05	0.000673789472784847	5.679997047991492e-05	2
virus_881|label=2	0.00014911565813235939	0.4995206892490387	0.00023720531316939741	3.8496731576742604e-05	5.452159166452475e-05	2
virus_882|label=2	0.0044358475133776665	0.44350865483283997	0.015842603519558907	0.008389976806938648	0.027822930365800858	2
virus_883|label=2	1.4850333172944374e-05	0.4952883720397949	9.952619620889891e-06	2.3585487724631093e-05	0.00466318940743804	2
virus_884|label=2	0.0015466195764020085	0.49826085567474365	6.327499431790784e-05	0.00011584136518649757	1.341493316431297e-05	2
virus_885|label=2	0.0023495452478528023	0.3429572880268097	0.0011425417615100741	0.002861056011170149	0.15068958699703217	2
virus_886|label=2	0.002636384218931198	0.48944684863090515	0.0008359229541383684	0.0067820982076227665	0.00029872197774238884	2
virus_887|label=2	5.044202771387063e-05	0.4784855246543884	0.017742114141583443	0.0018773918272927403	0.001844540354795754	2
virus_888|label=2	2.375133044552058e-05	0.49913883209228516	7.214071229100227e-05	0.00023198931012302637	0.0005332866567187011	2
virus_889|label=2	0.05944808945059776	0.001496020471677184	0.4127333462238312	0.026149125769734383	0.0001734154939185828	3
virus_890|label=2	0.0003391261852812022	0.49945616722106934	9.261005470762029e-05	9.488791693001986e-05	1.7197187844431028e-05	2
virus_891|label=2	2.9333828933886252e-05	0.4627675712108612	7.638384886377025e-06	5.070142651675269e-05	0.03714479133486748	2
virus_892|label=2	7.573898619739339e-05	0.4999057352542877	3.5388595165386505e-07	8.712122507859021e-06	9.467757081438322e-06	2
virus_893|label=2	1.004812293103896e-05	0.492299884557724	0.00042005337309092283	0.000897906837053597	0.006372100207954645	2
virus_894|label=2	2.218165718659293e-05	0.4807899594306946	0.006309773772954941	0.011427154764533043	0.0014509019674733281	2
virus_895|label=2	0.00036344261025078595	0.47259625792503357	0.0004745687765534967	0.01790531538426876	0.008660431951284409	2
virus_896|label=2	0.0002923305728472769	0.047249455004930496	0.27994197607040405	0.17248639464378357	2.9865241231163964e-05	3
virus_897|label=2	0.009563704021275043	0.02498723566532135	0.014027179218828678	0.006967675872147083	0.4444541931152344	5
virus_898|label=2	0.0018146579386666417	0.486198365688324	0.0006760773831047118	0.010833078995347023	0.0004778005531989038	2
virus_899|label=2	0.0011585564352571964	0.4981174170970917	0.0005837221397086978	0.00011372904555173591	2.6597463147481903e-05	2
virus_900|label=2	1.569579035276547e-05	0.4923097789287567	0.00017775793094187975	0.0002532450307626277	0.007243541069328785	2
virus_901|label=2	0.00015835597878322005	0.4981894791126251	1.1717527740984224e-05	0.0001855027221608907	0.0014549645129591227	2
virus_902|label=2	7.945919060148299e-05	0.49946197867393494	6.225793640624033e-07	6.496514288301114e-06	0.0004514427564572543	2
virus_903|label=2	1.5470492144231685e-05	0.4997791349887848	1.4318909961730242e-05	2.5108885893132538e-05	0.00016598864749539644	2
virus_904|label=2	0.0004827281227335334	0.4981174170970917	0.00032454050960950553	0.0010472140274941921	2.8154583560535684e-05	2
virus_905|label=2	5.71273012610618e-05	0.49825137853622437	0.0005373357562348247	0.001153253368102014	9.087422085940489e-07	2
virus_906|label=2	0.15077078342437744	0.3489249348640442	6.024191316100769e-05	0.00013072036381345242	0.00011335730232531205	2
virus_907|label=2	0.0002694623835850507	0.4985509216785431	5.2635627071140334e-05	0.00028656996437348425	0.0008403375977650285	2
virus_908|label=2	1.691946090431884e-05	0.49962565302848816	9.697495443106163e-06	0.00030248260009102523	4.519236972555518e-05	2
virus_909|label=2	0.025552961975336075	0.47425252199172974	8.57167560752714e-06	0.00012504137703217566	6.090504029998556e-05	2
virus_910|label=2	6.187716280692257e-06	0.49897000193595886	0.00013734785898122936	0.0006680857040919363	0.00021833991922903806	2
virus_911|label=2	0.00011446442658780143	0.4186166226863861	0.01339403074234724	0.020807208493351936	0.04706769809126854	2
virus_912|label=2	5.218809383222833e-05	0.49892544746398926	0.0005174587713554502	0.00013458709872793406	0.0003703385591506958	2
virus_913|label=2	2.491206714694272e-06	0.49999356269836426	4.1999604150078085e-07	2.6947980131808436e-06	8.32789737614803e-07	2
virus_914|label=2	0.1270969957113266	0.017313210293650627	0.11166464537382126	0.13139458000659943	0.11253054440021515	4
virus_915|label=2	0.00013864616630598903	0.49594762921333313	0.0001272625959245488	0.0005859050434082747	0.003200521459802985	2
virus_916|label=2	0.0026448715943843126	0.4769565165042877	0.0033199996687471867	0.003234707284718752	0.013844002969563007	2
virus_917|label=2	1.6601805327809416e-05	0.4999356269836426	1.9230736825193162e-07	4.1788908333728614e-07	4.713551243185066e-05	2
virus_918|label=2	0.00023606640752404928	0.4997042417526245	2.4310927528858883e-06	2.4252688035630854e-06	5.482040796778165e-05	2
virus_919|label=2	2.36881146520318e-06	0.4999920725822449	1.3067181043879827e-06	1.2297965668039978e-06	2.9918176096543903e-06	2
virus_920|label=2	1.639806760067586e-05	0.4999019205570221	6.191025022417307e-06	6.005484829074703e-05	1.5413965229527093e-05	2
virus_921|label=2	3.522011184031726e-06	0.49932602047920227	7.164208363974467e-05	0.0005237856530584395	7.501305663026869e-05	2
virus_922|label=2	2.576543636223505e-07	0.49999845027923584	4.625247811418376e-07	2.2631263618677622e-07	6.053114134374482e-07	2
virus_923|label=2	0.0005426935385912657	0.4971606135368347	0.00013071257853880525	0.0014599706046283245	0.0007059586350806057	2
virus_924|label=2	0.0005434116465039551	0.499301940202713	4.512055602390319e-05	4.9553582357475534e-05	5.992348087602295e-05	2
virus_925|label=2	0.018543081358075142	0.364796906709671	0.06780895590782166	0.040007054805755615	0.008843988180160522	2
virus_926|label=2	0.00022084821830503643	0.49553215503692627	0.002751722699031234	0.0013191909529268742	0.00017609434144105762	2
virus_927|label=2	2.989817815546303e-08	0.4999939203262329	1.8613245345022733e-07	3.9957794228939747e-07	5.448870524560334e-06	2
virus_928|label=2	7.950276994961314e-06	0.4997624158859253	1.8395507140667178e-05	6.369414768414572e-05	0.00014756001473870128	2
virus_929|label=2	0.13017632067203522	0.03418226167559624	0.030964292585849762	0.21793493628501892	0.08674217760562897	4
virus_930|label=2	0.0002459762617945671	0.4967746436595917	3.779961116379127e-05	8.382563100894913e-05	0.002857813611626625	2
virus_931|label=2	2.9402606287476374e-06	0.49988749623298645	1.0989576367137488e-05	2.3523822164861485e-05	7.505651592509821e-05	2
virus_932|label=2	1.6943342416197993e-05	0.4930834472179413	6.0773738368880004e-05	0.0012338723754510283	0.00560498982667923	2
virus_933|label=2	3.992090205429122e-05	0.4997643232345581	2.863660301954951e-05	3.990012191934511e-05	0.00012718648940790445	2
virus_934|label=2	0.00019120151409879327	0.025903627276420593	0.007031181361526251	0.00020177366968709975	0.46667224168777466	5
virus_935|label=2	1.260427507077111e-05	0.499912291765213	3.02806654417509e-07	3.454251213952375e-07	7.441002526320517e-05	2
virus_936|label=2	0.002013206947594881	0.46135228872299194	0.001694274484179914	0.0007482949877157807	0.03419196605682373	2
virus_937|label=2	0.20571449398994446	0.294102281332016	4.427613384905271e-05	8.119184349197894e-05	5.7783872762229294e-05	2
virus_938|label=2	0.013515790924429893	0.4785480201244354	0.004718929994851351	0.00317760300822556	3.9675516745774075e-05	2
virus_939|label=2	0.00029433329473249614	0.1643253117799759	0.017732052132487297	0.12977102398872375	0.18787725269794464	5
virus_940|label=2	0.0009932667016983032	0.4393196403980255	0.012521760538220406	0.012741864658892155	0.03442348167300224	2
virus_941|label=2	0.005248459056019783	0.4709864556789398	0.020145447924733162	0.0035751364193856716	4.449235711945221e-05	2
virus_942|label=2	4.512403393164277e-06	0.49659478664398193	0.0019040389452129602	0.00038323691114783287	0.0011134094092994928	2
virus_943|label=2	1.395053095620824e-05	0.1097896620631218	0.017221737653017044	0.014583725482225418	0.3583908975124359	5
virus_944|label=2	0.0003895327099598944	0.4944264888763428	0.0022834711708128452	0.0007280153222382069	0.002172480570152402	2
virus_945|label=2	0.0005055257934145629	0.4961874783039093	0.0001411944831488654	0.00012098250590497628	0.0030448883771896362	2
virus_946|label=2	3.583975922083482e-05	0.4959859251976013	0.00031144896638579667	0.0010941372020170093	0.0025726230815052986	2
virus_947|label=2	0.0008769909618422389	0.4966256320476532	0.00016049228725023568	0.0014351826393976808	0.0009017099509947002	2
virus_948|label=2	0.0002088360779453069	0.49924641847610474	2.5729689241416054e-06	3.574280708562583e-05	0.0005064353463239968	2
virus_949|label=2	0.0004766674537677318	0.47504010796546936	0.015535923652350903	0.008498082868754864	0.0004492305452004075	2
virus_950|label=2	0.0004313085228204727	0.4562635123729706	0.010913371108472347	0.03134598582983017	0.0010458201868459582	2
virus_951|label=2	8.243642355409975e-07	0.4999884366989136	3.400145658360998e-07	5.419313310994767e-06	4.976371656084666e-06	2
virus_952|label=2	6.787282472942024e-05	0.49979469180107117	3.8188168218766805e-06	0.00011246237409068272	2.115611823683139e-05	2
virus_953|label=2	1.2065371265634894e-05	0.49997371435165405	9.194453923555557e-06	3.4926608805108117e-06	1.5326866105169756e-06	2
virus_954|label=2	2.734682311711367e-07	0.49999749660491943	2.2910166208589544e-08	5.008965899833129e-07	1.743788175190275e-06	2
virus_955|label=2	0.0004341455060057342	0.48963820934295654	0.0002309873525518924	0.0020080304238945246	0.007688653189688921	2
virus_956|label=2	0.005986486561596394	0.26619651913642883	0.21296502649784088	0.008870644494891167	0.005981324706226587	2
virus_957|label=2	7.322976307477802e-05	0.499896377325058	8.796555448498111e-06	4.516744411375839e-06	1.705788599792868e-05	2
virus_958|label=2	0.0007195050129666924	0.4989018738269806	0.00018343589908909053	0.00017370011482853442	2.1441463104565628e-05	2
virus_959|label=2	0.09718222916126251	0.11077489703893661	0.07915854454040527	0.030518164858222008	0.18236614763736725	5
virus_960|label=2	1.2712933312286623e-05	0.49208104610443115	0.006142641883343458	0.0016701946733519435	9.338599193142727e-05	2
virus_961|label=2	0.010622098110616207	0.43135321140289307	0.023028237745165825	0.010765931569039822	0.024230487644672394	2
virus_962|label=2	0.05832487717270851	0.4250454604625702	0.0070909238420426846	0.00835776049643755	0.0011809654533863068	2
virus_963|label=2	0.007670146878808737	0.48902177810668945	1.8864131561713293e-05	4.30209438491147e-05	0.003246166743338108	2
virus_964|label=2	0.00044396810699254274	0.10341969132423401	0.38819244503974915	0.006464948877692223	0.0014789525885134935	3
virus_965|label=2	0.00023158469412010163	0.49744972586631775	0.00032841041684150696	0.001987440511584282	2.8709391699521802e-06	2
virus_966|label=2	0.0001060528084053658	0.4988675117492676	0.0008726391824893653	9.45738356676884e-05	5.925480218138546e-05	2
virus_967|label=2	0.00017928519810084254	0.48198401927948	0.00013492460129782557	0.0009394723456352949	0.016762327402830124	2
virus_968|label=2	0.0003357688256073743	0.4996632933616638	4.36970140071935e-07	1.0463904942525915e-07	3.9006809515740315e-07	2
virus_969|label=2	9.977949048334267e-06	0.4998023211956024	4.312132659833878e-05	0.00013613828923553228	8.458723641524557e-06	2
virus_970|label=2	0.1590389460325241	0.021013902500271797	0.07655252516269684	0.21542109549045563	0.02797354944050312	4
virus_971|label=2	0.00013953664165455848	0.3994901180267334	0.08000461757183075	0.009894846938550472	0.010470853187143803	2
virus_972|label=2	8.033093035919592e-05	0.49868056178092957	0.0003000615688506514	0.0009382496937178075	7.571904347969394e-07	2
virus_973|label=2	5.219534068601206e-05	0.36671724915504456	0.04532758519053459	0.08728618174791336	0.0006167787942104042	2
virus_974|label=2	5.008917582927097e-07	0.499986469745636	3.820283893674059e-07	3.7988269241395756e-07	1.2344001333985943e-05	2
virus_975|label=2	1.794465902094089e-06	0.4999932646751404	2.1261261906602158e-07	7.428921833252389e-08	4.6643954192404635e-06	2
virus_976|label=2	0.00020220469741616398	0.49959906935691833	1.6477100871270522e-05	3.057333015021868e-05	0.00015171260747592896	2
virus_977|label=2	0.0014064230490475893	0.12678749859333038	0.04128900542855263	0.28900134563446045	0.04151570424437523	4
virus_978|label=2	0.0013090980937704444	0.40747982263565063	0.0015895942924544215	0.010643656365573406	0.07897782325744629	2
virus_979|label=2	1.1924869795620907e-05	0.49969804286956787	0.000258552172454074	3.030029620276764e-05	1.213024688695441e-06	2
virus_980|label=2	0.0008252046536654234	0.49873778223991394	0.0001376124273519963	0.0002178881986765191	8.143777813529596e-05	2
virus_981|label=2	0.005977038759738207	0.4908592700958252	0.0009822616120800376	0.0007453634170815349	0.001436118851415813	2
virus_982|label=2	5.254852908365137e-07	0.49998199939727783	1.4081933841225691e-06	4.496973531331605e-07	1.5531095414189622e-05	2
virus_983|label=2	3.3838498438854003e-06	0.4840782880783081	7.184717105701566e-06	7.916046160971746e-05	0.01583193615078926	2
virus_984|label=2	7.056643516989425e-05	0.49977436661720276	9.088048682315275e-05	5.608780702459626e-05	8.18439366412349e-06	2
virus_985|label=2	0.0003214150492567569	0.087099090218544	0.03736056014895439	0.051467813551425934	0.3237511217594147	5
virus_986|label=2	0.002278689295053482	0.3874514400959015	0.0019414627458900213	0.10827252268791199	5.5935779528226703e-05	2
virus_987|label=2	1.5517092833761126e-05	0.49995678663253784	1.2292524615986622e-06	3.1295546705223387e-06	2.3279300876311027e-05	2
virus_988|label=2	1.4813704183325171e-05	0.49998217821121216	8.894980965123978e-07	2.114342805725755e-06	1.8422461778300203e-08	2
virus_989|label=2	8.10806595836766e-05	0.499248743057251	1.3575302546087187e-05	0.0001895321038318798	0.00046708897571079433	2
virus_990|label=2	0.005571468733251095	0.4923739731311798	0.00014346024545375258	9.810111077968031e-05	0.0018130431417375803	2
virus_991|label=2	0.00015862728469073772	0.4998384118080139	3.7429771282404545e-07	2.351401008127141e-06	2.871044273433654e-07	2
virus_992|label=2	3.947938239434734e-06	0.49962934851646423	0.0001000609336188063	5.4161260777618736e-05	0.00021253034356050193	2
virus_993|label=2	4.7247369366232306e-05	0.4974314272403717	3.947816003346816e-05	0.0023564810398966074	0.00012534054985735565	2
virus_994|label=2	5.6453422985214274e-06	0.4618538022041321	0.018818311393260956	0.004555873107165098	0.01476633083075285	2
virus_995|label=2	0.012135419063270092	0.40365076065063477	0.06519075483083725	0.010739032179117203	0.008284044452011585	2
virus_996|label=2	1.892645377665758e-05	0.4996834695339203	1.3970212648928282e-06	4.6403325541177765e-05	0.00024982370086945593	2
virus_997|label=2	0.00027012647478841245	0.497323602437973	0.0009817989775910974	0.0003485644410829991	0.0010759650031104684	2
virus_998|label=2	0.05768393352627754	0.42503026127815247	0.002057137666270137	0.0005542268045246601	0.014674423262476921	2
virus_999|label=2	0.00017307954840362072	0.49633973836898804	0.001792571390978992	0.0014693827833980322	0.00022522822837345302	2
virus_1000|label=2	0.0001335169654339552	0.40593665838241577	0.027272474020719528	0.06604491919279099	0.0006124589708633721	2
virus_1001|label=2	0.0004687077598646283	0.4986695349216461	0.00010389715316705406	8.424928819295019e-05	0.0006736116483807564	2
virus_1002|label=2	1.7103736809076509e-06	0.49838986992836	3.8067794321250403e-06	7.428730896208435e-06	0.001597199821844697	2
virus_1003|label=2	2.0748109818669036e-05	0.4949079155921936	0.0029995159711688757	0.002051152288913727	2.063712599920109e-05	2
virus_1004|label=2	0.0002606385387480259	0.40142810344696045	0.008113997988402843	0.045016806572675705	0.045180436223745346	2
virus_1005|label=2	0.04562712088227272	0.4372912049293518	0.0037719078827649355	0.010651454329490662	0.0026583014987409115	2
virus_1006|label=2	7.975765038281679e-05	0.4995907247066498	9.519659215584397e-05	0.00020021417003590614	3.41177947120741e-05	2
virus_1007|label=2	0.0008826264529488981	0.4421735107898712	0.00195013964548707	0.004677878227084875	0.050315823405981064	2
virus_1008|label=2	0.0002497475652489811	0.3738364279270172	0.005054139066487551	0.052453987300395966	0.06840573996305466	2
virus_1009|label=2	0.00010083969391416758	0.011774461716413498	0.03349967673420906	0.014583596959710121	0.4400414228439331	5
virus_1010|label=2	0.009674148634076118	0.48013821244239807	0.0004082264204043895	0.00011635372356977314	0.009663105942308903	2
virus_1011|label=2	0.228102445602417	0.20550179481506348	0.0006519904709421098	0.0006027730414643884	0.06514102220535278	1
virus_1012|label=2	1.1212379831704311e-05	0.49998825788497925	1.0318773746575971e-07	3.243227979510266e-07	1.0121332394419369e-07	2
virus_1013|label=2	0.00021575106075033545	0.3462739586830139	0.025403045117855072	0.003299206728115678	0.12480802834033966	2
virus_1014|label=2	3.894664132531034e-06	0.4998505413532257	1.3297064469952602e-05	4.014297519461252e-05	9.211736323777586e-05	2
virus_1015|label=2	0.00029375366284511983	0.4970614016056061	0.00021897350961808115	0.0002634154225233942	0.0021624199580401182	2
virus_1016|label=2	0.00018677384650800377	0.48551949858665466	0.0003595642920117825	0.0002579875581432134	0.013676215894520283	2
virus_1017|label=2	4.940085273119621e-05	0.4996773898601532	4.649815309676342e-06	0.0002610734081827104	7.508327144023497e-06	2
virus_1018|label=2	3.22188338941487e-06	0.4971827268600464	5.69017392990645e-05	3.803055369644426e-05	0.002719160635024309	2
virus_1019|label=2	0.016444945707917213	0.19549736380577087	0.15418115258216858	0.1301809847354889	0.0036955249961465597	2
virus_1020|label=2	5.2982060879003257e-05	0.49966466426849365	0.00024145351198967546	7.883398211561143e-06	3.308646410005167e-05	2
virus_1021|label=2	0.03445598483085632	0.4650823771953583	0.0002476944064255804	0.00015327757864724845	6.064677654649131e-05	2
virus_1022|label=2	9.800858970265836e-05	0.016071468591690063	0.037983398884534836	0.05167869105935097	0.3941684663295746	5
virus_1023|label=2	0.0002526432799641043	0.4836125075817108	0.009610272943973541	0.0036289291456341743	0.002895677462220192	2
virus_1024|label=2	3.527551962179132e-05	0.4805653691291809	0.0017464498523622751	0.0006297612562775612	0.01702306419610977	2
virus_1025|label=2	0.0007730508223176003	0.3966176211833954	0.03283184394240379	0.01016766857355833	0.059609778225421906	2
virus_1026|label=2	0.0150290597230196	0.4513435363769531	0.01538621261715889	0.01797090843319893	0.0002702648052945733	2
virus_1027|label=2	0.0008661733008921146	0.057856783270835876	0.022183680906891823	0.027894645929336548	0.3911987245082855	5
virus_1028|label=2	0.0003673005267046392	0.49038511514663696	0.00029675118275918067	0.0038768111262470484	0.005074103828519583	2
virus_1029|label=2	0.0073170592077076435	0.45858389139175415	0.0072305514477193356	0.009834588505327702	0.01703394576907158	2
virus_1030|label=2	6.651851890637772e-06	0.04909713193774223	5.7041397667489946e-05	0.00011591630754992366	0.450723260641098	5
virus_1031|label=2	0.0007823053165338933	0.4974516034126282	0.001109044998884201	0.0005624699406325817	9.456297993892804e-05	2
virus_1032|label=2	0.001056123641319573	0.47309523820877075	0.002140381606295705	0.005668294616043568	0.01804000325500965	2
virus_1033|label=2	3.705402559717186e-05	0.48444679379463196	0.0002602724125608802	0.0006944701890461147	0.014561392366886139	2
virus_1034|label=2	1.0278953595843632e-05	0.4999880790710449	1.1124802057338457e-07	1.5144743770179048e-07	1.39906649110344e-06	2
virus_1035|label=2	3.2288535294355825e-06	0.49998050928115845	3.031513529094809e-07	1.7511899841338163e-06	1.4217854186426848e-05	2
virus_1036|label=2	0.010928441770374775	0.11602094024419785	0.04507030174136162	0.03345059975981712	0.2945297062397003	5
virus_1037|label=2	0.00010605141142150387	0.4993707239627838	1.4711969015479553e-05	0.0001390105753671378	0.00036955263931304216	2
virus_1038|label=2	9.258319187210873e-05	0.4986179769039154	4.871371129411273e-05	0.0001289606880163774	0.0011116995010524988	2
virus_1039|label=2	0.0023686536587774754	0.49706128239631653	0.0001743986358633265	0.00031811295775696635	7.755908882245421e-05	2
virus_1040|label=2	0.00027623827918432653	0.4558899700641632	0.00146643933840096	0.0008654468110762537	0.04150187969207764	2
virus_1041|label=2	0.0013454778818413615	0.4206726551055908	0.005765996407717466	0.0005205016932450235	0.07169540226459503	2
virus_1042|label=2	0.0003531825204845518	0.02241755649447441	0.12477052956819534	0.010609985329210758	0.341848760843277	5
virus_1043|label=2	0.0014018658548593521	0.16413071751594543	0.008101200684905052	0.008730875328183174	0.3176353871822357	5
virus_1044|label=2	0.00023679688456468284	0.4997243583202362	5.562970272876555e-06	4.81784945804975e-06	2.846496136044152e-05	2
virus_1045|label=2	0.0004838180902879685	0.40333694219589233	0.04249364882707596	0.03990396484732628	0.013781655579805374	2
virus_1046|label=2	0.0031799753196537495	0.4190927743911743	0.02194199711084366	0.0014065983705222607	0.05437863618135452	2
virus_1047|label=2	0.0012020618887618184	0.49128085374832153	0.00701264850795269	0.0002949888294097036	0.00020945646974723786	2
virus_1048|label=2	0.0018370235338807106	0.40310630202293396	0.006733219604939222	0.04805871099233627	0.04026477411389351	2
virus_1049|label=2	0.015987249091267586	0.46690699458122253	0.0007033738656900823	0.002432974986732006	0.013969385996460915	2
virus_1050|label=2	0.00025186603306792676	0.4764169156551361	0.02007332257926464	0.002089778194203973	0.0011681485921144485	2
virus_1051|label=2	0.03168880194425583	0.3476453125476837	0.013206470757722855	0.08998303860425949	0.01747637800872326	2
virus_1052|label=2	0.0008518783724866807	0.49908187985420227	1.8928309145849198e-05	4.597888619173318e-05	1.348020873592759e-06	2
virus_1053|label=2	1.0395616300229449e-05	0.4996858537197113	0.00013106726692058146	8.169677312253043e-05	9.094059350900352e-05	2
virus_1054|label=2	2.1775238565169275e-05	0.4939155876636505	0.004247557371854782	0.001043268945068121	0.0007717754924669862	2
virus_1055|label=2	3.7095785955898464e-05	0.4996708929538727	8.014714694581926e-05	1.874124791356735e-05	0.0001930458820424974	2
virus_1056|label=2	9.283504914492369e-05	0.39700499176979065	0.0005683371564373374	0.0009186245151795447	0.1014152243733406	2
virus_1057|label=2	0.0030037586111575365	0.31769371032714844	0.10121113806962967	0.0288018099963665	0.04928961768746376	2
virus_1058|label=2	0.00473393639549613	0.01856931857764721	0.136779323220253	0.3303867280483246	0.009530698880553246	4
virus_1059|label=2	2.0036006844748044e-06	0.4999953508377075	2.0116881387366448e-06	6.239971526156296e-07	4.117306939832588e-09	2
virus_1060|label=2	0.019796229898929596	0.4797460436820984	0.0001392444537486881	0.0002250952966278419	9.340979886474088e-05	2
virus_1061|label=2	9.420850255992264e-05	0.49916568398475647	5.260043053567642e-06	0.0007168970187194645	1.799476012820378e-05	2
virus_1062|label=2	0.0008763544610701501	0.4729903042316437	0.00414818711578846	0.017161274328827858	0.004823909141123295	2
virus_1063|label=2	0.01653537154197693	0.48146793246269226	0.0002449335006531328	0.00012464648170862347	0.0016270973719656467	2
virus_1064|label=2	0.09732365608215332	0.3914056122303009	0.0011659248266369104	0.0010808786610141397	0.009023981168866158	2
virus_1065|label=2	0.014342599548399448	0.46352753043174744	0.0015179193578660488	0.016707858070731163	0.0039040488190948963	2
virus_1066|label=2	4.718993295682594e-05	0.49900296330451965	0.00022536946926265955	0.0005836859345436096	0.0001408002426614985	2
virus_1067|label=2	2.8326563551672734e-05	0.49996715784072876	1.7604287450012635e-07	2.6233965400024317e-07	4.123634880670579e-06	2
virus_1068|label=2	6.915383465866398e-08	0.4999999403953552	1.1008328693051794e-09	3.7248650830434826e-09	3.90967569430245e-09	2
virus_1069|label=2	2.5211959382431814e-06	0.49834710359573364	2.725457079577609e-06	7.451301371474983e-06	0.0016402153996750712	2
virus_1070|label=2	0.00043698804802261293	0.4944838583469391	0.0043296655640006065	0.000534751161467284	0.00021475812536664307	2
virus_1071|label=2	2.115444112860132e-05	0.4999319314956665	3.685169940581545e-05	1.0081305845233146e-05	2.0875596362657234e-08	2
virus_1072|label=2	1.0233354259980842e-05	0.4998646080493927	9.545647480990738e-05	6.824338015576359e-06	2.2834408810012974e-05	2
virus_1073|label=2	5.293816138873808e-05	0.4877590537071228	0.0006049785879440606	0.0016264007426798344	0.009956620633602142	2
virus_1074|label=2	1.8784725398290902e-05	0.15307025611400604	0.2792719900608063	0.057675961405038834	0.009963035583496094	3
virus_1075|label=2	0.014366199262440205	0.2804267406463623	0.03549972549080849	0.1695411652326584	0.0001661933638388291	2
virus_1076|label=2	0.0035930373705923557	0.4961608350276947	1.576754925736168e-06	7.326646937144687e-06	0.0002371636510360986	2
virus_1077|label=2	0.00041031191358342767	0.4912564158439636	0.0003319525858387351	0.006140802055597305	0.0018606084631755948	2
virus_1078|label=2	0.005912955850362778	0.07861600071191788	0.0017381598008796573	0.1085565984249115	0.3051762878894806	5
virus_1079|label=2	5.88363263887004e-06	0.4979344606399536	7.573042239528149e-06	8.785465615801513e-05	0.0019642433617264032	2
virus_1080|label=2	4.821490074391477e-05	0.38700705766677856	0.0008806349360384047	0.0010561401722952724	0.11100798100233078	2
virus_1081|label=2	0.0009347712039016187	0.4988625943660736	5.562327351071872e-05	2.9802678909618407e-05	0.00011723432544386014	2
virus_1082|label=2	0.0008416622877120972	0.2500930726528168	0.02092583104968071	0.020888594910502434	0.20725086331367493	2
virus_1083|label=2	0.0449555367231369	0.4546820819377899	2.5921877750079148e-05	0.00013341907470021397	0.00020303188648540527	2
virus_1084|label=2	0.001115555176511407	0.4831162989139557	0.007129918318241835	0.00862313061952591	1.5083897778822575e-05	2
virus_1085|label=2	0.0009408312034793198	0.005073490086942911	0.43365949392318726	0.04384933412075043	0.016476841643452644	3
virus_1086|label=2	5.895408321521245e-05	0.499650239944458	1.5345411156886257e-05	8.432100003119558e-05	0.00019109122513327748	2
virus_1087|label=2	0.001968205440789461	0.4538421034812927	0.006353960372507572	0.03451249375939369	0.0033232402056455612	2
virus_1088|label=2	0.00016718386905267835	0.49695757031440735	0.0002402234822511673	0.0018326385179534554	0.000802396098151803	2
virus_1089|label=2	0.015280613675713539	0.10731448978185654	0.16700074076652527	0.2071641981601715	0.00323996739462018	4
virus_1090|label=2	0.0030435835942626	0.4923623502254486	0.0012184777297079563	0.0012067733332514763	0.002168778795748949	2
virus_1091|label=2	0.0005988055490888655	0.49434030055999756	0.00017504052084404975	0.0007893009460531175	0.004096572287380695	2
virus_1092|label=2	0.00017658663273323327	0.46910548210144043	0.015712514519691467	0.0036008746828883886	0.011404594406485558	2
virus_1093|label=2	3.1684237455920083e-06	0.4999963641166687	6.71468853852275e-08	3.113771924745379e-07	1.174165760176038e-07	2
virus_1094|label=2	3.948716312152101e-06	0.06735546886920929	0.01179089117795229	0.050650034099817276	0.37019965052604675	5
virus_1095|label=2	8.363743108930066e-05	0.005639731418341398	0.06834985315799713	0.005139842629432678	0.42078694701194763	5
virus_1096|label=2	0.005800256971269846	0.43489551544189453	0.017924614250659943	0.03667087480425835	0.0047087292186915874	2
virus_1097|label=2	4.3777279756795906e-07	0.4988754689693451	0.00013904950174037367	3.774409924517386e-05	0.0009472875972278416	2
virus_1098|label=2	0.10681428760290146	0.33551421761512756	0.03367994353175163	0.02375047653913498	0.00024109265359584242	2
virus_1099|label=2	9.403759577253368e-06	0.4991317093372345	0.0003774631186388433	0.00037717362283729017	0.00010423134517623112	2
virus_1100|label=2	0.0003588253748603165	0.000569449330214411	0.28710153698921204	0.20815354585647583	0.003816623240709305	3
virus_1101|label=2	8.417505159741268e-05	0.46431034803390503	0.0016896784072741866	0.0010455389274284244	0.03287018835544586	2
virus_1102|label=2	0.0009550596005283296	0.48842382431030273	0.00020169849449303	0.0004013272118754685	0.010018064640462399	2
virus_1103|label=2	0.33801183104515076	0.16138537228107452	6.604161171708256e-05	0.00041720879380591214	0.00011955990339629352	1
virus_1104|label=2	0.13628537952899933	0.11321453750133514	0.039488594979047775	0.03111685812473297	0.1798946112394333	5
virus_1105|label=2	0.0007630551117472351	0.4964968264102936	0.0022130939178168774	0.0002866527356673032	0.00024037263938225806	2
virus_1106|label=2	0.004714376758784056	0.491679847240448	0.0017689167289063334	0.0004627940943464637	0.001373991253785789	2
virus_1107|label=2	0.0023838744964450598	0.04162180796265602	0.0008831181330606341	0.0045295036397874355	0.4505816698074341	5
virus_1108|label=2	0.3709469437599182	0.12903755903244019	4.030153831990901e-06	1.013567498375778e-06	1.0485423445061315e-05	1
virus_1109|label=2	0.029861629009246826	0.14148922264575958	0.12391508370637894	0.01576177589595318	0.18897227942943573	5
virus_1110|label=2	0.005212736781686544	0.47770506143569946	3.0638193493359722e-06	4.447785613592714e-05	0.017034653574228287	2
virus_1111|label=2	0.0017321938648819923	0.496261328458786	0.0007693978841416538	0.0004691936483141035	0.0007678677211515605	2
virus_1112|label=2	7.114997970347758e-06	0.49976056814193726	1.0495132762855519e-08	3.005118642818161e-08	0.00023226896882988513	2
virus_1113|label=2	0.0008264131029136479	0.37351757287979126	0.007719761226326227	0.0020600694697350264	0.11587613821029663	2
virus_1114|label=2	1.4415662008104846e-05	0.49996185302734375	1.304095803789096e-06	7.340685897361254e-06	1.5090578017407097e-05	2
virus_1115|label=2	5.282158963382244e-05	0.49664852023124695	0.0005821334780193865	0.0026965176220983267	2.004437737923581e-05	2
virus_1116|label=2	0.00026811202405951917	0.4904673993587494	7.887407264206558e-06	2.351864395677694e-06	0.00925422366708517	2
virus_1117|label=2	2.405393388471566e-05	0.4605045020580292	0.007488924078643322	0.003096432890743017	0.028886133804917336	2
virus_1118|label=2	0.00033195209107361734	0.498445600271225	0.00011600440484471619	0.0002161879529012367	0.0008903081761673093	2
virus_1119|label=2	9.497672408542712e-07	0.4998459219932556	3.4805427162609703e-07	1.6926482260259945e-07	0.00015258669736795127	2
virus_1120|label=2	0.011384746991097927	0.48115217685699463	0.00633265869691968	0.0008062489796429873	0.00032426719553768635	2
virus_1121|label=2	0.000824273272883147	0.42009222507476807	0.04847501590847969	0.030574332922697067	3.4198033972643316e-05	2
virus_1122|label=2	1.076312855730066e-06	0.49999821186065674	1.8103085608345282e-07	4.927682084598928e-07	3.6596990327097956e-08	2
virus_1123|label=2	7.17371076461859e-05	0.4924353063106537	0.004773329012095928	0.0007388406665995717	0.001980837434530258	2
virus_1124|label=2	0.0053358543664216995	0.4589840769767761	0.0051172468811273575	0.0001731988595565781	0.030389631167054176	2
virus_1125|label=2	2.2286885723588057e-05	0.49876269698143005	0.0003860643191728741	0.0005458293599076569	0.00028311030473560095	2
virus_1126|label=2	3.470145020401105e-05	0.4942156672477722	0.00016210300964303315	0.00020107625459786505	0.005386465694755316	2
virus_1127|label=2	0.006588620599359274	0.42969003319740295	0.0029725150670856237	0.01602131873369217	0.04472750425338745	2
virus_1128|label=2	0.004229305777698755	0.014913380146026611	0.044687628746032715	0.04118907451629639	0.39498063921928406	5
virus_1129|label=2	7.739151442365255e-06	0.49944308400154114	1.6944855815381743e-05	0.0002310217241756618	0.0003011816006619483	2
virus_1130|label=2	0.0005475806538015604	0.49938496947288513	2.7694939490174875e-05	2.211737955803983e-05	1.7643504179432057e-05	2
virus_1131|label=2	0.09847215563058853	0.38309669494628906	0.0053322394378483295	0.010865440592169762	0.002233469858765602	2
virus_1132|label=2	0.0006340298568829894	0.4993599057197571	3.893296707246918e-07	4.298824933357537e-06	1.396787752128148e-06	2
virus_1133|label=2	0.0001286930200876668	0.006949121598154306	0.008988599292933941	0.0020645654294639826	0.48186901211738586	5
virus_1134|label=2	9.53769969669338e-08	0.49999868869781494	1.6173163430721615e-07	3.176240781499473e-08	9.700253258415614e-07	2
virus_1135|label=2	0.00024198056780733168	0.4246790409088135	0.01042194664478302	0.03919300436973572	0.025464028120040894	2
virus_1136|label=2	5.256118583929492e-06	0.498224675655365	4.258518310962245e-05	8.08202603366226e-05	0.001646677264943719	2
virus_1137|label=2	4.6818400733172894e-05	0.4992246627807617	4.086179978912696e-05	5.4827003623358905e-05	0.0006327818264253438	2
virus_1138|label=2	0.23510608077049255	0.2592015862464905	0.0023967139422893524	0.0020580808632075787	0.001237544696778059	2
virus_1139|label=2	0.015252129174768925	0.48469480872154236	5.543409315578174e-06	2.4340044546988793e-05	2.3200283976620995e-05	2
virus_1140|label=2	0.004805056378245354	0.4014841914176941	0.0006107128574512899	0.09230968356132507	0.0007903848891146481	2
virus_1141|label=2	0.0003904952318407595	0.04922327399253845	0.21290083229541779	0.20423266291618347	0.03325268626213074	3
virus_1142|label=2	1.2623096154129598e-05	0.4997381269931793	1.1700748473231215e-05	2.0204764950904064e-05	0.00021736364578828216	2
virus_1143|label=2	0.018984803929924965	0.4758422076702118	0.0033389441668987274	0.0015303188702091575	0.00030368080479092896	2
virus_1144|label=2	0.0007049359264783561	0.4991403818130493	0.0001377655571559444	1.6290772691718303e-05	6.605091016353981e-07	2
virus_1145|label=2	1.3414729437499773e-05	0.4583287537097931	0.015803564339876175	0.02055238001048565	0.005301893688738346	2
virus_1146|label=2	0.014432841911911964	0.42183807492256165	0.02922404184937477	0.026624074205756187	0.00788099318742752	2
virus_1147|label=2	2.33545076611108e-08	0.49999767541885376	2.1499276670056133e-07	1.927099219756201e-06	1.5364898331426957e-07	2
virus_1148|label=2	0.0008449980523437262	0.462064653635025	0.02798895724117756	0.0041374219581484795	0.004963990300893784	2
virus_1149|label=2	0.2621331810951233	0.234958678483963	0.0005461805849336088	0.00020666758064180613	0.0021552834659814835	1
virus_1150|label=2	0.00010978682257700711	0.47769951820373535	0.004661867395043373	0.0041538020595908165	0.013375021517276764	2
virus_1151|label=2	0.00011491892655612901	0.48090362548828125	0.0008140579448081553	0.01730036921799183	0.0008669566013850272	2
virus_1152|label=2	0.00020567676983773708	0.496673583984375	0.00018207541143056005	0.001044143340550363	0.001894551096484065	2
virus_1153|label=2	0.018666675314307213	0.005021512042731047	0.006006570532917976	0.006900859531015158	0.4634043574333191	5
virus_1154|label=2	0.0026537408120930195	0.40985026955604553	0.018696773797273636	0.0675022155046463	0.0012970404932275414	2
virus_1155|label=2	0.09889145195484161	0.40080273151397705	9.279100595449563e-06	4.501060175243765e-06	0.0002920720726251602	2
virus_1156|label=2	0.00017723353812471032	0.49825888872146606	0.00026726486976258457	0.0011365350801497698	0.00015999986499082297	2
virus_1157|label=2	9.311413305113092e-05	0.49903857707977295	0.0006681080558337271	0.00019176267960574478	8.461041943519376e-06	2
virus_1158|label=2	0.004950838163495064	0.49478933215141296	0.0001355829299427569	2.117431904480327e-05	0.00010304577153874561	2
virus_1159|label=2	0.005737033672630787	0.26554250717163086	0.020151706412434578	0.023914100602269173	0.18465471267700195	2
virus_1160|label=2	0.2820929288864136	0.1637788861989975	0.017340930178761482	0.022655047476291656	0.014132208190858364	1
virus_1161|label=2	0.0015747640281915665	0.4325774312019348	0.018398921936750412	0.030558764934539795	0.016890153288841248	2
virus_1162|label=2	4.5168999349698424e-05	0.21176815032958984	0.006525061093270779	0.0033969618380069733	0.2782646417617798	5
virus_1163|label=2	0.0002385089610470459	0.4994499683380127	3.270079105277546e-05	0.00012631040590349585	0.0001525331608718261	2
virus_1164|label=2	1.047448404278839e-05	0.4984884262084961	1.6266212696791627e-06	1.4501652003673371e-05	0.0014849938452243805	2
virus_1165|label=2	0.00027312777820043266	0.49933475255966187	5.289676118991338e-05	0.0002947725879494101	4.449140033102594e-05	2
virus_1166|label=2	0.1252518892288208	0.3746641278266907	6.685131097583508e-07	4.8666079237591475e-05	3.4593180316733196e-05	2
virus_1167|label=2	0.0036822548136115074	0.4886516034603119	0.00032971054315567017	0.0003864048339892179	0.006950015667825937	2
virus_1168|label=2	0.01811208575963974	0.38169151544570923	0.035893864929676056	0.05255601182579994	0.011746472679078579	2
virus_1169|label=2	3.889304025506135e-06	0.4998156428337097	0.00015562595217488706	1.9484928998281248e-05	5.335882633517031e-06	2
virus_1170|label=2	2.28668682211719e-06	0.4251368045806885	0.0008200866868719459	0.008706659078598022	0.06533412635326385	2
virus_1171|label=2	1.7903406046571035e-07	0.4999995827674866	2.1031940633520207e-08	1.9277432272701844e-07	3.538381321277484e-08	2
virus_1172|label=2	0.0008399402722716331	0.4940013289451599	0.00011067947343690321	0.0008064322755672038	0.004241663496941328	2
virus_1173|label=2	0.015153425745666027	0.48463132977485657	2.18286531890044e-05	2.8315037070569815e-06	0.00019053231517318636	2
virus_1174|label=2	0.00013140743249095976	0.4998406171798706	1.0170144832954975e-06	2.5048137104022317e-05	1.9764004264288815e-06	2
virus_1175|label=2	1.1848312169604469e-05	0.4997449517250061	7.229767561511835e-06	0.00021790293976664543	1.8030303181149065e-05	2
virus_1176|label=2	1.1733804058167152e-05	0.49994075298309326	3.883614408550784e-05	6.028592451912118e-06	2.6363859433331527e-06	2
virus_1177|label=2	3.4224252885906026e-05	0.4999380111694336	1.5479660930850514e-07	4.2171282643721497e-07	2.716182279982604e-05	2
virus_1178|label=2	0.007959512062370777	0.4790281057357788	0.001790798851288855	0.010268193669617176	0.0009533454431220889	2
virus_1179|label=2	0.0003852099471259862	0.49902814626693726	0.00023200864961836487	9.31661925278604e-05	0.00026150731719098985	2
virus_1180|label=2	1.1083092203989509e-06	0.4997333586215973	1.2175478332210332e-05	1.2644928574445657e-05	0.00024074410612229258	2
virus_1181|label=2	0.005450228229165077	0.053846459835767746	0.01716150902211666	0.014865672215819359	0.4086761176586151	5
virus_1182|label=2	3.925339478882961e-05	0.43619444966316223	0.010436530224978924	0.0036939424462616444	0.04963577538728714	2
virus_1183|label=2	0.00027549979859031737	0.4803209900856018	0.0029432864394038916	0.002815704559907317	0.013644575141370296	2
virus_1184|label=2	0.07188386470079422	0.4258958101272583	0.0017040559323504567	0.00044668943155556917	6.960189784877002e-05	2
virus_1185|label=2	0.00026432183221913874	0.26126211881637573	0.0001978092041099444	0.006020291242748499	0.23225542902946472	2
virus_1186|label=2	0.0033525777980685234	0.4093974232673645	0.01620545983314514	0.06667658686637878	0.004367963410913944	2
virus_1187|label=2	0.005518543999642134	0.41957175731658936	0.02785392478108406	0.03664808347821236	0.010407660156488419	2
virus_1188|label=2	9.974907015930512e-07	0.4999963045120239	3.739124121437953e-09	6.006209218867298e-08	2.605945837785839e-06	2
virus_1189|label=2	9.047114144777879e-05	0.48279863595962524	0.0017713617999106646	0.0005253426497802138	0.014814184978604317	2
virus_1190|label=2	0.000638115219771862	0.47080016136169434	0.0011747709941118956	0.02634253352880478	0.0010443911887705326	2
virus_1191|label=2	0.00043037321302108467	0.49956247210502625	2.3536872504337225e-06	1.7643193928051915e-07	4.556544809020124e-06	2
virus_1192|label=2	0.02496945671737194	0.33608731627464294	0.002243878087028861	0.008159136399626732	0.12854021787643433	2
virus_1193|label=2	0.001214942429214716	0.4951595664024353	0.003536815755069256	6.212066364241764e-05	2.6537869416642934e-05	2
virus_1194|label=2	6.686484994133934e-05	0.040987562388181686	0.004211912397295237	0.013329822570085526	0.4414038360118866	5
virus_1195|label=2	1.5090600982148317e-06	0.4983752369880676	0.0008747520623728633	0.0004793560947291553	0.0002691681729629636	2
virus_1196|label=2	0.007206474430859089	0.4732837378978729	0.00047043230733834207	0.00023053062614053488	0.018808819353580475	2
virus_1197|label=2	2.6285704279871425e-06	0.49999552965164185	7.713279046583921e-07	3.6689419857793837e-07	7.151027148211142e-07	2
virus_1198|label=2	3.502602339722216e-05	0.4982006549835205	0.0001267905900022015	0.0001915669854497537	0.0014458904042840004	2
virus_1199|label=2	0.001974381972104311	0.47364071011543274	0.0034638845827430487	0.020775726065039635	0.00014525963342748582	2
virus_1200|label=2	0.46737435460090637	0.03219879791140556	0.00042168196523562074	1.6863143059708818e-07	4.985311079508392e-06	1
virus_1201|label=2	0.0004030456766486168	0.49140721559524536	0.00017667096108198166	0.0027109396178275347	0.00530213350430131	2
virus_1202|label=2	9.010190069602686e-07	0.49951469898223877	2.132609324689838e-06	0.0002521493879612535	0.00023016403429210186	2
virus_1203|label=2	8.787093975115567e-06	0.4994601607322693	1.928464371303562e-05	0.00010743388702394441	0.00040434111724607646	2
virus_1204|label=2	1.6706941096344963e-05	0.000315618613967672	0.3665325939655304	0.13299718499183655	0.0001378708693664521	3
virus_1205|label=2	0.0032136307563632727	0.4891386926174164	0.00020289600070100278	0.0002803712268359959	0.007164396811276674	2
virus_1206|label=2	1.424867605237523e-06	0.4999820590019226	6.555472737090895e-06	1.2808183100787573e-06	8.684134627401363e-06	2
virus_1207|label=2	0.005092087667435408	0.4352759122848511	0.009750152938067913	0.0029707946814596653	0.04691104590892792	2
virus_1208|label=2	3.0434470318141393e-05	0.48286154866218567	0.0007054567686282098	0.0003465660265646875	0.016055937856435776	2
virus_1209|label=2	0.01011644210666418	0.3205225169658661	0.004725081380456686	0.0017455870984122157	0.16289034485816956	2
virus_1210|label=2	6.937459033906634e-07	0.494194358587265	3.0867548048263416e-05	1.2875168067694176e-05	0.005761150270700455	2
virus_1211|label=2	6.756962102372199e-05	0.49946507811546326	2.782849833238288e-06	5.357692771212896e-06	0.00045915800728835166	2
virus_1212|label=2	8.59758620208595e-06	0.4993831515312195	0.0001905379758682102	5.287116800900549e-05	0.0003648916317615658	2
virus_1213|label=2	0.0021242222283035517	0.39729830622673035	0.00024287444830406457	0.0001305663463426754	0.10020402073860168	2
virus_1214|label=2	5.7349288908881135e-06	0.4923734664916992	0.00018112386169377714	0.00012787403829861432	0.007311746012419462	2
virus_1215|label=2	0.00045303552178665996	0.19904357194900513	0.025292063131928444	0.27301275730133057	0.002198542235419154	4
virus_1216|label=2	0.0087614506483078	0.451188862323761	0.016701998189091682	0.021975666284561157	0.0013720022980123758	2
virus_1217|label=2	1.426969811291201e-05	0.4955267608165741	2.8939673939021304e-05	0.00040254773921333253	0.004027443937957287	2
virus_1218|label=2	0.001821220270358026	0.4960245192050934	7.872924470575526e-06	7.80239497544244e-06	0.002138583455234766	2
virus_1219|label=2	0.021411048248410225	0.47242894768714905	0.001122135203331709	0.0019295117817819118	0.003108344739302993	2
virus_1220|label=2	0.012880515307188034	0.4803144931793213	0.0030174115672707558	0.0023716632276773453	0.0014158497797325253	2
virus_1221|label=2	0.2613195776939392	0.1659102737903595	0.004273111466318369	0.0265370961278677	0.04195994883775711	1
virus_1222|label=2	0.0034634675830602646	0.0033769088331609964	0.02313147857785225	0.04268903657793999	0.4273391366004944	5
virus_1223|label=2	0.08752754330635071	0.09771673381328583	0.06660506874322891	0.03630001097917557	0.21185065805912018	5
virus_1224|label=2	4.5214214878797065e-06	0.4877704679965973	1.4899497728038114e-05	6.686202686978504e-05	0.012143242172896862	2
virus_1225|label=2	0.009186333045363426	0.18898116052150726	0.2755139172077179	0.025765180587768555	0.0005533947260119021	3
virus_1226|label=2	4.74638500236324e-06	0.49200674891471863	0.00024082868185359985	0.00040989668923430145	0.007337754592299461	2
virus_1227|label=2	1.8624165022629313e-05	0.4034627079963684	0.0013845666544511914	0.002350620459765196	0.09278347343206406	2
virus_1228|label=2	0.0031411200761795044	0.49679481983184814	1.2767490034093498e-06	1.3573099977293168e-06	6.142775237094611e-05	2
virus_1229|label=2	0.0001932587765622884	0.46960681676864624	1.0184114216826856e-05	0.0002098990953527391	0.029979875311255455	2
virus_1230|label=2	0.00048305062227882445	0.49951422214508057	1.272618987968599e-07	2.6235770747007336e-06	1.1441648517518388e-08	2
virus_1231|label=2	9.787382441572845e-05	0.4947499930858612	6.120263424236327e-05	0.00105961668305099	0.004031334072351456	2
virus_1232|label=2	0.0018535999115556479	0.4979400038719177	9.442109330848325e-06	1.1413289939810056e-05	0.00018556215218268335	2
virus_1233|label=2	0.019357314333319664	0.4779089093208313	2.955548552563414e-06	2.9710477974731475e-05	0.0027010415215045214	2
virus_1234|label=2	0.003943596500903368	0.14060041308403015	0.001169428345747292	0.0032796133309602737	0.3510069251060486	5
virus_1235|label=2	6.56913607599563e-06	0.499986469745636	5.317870545695769e-06	1.5414344716191408e-06	1.3917275509811589e-07	2
virus_1236|label=2	1.705248905636836e-05	0.4997257888317108	0.00010331230441806838	0.00015236246690619737	1.4665388334833551e-06	2
virus_1237|label=2	2.136238741456964e-08	0.4999999403953552	1.4451757124334108e-08	3.046637786496831e-08	4.115750851241273e-09	2
virus_1238|label=2	0.0009580249316059053	0.4909976124763489	0.007592950481921434	0.0003766869776882231	7.466369424946606e-05	2
virus_1239|label=2	1.2529894775070716e-06	0.4999982714653015	1.6408142755608424e-07	2.4142298116203165e-07	4.7006530223825393e-08	2
virus_1240|label=2	3.8357384823939356e-07	0.4999995231628418	6.616570402684374e-08	6.8952395793076e-08	1.0934600780387882e-08	2
virus_1241|label=2	0.00033641589106991887	0.4996263086795807	2.680766920093447e-05	5.010068434785353e-06	5.462251465360168e-06	2
virus_1242|label=2	1.6211690763157094e-06	0.4931332468986511	0.0002426024293527007	0.002496067900210619	0.004126414656639099	2
virus_1243|label=2	0.004789847880601883	0.42006561160087585	0.0006468262290582061	0.003643997013568878	0.07085366547107697	2
virus_1244|label=2	0.4036105275154114	0.09638723731040955	3.3473387617277695e-08	1.1104501709269243e-06	1.107075036088645e-06	1
virus_1245|label=2	2.629179653013125e-05	0.015008389949798584	0.017609257251024246	0.03814622759819031	0.42920982837677	5
virus_1246|label=2	0.0011692277621477842	0.49870142340660095	3.0721946586709237e-06	2.959115408884827e-05	9.664748358773068e-05	2
virus_1247|label=2	0.0017403244273737073	0.49803417921066284	2.1438347175717354e-05	8.563015580875799e-05	0.00011842424282804132	2
virus_1248|label=2	0.0007513097953051329	0.49881061911582947	1.4816736211287207e-06	8.759638149058446e-06	0.0004278240667190403	2
virus_1249|label=2	0.0004187581653241068	0.4939415156841278	0.0007636956870555878	0.000618702091742307	0.0042573269456624985	2
virus_1250|label=2	7.447993084497284e-06	0.49829214811325073	0.00022026244550943375	0.0014748061075806618	5.3327030400396325e-06	2
virus_1251|label=2	2.4352804757654667e-05	0.49175214767456055	0.005505301523953676	0.002025485970079899	0.0006927207577973604	2
virus_1252|label=2	1.4083717360335868e-05	0.4996984601020813	4.884863301413134e-06	0.00018268308485858142	9.991142724175006e-05	2
virus_1253|label=2	1.976631303080012e-09	0.49999988079071045	2.8399596563311036e-10	2.0854384885637955e-09	1.27418672946078e-07	2
virus_1254|label=2	3.2094358175527304e-06	0.4999304413795471	6.5290792008454446e-06	1.8000291674979962e-05	4.1805138607742265e-05	2
virus_1255|label=2	0.000957078009378165	0.358016699552536	0.062048424035310745	0.004041140433400869	0.07493659853935242	2
virus_1256|label=2	0.0007794774719513953	0.4968820810317993	0.00043083776836283505	0.00169649301096797	0.00021102205209899694	2
virus_1257|label=2	5.651360334013589e-05	0.48231545090675354	0.002442414639517665	0.013052621856331825	0.002133015776053071	2
virus_1258|label=2	5.873914233234245e-06	0.4999927282333374	6.141369794931961e-07	1.7421234588255174e-07	6.004805754855624e-07	2
virus_1259|label=2	0.0014572803629562259	0.4976876378059387	0.00014684585039503872	0.00029658855055458844	0.00041161259287036955	2
virus_1260|label=2	0.00028004584601148963	0.4982469379901886	4.87076940771658e-05	2.3483993572881445e-05	0.0014008692232891917	2
virus_1261|label=2	1.8213158909929916e-05	0.4999726414680481	2.327952728364835e-07	6.970945491957536e-07	8.150029316311702e-06	2
virus_1262|label=2	9.375978152093012e-06	0.49914151430130005	3.994354119640775e-05	5.999828135827556e-05	0.0007491918513551354	2
virus_1263|label=2	8.055370562942699e-05	0.49932393431663513	7.833255949662998e-05	0.0004290704964660108	8.813762542558834e-05	2
virus_1264|label=2	5.517995759873884e-06	0.4791831076145172	0.006452176254242659	0.0006413055234588683	0.013717864640057087	2
virus_1265|label=2	6.340662366710603e-05	0.49936261773109436	7.097545676515438e-06	5.482071719598025e-05	0.0005120850983075798	2
virus_1266|label=2	0.0002835250925272703	0.49963870644569397	1.8876081639973563e-06	4.707892742317199e-08	7.582380931125954e-05	2
virus_1267|label=2	0.0010272656800225377	0.43238598108291626	0.012969841249287128	0.010096607729792595	0.0435202531516552	2
virus_1268|label=2	0.15354342758655548	0.20103973150253296	0.03297220170497894	0.044517628848552704	0.06792697310447693	2
virus_1269|label=2	9.495707672613207e-06	0.4997570514678955	1.204537238663761e-05	3.401451976969838e-05	0.00018741146777756512	2
virus_1270|label=2	2.144245854651672e-06	0.4996281564235687	4.0700342651689425e-06	1.8469305359758437e-05	0.00034717231756076217	2
virus_1271|label=2	3.146392191410996e-05	0.4995043873786926	2.2956686734687537e-05	3.843254489765968e-06	0.00043729343451559544	2
virus_1272|label=2	4.135171849384278e-08	0.49999886751174927	6.985030154282867e-08	1.5972526057339564e-07	8.264170219263178e-07	2
virus_1273|label=2	2.4464593479933683e-06	0.4999907612800598	2.2344316619182791e-07	3.306587075257994e-07	6.227420726645505e-06	2
virus_1274|label=2	0.0014590939972549677	0.4411264955997467	0.0009647836559452116	0.0006654800963588059	0.055784113705158234	2
virus_1275|label=2	2.224241143267136e-05	0.4566463530063629	2.0206474800943397e-05	0.00021048342750873417	0.04310069605708122	2
virus_1276|label=2	1.0784375490402454e-06	0.4998398423194885	7.346415713982424e-06	2.98725954053225e-05	0.000121895587653853	2
virus_1277|label=2	9.941609278030228e-07	0.499907523393631	3.5484515592543175e-06	5.5676453484920785e-05	3.226500120945275e-05	2
virus_1278|label=2	0.00199129362590611	0.47680744528770447	0.003920755349099636	0.005872000474482775	0.011408519931137562	2
virus_1279|label=2	0.0009614808950573206	0.4932034909725189	0.003727653995156288	0.001744289300404489	0.0003631306753959507	2
virus_1280|label=2	4.98189865538734e-06	0.4997062087059021	1.6016303561627865e-05	0.00019575130136217922	7.701005233684555e-05	2
virus_1281|label=2	6.776525697205216e-05	0.4996640086174011	7.696356988162734e-06	1.1515121514094062e-05	0.0002490296319592744	2
virus_1282|label=2	1.5958983567543328e-05	0.4993310570716858	0.0002660609607119113	0.0003520505561027676	3.485785782686435e-05	2
virus_1283|label=2	0.013596962206065655	0.48629820346832275	9.125723408942576e-06	5.820171281811781e-05	3.749018651433289e-05	2
virus_1284|label=2	1.621312003408093e-05	0.12055536359548569	0.008909253403544426	0.002262725727632642	0.36825644969940186	5
virus_1285|label=2	9.564635547576472e-05	0.49815604090690613	2.146946826542262e-06	4.150800668867305e-05	0.0017046676948666573	2
virus_1286|label=2	0.013191411271691322	0.4496748447418213	0.010714410804212093	0.023909537121653557	0.0025097583420574665	2
virus_1287|label=2	0.44761592149734497	0.040200818330049515	0.0075263953767716885	0.00441236374899745	0.00024448076146654785	1
virus_1288|label=2	7.916660251794383e-06	0.4999820590019226	2.43423573920154e-06	3.913876753358636e-06	3.6069252473680535e-06	2
virus_1289|label=2	1.4983216715336312e-05	0.47359514236450195	1.4506990453355684e-07	5.994546881993301e-06	0.026383720338344574	2
virus_1290|label=2	0.0002120431454386562	0.43670305609703064	0.0018291198648512363	0.06009318679571152	0.0011626409832388163	2
virus_1291|label=2	1.1244288771194988e-06	0.49984490871429443	5.849354056408629e-05	7.955529872560874e-05	1.5887300833128393e-05	2
virus_1292|label=2	0.0026990422047674656	0.06492634117603302	0.23068293929100037	0.14352670311927795	0.058164969086647034	3
virus_1293|label=2	0.002846846356987953	0.2399899810552597	0.17713652551174164	0.07199682295322418	0.00802980549633503	2
virus_1294|label=2	0.00829570647329092	0.1058262288570404	0.0756700411438942	0.1570539027452469	0.15315411984920502	4
virus_1295|label=2	0.001831517554819584	0.2836093306541443	0.13572128117084503	0.05176907405257225	0.027068810537457466	2
virus_1296|label=2	0.00013467798999045044	0.49953722953796387	7.278641714947298e-05	0.0002548532502260059	4.3111691638841876e-07	2
virus_1297|label=2	1.177722197098774e-06	0.4994838833808899	1.806426155326335e-07	5.739431117035565e-07	0.0005141732399351895	2
virus_1298|label=2	1.3097457667754497e-05	0.33565038442611694	6.283153197728097e-05	0.005854773335158825	0.1584189534187317	2
virus_1299|label=2	1.700506436463911e-05	0.4982285797595978	4.815473403141368e-06	0.0001167793307104148	0.0016328621422871947	2
virus_1300|label=2	0.008837887085974216	0.4841190576553345	0.0032174400985240936	0.0036557773128151894	0.00016985701222438365	2
virus_1301|label=2	0.0009989422978833318	0.15051254630088806	0.31553012132644653	0.02690092846751213	0.006057466845959425	3
virus_1302|label=2	0.00012570213584695011	0.49965155124664307	1.0662052773113828e-05	0.00020632091036532074	5.767350558016915e-06	2
virus_1303|label=2	0.00036694217124022543	0.49457189440727234	0.004456358030438423	0.0006046323687769473	1.7236827432043356e-07	2
virus_1304|label=2	9.015599061967805e-05	0.4999089539051056	5.330626962063434e-08	1.531444127067516e-07	6.763244186913653e-07	2
virus_1305|label=2	3.696714657053235e-06	0.49965614080429077	5.635733373310359e-07	6.280622073973063e-06	0.0003333498607389629	2
virus_1306|label=2	0.00039495492819696665	0.4987594485282898	1.2014920685032848e-05	0.0008326303795911372	9.435454444428615e-07	2
virus_1307|label=2	0.004761948250234127	0.4949607849121094	3.678937355289236e-05	0.00017656256386544555	6.38739438727498e-05	2
virus_1308|label=2	1.906573015730828e-05	0.4995114803314209	1.7073303752113134e-05	0.00038503605173900723	6.734532507834956e-05	2
virus_1309|label=2	0.0011504365829750896	0.3928939998149872	0.08538083732128143	0.008674937300384045	0.011899759992957115	2
virus_1310|label=2	7.975161508966266e-08	0.4999978542327881	1.0036432485094338e-07	1.4736914408786106e-06	4.912845952276257e-07	2
virus_1311|label=2	0.0005545831518247724	0.4569969177246094	0.024250585585832596	0.013645189814269543	0.004552769009023905	2
virus_1312|label=2	0.4020560681819916	0.0325920432806015	0.007037932053208351	0.04413401335477829	0.014179986901581287	1
virus_1313|label=2	0.001698191394098103	0.33308085799217224	0.044137995690107346	0.021681716665625572	0.09940122067928314	2
virus_1314|label=2	0.0027051807846874	0.3547576069831848	0.001091844285838306	0.0030098799616098404	0.138435497879982	2
virus_1315|label=2	0.00046810752246528864	0.4944465458393097	7.479259511455894e-05	3.593996007111855e-05	0.004974558483809233	2
virus_1316|label=2	2.266210913148825e-06	0.49997586011886597	9.000348910603861e-08	4.781355755767436e-07	2.1296362319844775e-05	2
virus_1317|label=2	0.00012528299703262746	0.4998149871826172	2.1405368897831067e-05	3.307515726191923e-05	5.253801646176726e-06	2
virus_1318|label=2	3.0297784178401344e-05	0.4967375099658966	1.4118966646492481e-05	0.0025008826050907373	0.000717193353921175	2
virus_1319|label=2	1.2604647963598836e-05	0.4975247085094452	0.0019400115124881268	0.0005172108067199588	5.385588337958325e-06	2
virus_1320|label=2	1.6452946510980837e-05	0.49977192282676697	9.681074516265653e-06	0.00017114575894083828	3.078576264670119e-05	2
virus_1321|label=2	0.005615859292447567	0.47744297981262207	0.001249360153451562	0.004078195430338383	0.011613637208938599	2
virus_1322|label=2	0.00015743463882245123	0.49982577562332153	1.2010074215140776e-06	3.5567197755881352e-06	1.2054923899995629e-05	2
virus_1323|label=2	0.005471573676913977	0.48401734232902527	0.007155024912208319	0.003333460306748748	2.262744055769872e-05	2
virus_1324|label=2	3.2689802083041286e-06	0.49997997283935547	2.7071866952610435e-06	1.2682672604569234e-05	1.3454626923703472e-06	2
virus_1325|label=2	3.771214451830929e-08	0.49989816546440125	1.059267196978908e-05	5.893602065043524e-06	8.526200690539554e-05	2
virus_1326|label=2	0.023174529895186424	0.2684911787509918	0.0341295525431633	0.1644444614648819	0.00976030807942152	2
virus_1327|label=2	0.006774218287318945	0.4887194335460663	0.0005981032154522836	0.0017934526549652219	0.002114775124937296	2
virus_1328|label=2	0.0001924857497215271	0.49759429693222046	0.0002761633659247309	6.50855217827484e-05	0.0018719610525295138	2
virus_1329|label=2	3.306322469143197e-05	0.48442235589027405	2.1277079213177785e-05	0.0010627644369378686	0.014460534788668156	2
virus_1330|label=2	1.381820993628935e-06	0.4976368844509125	1.031383635563543e-05	2.1044077584519982e-05	0.0023303849156945944	2
virus_1331|label=2	0.00578755559399724	0.48903951048851013	0.0002506034215912223	0.000361504964530468	0.004560834262520075	2
virus_1332|label=2	0.0003984286158811301	0.42773884534835815	0.0050941770896315575	0.0016452110139653087	0.06512331962585449	2
virus_1333|label=2	1.8228227816052822e-07	0.4999951720237732	1.0451969245650616e-07	3.160152175496478e-07	4.2565861804177985e-06	2
virus_1334|label=2	0.14517147839069366	0.2577741742134094	0.028590718284249306	0.06430169939994812	0.004161938559263945	2
virus_1335|label=2	4.443773832463194e-06	0.499700665473938	8.405438478575888e-08	8.122087251649646e-07	0.00029395881574600935	2
virus_1336|label=2	0.013244460336863995	0.26963189244270325	0.0677497386932373	0.14683249592781067	0.002541407709941268	2
virus_1337|label=2	0.0007254136726260185	0.4462113380432129	0.009283848106861115	0.004711688030511141	0.03906767815351486	2
virus_1338|label=2	0.00021541900059673935	0.17658573389053345	0.005760303698480129	0.013910919427871704	0.3035275936126709	5
virus_1339|label=2	9.60116994974669e-06	0.49995946884155273	1.4166595974529628e-05	3.941063823731383e-06	1.2841047464462463e-05	2
virus_1340|label=2	0.00234965980052948	0.37193652987480164	0.030900340527296066	0.0066187623888254166	0.08819471299648285	2
virus_1341|label=2	1.7545161199450376e-06	0.4878127872943878	0.010805152356624603	0.0005435551865957677	0.0008368089911527932	2
virus_1342|label=2	0.0001386990479659289	0.496614933013916	0.0002585790934972465	9.701184171717614e-05	0.002890754258260131	2
virus_1343|label=2	2.1793322957819328e-05	0.4997865855693817	5.836699529027101e-06	5.942743882769719e-06	0.00017982408462557942	2
virus_1344|label=2	2.112121001118794e-05	0.49965381622314453	2.858503648894839e-05	0.0002083921863231808	8.804021490504965e-05	2
virus_1345|label=2	0.0003098194720223546	0.49925950169563293	1.8746759451460093e-05	0.0003573537396732718	5.458873783936724e-05	2
virus_1346|label=2	0.0018459236016497016	0.4709978997707367	0.0006711696623824537	0.00540031585842371	0.021084723994135857	2
virus_1347|label=2	0.00012327903823461384	0.4995771050453186	0.00019889578106813133	5.8701931266114116e-05	4.1988882003352046e-05	2
virus_1348|label=2	0.00041181608685292304	0.4189743995666504	0.00734976539388299	0.0728955864906311	0.0003684760013129562	2
virus_1349|label=2	2.566154762462247e-06	0.49996745586395264	1.4512553434542497e-06	2.7048648917116225e-05	1.4644368775407202e-06	2
virus_1350|label=2	3.3294088552793255e-06	0.4998300075531006	1.1724483556463383e-05	0.00015310484741348773	1.7785640693546156e-06	2
virus_1351|label=2	9.551896482662414e-07	0.4999987483024597	8.761234404630613e-09	1.0180054488273527e-07	1.577511881123428e-07	2
virus_1352|label=2	0.004166432656347752	0.49456432461738586	3.947103687096387e-05	0.0007573023322038352	0.00047252202057279646	2
virus_1353|label=2	3.554973204700218e-08	0.49999457597732544	1.4174658247156913e-07	7.176332132985408e-07	4.534509116638219e-06	2
virus_1354|label=2	0.0003629061102401465	0.498420774936676	0.00018948910292237997	0.000985225080512464	4.157706644036807e-05	2
virus_1355|label=2	9.640010102884844e-05	0.40786778926849365	0.01656595803797245	0.07349516451358795	0.0019746844191104174	2
virus_1356|label=2	4.6113917051116005e-05	0.4997996389865875	0.00013186814612708986	6.638294962613145e-07	2.174356995965354e-05	2
virus_1357|label=2	0.2811413109302521	0.20275552570819855	0.009268227033317089	0.006043280009180307	0.0007916130125522614	1
virus_1358|label=2	0.03872212395071983	0.43662986159324646	0.011150961741805077	0.004551894497126341	0.008945176377892494	2
virus_1359|label=2	9.763462003320456e-05	0.49739745259284973	0.0004002599453087896	0.00137913110665977	0.0007255488890223205	2
virus_1360|label=2	0.009310643188655376	0.15619885921478271	0.1410379260778427	0.13947507739067078	0.053977496922016144	2
virus_1361|label=2	0.08011294156312943	0.1132388785481453	0.03667900711297989	0.07252553105354309	0.1974436193704605	5
virus_1362|label=2	0.0012607299722731113	0.4207117557525635	0.022802529856562614	0.005574837792664766	0.04965010657906532	2
virus_1363|label=2	0.0009305709972977638	0.44119852781295776	0.028507310897111893	0.0238259918987751	0.005537606775760651	2
virus_1364|label=2	4.570227974909358e-05	0.48847973346710205	0.010318371467292309	0.001083869836293161	7.230740447994322e-05	2
virus_1365|label=2	0.43090200424194336	0.06886531412601471	9.23874176805839e-05	0.00013557063357438892	4.714115220849635e-06	1
virus_1366|label=2	4.22067250838154e-06	0.49999111890792847	2.980942497288197e-07	4.994377604816691e-07	3.871925400744658e-06	2
virus_1367|label=2	6.904941255925223e-05	0.49989739060401917	2.8711014238069765e-05	2.3884638267190894e-06	2.445505515424884e-06	2
virus_1368|label=2	0.005940417759120464	0.48954007029533386	0.0005300645716488361	0.0013074609450995922	0.0026820129714906216	2
virus_1369|label=2	0.0002463758864905685	0.35049620270729065	0.003118235385045409	0.0008121554856188595	0.14532700181007385	2
virus_1370|label=2	7.405279029626399e-05	0.4853079915046692	0.009240020997822285	0.003075292333960533	0.002302618697285652	2
virus_1371|label=2	0.008887181989848614	0.15545710921287537	0.08950835466384888	0.24595393240451813	0.00019347939814906567	4
virus_1372|label=2	2.7250346192886354e-06	0.4998595416545868	4.631196134141646e-05	7.445654773619026e-05	1.694747516012285e-05	2
virus_1373|label=2	1.9980900560767623e-06	0.49985143542289734	1.1035181159968488e-05	5.040252290200442e-06	0.00013042119098827243	2
virus_1374|label=2	0.004802613984793425	0.4951492249965668	1.7772341379895806e-05	1.442207667423645e-05	1.5968609659466892e-05	2
virus_1375|label=2	3.052921238122508e-05	0.4987868368625641	3.6684278370557877e-07	3.6363185245136265e-06	0.0011786746326833963	2
virus_1376|label=2	4.311309021431953e-05	0.48785141110420227	0.002761122304946184	0.0072633931413292885	0.0020809650886803865	2
virus_1377|label=2	4.8221972974715754e-05	0.48871201276779175	0.0072399009950459	0.003323575481772423	0.0006762470584362745	2
virus_1378|label=2	0.0003830328059848398	0.48718857765197754	0.010791241191327572	0.0009180264314636588	0.0007191217155195773	2
virus_1379|label=2	0.001956276362761855	0.46966689825057983	0.017333243042230606	0.010249798186123371	0.0007937322952784598	2
virus_1380|label=2	0.00017388629203196615	0.46242719888687134	0.005594288930296898	0.0014070834731683135	0.030397554859519005	2
virus_1381|label=2	2.686624043235497e-07	0.4999101459980011	7.999190074770013e-07	1.5773534869367722e-06	8.724682993488386e-05	2
virus_1382|label=2	9.061546734301373e-05	0.4625847041606903	0.0009083853219635785	0.0022454820573329926	0.034170813858509064	2
virus_1383|label=2	0.00032005293178372085	0.49103063344955444	0.005492143798619509	0.0027848107274621725	0.00037233144394122064	2
virus_1384|label=2	0.0012022965820506215	0.4368945062160492	0.0014463432598859072	0.00777139887213707	0.05268542841076851	2
virus_1385|label=2	0.06956283748149872	0.22547808289527893	0.02200126089155674	0.1804896593093872	0.002468146150931716	2
virus_1386|label=2	5.464774410768314e-09	0.499999463558197	4.670902953307632e-08	3.505433312511741e-07	1.2006405825104594e-07	2
virus_1387|label=2	0.0007084801909513772	0.4992883801460266	9.132130003308703e-07	1.0382142363596358e-06	1.2718866173599963e-06	2
virus_1388|label=2	0.0028121499344706535	0.4434199035167694	0.007735732942819595	0.028303684666752815	0.01772860623896122	2
virus_1389|label=2	5.4942247516009957e-05	0.4999420642852783	1.0686345319754764e-07	1.2282441730349092e-07	2.761751602520235e-06	2
virus_1390|label=2	1.0108205827918937e-07	0.4999973773956299	9.998071845984668e-07	7.008807756392343e-07	7.815028766344767e-07	2
virus_1391|label=2	7.366387580987066e-05	0.0858265832066536	0.002656267024576664	0.006093624979257584	0.40534985065460205	5
virus_1392|label=2	0.005162307061254978	0.41419607400894165	0.0044868141412734985	0.05557595565915108	0.02057882957160473	2
virus_1393|label=2	1.181755351353786e-07	0.49998587369918823	1.2440717910067178e-05	9.75774241851468e-07	5.909926130698295e-07	2
virus_1394|label=2	0.0015807162271812558	0.4954666495323181	6.855204264866188e-05	0.0028822198510169983	1.8040159375232179e-06	2
virus_1395|label=2	2.401556230324786e-06	0.49709638953208923	5.9943424275843427e-05	0.0009293591720052063	0.001911859610117972	2
virus_1396|label=2	0.04555162042379379	0.3765217959880829	0.022902917116880417	0.0018266580300405622	0.053197044879198074	2
virus_1397|label=2	0.00079211505362764	0.4980376064777374	0.000808290671557188	0.00018893604283221066	0.00017308711539953947	2
virus_1398|label=2	0.00025318737607449293	0.45837509632110596	0.00541951647028327	0.03200550377368927	0.0039466796442866325	2
virus_1399|label=2	8.703157800482586e-05	0.49991288781166077	3.3442439928421663e-08	4.298248512668579e-08	1.2988922160062089e-09	2
virus_1400|label=2	4.2274750740034506e-05	0.4998762309551239	7.77355489844922e-06	1.6948719348874874e-05	5.681960465153679e-05	2
virus_1401|label=2	3.223212843295187e-05	0.48591387271881104	0.007082600612193346	0.005984873045235872	0.0009864424355328083	2
virus_1402|label=2	1.5214147424558178e-05	0.4933396279811859	0.0003898391150869429	0.006240266375243664	1.499888730904786e-05	2
virus_1403|label=2	0.004298652987927198	0.3872985243797302	0.07903926819562912	0.026497570797801018	0.002865992719307542	2
virus_1404|label=2	0.0001356021239189431	0.44034910202026367	0.003123616334050894	0.011884309351444244	0.04450733959674835	2
virus_1405|label=2	0.021260816603899002	0.4558945894241333	0.0010304159950464964	0.017417440190911293	0.004396697506308556	2
virus_1406|label=2	0.00026543234707787633	0.46510809659957886	0.002215593820437789	0.005349620245397091	0.02706124447286129	2
virus_1407|label=2	3.9129910874180496e-05	0.49661529064178467	0.0005253028939478099	0.0013749587815254927	0.0014453581534326077	2
virus_1408|label=2	0.02024146169424057	0.3413800299167633	0.0015377725940197706	0.0015451655490323901	0.135295569896698	2
virus_1409|label=2	0.03010844625532627	0.20480220019817352	0.011027814820408821	0.0029038218781352043	0.2511577308177948	5
virus_1410|label=2	0.00035188032779842615	0.4936473071575165	0.0005517075769603252	0.005448769312351942	2.667251237653545e-07	2
virus_1411|label=2	4.714019269158598e-06	0.49990639090538025	8.22041602077661e-06	7.07134313415736e-05	9.935601156030316e-06	2
virus_1412|label=2	2.062726252916036e-06	0.49523526430130005	0.0001627421152079478	0.00022362110030371696	0.004376253578811884	2
virus_1413|label=2	0.0005511882482096553	0.4166503846645355	0.023214835673570633	0.05023489147424698	0.009348733350634575	2
virus_1414|label=2	0.0009768177988007665	0.4847509264945984	0.00293308449909091	0.006346985697746277	0.004992138594388962	2
virus_1415|label=2	0.006495521869510412	0.49095577001571655	0.0009026721236295998	0.0009931051172316074	0.0006529992097057402	2
virus_1416|label=2	7.556680793641135e-05	0.49680018424987793	0.00018211835413239896	7.13245608494617e-05	0.0028708556201308966	2
virus_1417|label=2	1.6202002370846458e-05	0.49663546681404114	7.731061486992985e-05	0.0006286954740062356	0.0026423216331750154	2
virus_1418|label=2	0.0018988196970894933	0.4937676191329956	0.0014009112492203712	0.002469589002430439	0.0004630883631762117	2
virus_1419|label=2	0.0008058552630245686	0.4135758876800537	0.0341537706553936	0.051118411123752594	0.0003460530424490571	2
virus_1420|label=2	0.0032871051225811243	0.49577468633651733	0.00014265099889598787	0.0005086940946057439	0.0002868692681659013	2
virus_1421|label=2	6.865317118354142e-05	0.23524980247020721	0.00514287268742919	0.006308460142463446	0.2532302141189575	5
virus_1422|label=2	0.00011246906797168776	0.4698641002178192	0.013842727988958359	0.0009319052333012223	0.015248776413500309	2
virus_1423|label=2	2.684068567759823e-05	0.49927079677581787	0.00024124984338413924	0.0003672481398098171	9.389652404934168e-05	2
virus_1424|label=2	0.0026773917488753796	0.09380847960710526	0.33918946981430054	0.057901278138160706	0.006423390004783869	3
virus_1425|label=2	0.000673493545036763	0.34848061203956604	0.004940135404467583	0.07839954644441605	0.06750619411468506	2
virus_1426|label=2	3.027043931069784e-07	0.08305204659700394	7.550903683295473e-05	0.00028736150125041604	0.4165847897529602	5
virus_1427|label=2	0.0011466635623946786	0.4973660111427307	0.0004799450107384473	0.0006735110655426979	0.0003338470996823162	2
virus_1428|label=2	6.602675057365559e-06	0.00611211359500885	0.004409464076161385	0.0005875762435607612	0.48888424038887024	5
virus_1429|label=2	0.00014148870832286775	0.49860841035842896	8.790713764028624e-05	0.0010369240771979094	0.00012530387903098017	2
virus_1430|label=2	0.0026813028380274773	0.49664556980133057	9.558022429700941e-05	0.0004364330670796335	0.00014108257892075926	2
virus_1431|label=2	4.236932363710366e-05	0.4521806836128235	0.0011986794415861368	0.001069245976395905	0.04550902545452118	2
virus_1432|label=2	0.001984087750315666	0.497285932302475	0.00015663598605897278	0.0002474431530572474	0.0003259459917899221	2
virus_1433|label=2	2.386851292612846e-06	0.4999464154243469	1.7976325352719869e-06	7.557500225630065e-07	4.8656136641511694e-05	2
virus_1434|label=2	0.0006364709697663784	0.4985716640949249	0.0003884892794303596	0.00011266869842074811	0.0002907188609242439	2
virus_1435|label=2	0.0002899517130572349	0.06956451386213303	0.07504696398973465	0.010550093837082386	0.34454843401908875	5
virus_1436|label=2	7.237806858029217e-05	0.49991458654403687	5.315977205100353e-07	2.7618975764198694e-06	9.690564183983952e-06	2
virus_1437|label=2	0.0016616337234154344	0.4953968822956085	0.00016622644034214318	0.0002369659923715517	0.0025381993036717176	2
virus_1438|label=2	6.750500324415043e-05	0.38902080059051514	0.0008976896060630679	0.02042803354561329	0.08958593010902405	2
virus_1439|label=2	0.0005767641705460846	0.2329246550798416	0.015074262395501137	0.008632034994661808	0.2427922785282135	5
virus_1440|label=2	3.9866492443252355e-05	0.49987009167671204	4.673441253544297e-06	4.009960321127437e-06	8.141090802382678e-05	2
virus_1441|label=2	3.3732048905221745e-05	0.4927283227443695	0.0013262043939903378	0.0013868355890735984	0.0045249322429299355	2
virus_1442|label=2	0.0012634083395823836	0.4977339506149292	0.000224264309508726	0.0007532696472480893	2.5079838451347314e-05	2
virus_1443|label=2	0.002558099804446101	0.47918200492858887	0.004488104954361916	0.012096533551812172	0.0016753029776737094	2
virus_1444|label=2	0.0008104406297206879	0.3749963641166687	0.06608017534017563	0.006529974285513163	0.05158308893442154	2
virus_1445|label=2	0.0007463432266376913	0.4992336332798004	9.294602932641283e-06	2.160657004424138e-06	8.542549039702863e-06	2
virus_1446|label=2	0.000298663682769984	0.009852624498307705	0.1481454223394394	0.3202194571495056	0.021483801305294037	4
virus_1447|label=2	0.03080783784389496	0.4555518329143524	0.010381143540143967	0.000967429659795016	0.0022917594760656357	2
virus_1448|label=2	0.005302275065332651	0.17010332643985748	0.2887354791164398	0.02645231783390045	0.009406613186001778	3
virus_1449|label=2	0.4242361783981323	0.01888362504541874	0.02295677922666073	0.03245462477207184	0.0014688029186800122	1
virus_1450|label=2	0.005594794172793627	0.3457218110561371	0.020752370357513428	0.12616625428199768	0.001764800981618464	2
virus_1451|label=2	8.726533451408613e-08	0.4999997615814209	1.1359439611169364e-08	1.8186652539498027e-07	7.004303803626044e-09	2
virus_1452|label=2	0.011524044908583164	0.15804798901081085	0.16620567440986633	0.16163335740566254	0.002588928211480379	3
virus_1453|label=2	0.0023311665281653404	0.47005563974380493	0.0015377741074189544	0.015787163749337196	0.010288232006132603	2
virus_1454|label=2	0.00022143205569591373	0.29001447558403015	0.010511476546525955	0.0185825414955616	0.1806701272726059	2
virus_1455|label=2	2.3584094378747977e-05	0.48198169469833374	0.00035596167435869575	0.003897493239492178	0.01374129205942154	2
virus_1456|label=2	0.00033526206971146166	0.0901813805103302	0.01958170160651207	0.051700085401535034	0.3382015526294708	5
virus_1457|label=2	0.014677138067781925	0.386933296918869	0.05250849947333336	0.045865897089242935	1.5178904504864477e-05	2
virus_1458|label=2	9.36641527005122e-07	0.49973806738853455	0.0001061390430550091	0.00014129115152172744	1.3543959539674688e-05	2
virus_1459|label=2	5.3651870985049754e-05	0.4999173879623413	2.4832809231156716e-07	7.039708179945592e-06	2.1662744984496385e-05	2
virus_1460|label=2	5.756178870797157e-05	0.4858768880367279	0.00028057070448994637	0.013758196495473385	2.6779442123370245e-05	2
virus_1461|label=2	0.19835726916790009	0.19381041824817657	0.017522113397717476	0.010907849296927452	0.07940232753753662	1
virus_1462|label=2	0.008063358254730701	0.46971720457077026	0.005346758756786585	0.0008982878061942756	0.015974441543221474	2
virus_1463|label=2	0.07276470959186554	0.4252176582813263	7.504473614972085e-05	0.00045890556066296995	0.001483704661950469	2
virus_1464|label=2	0.001304023782722652	0.4896179139614105	0.0002769886632449925	0.0032260494772344828	0.0055749909952282906	2
virus_1465|label=2	9.239055742682467e-08	0.49999773502349854	2.573792912130557e-08	2.0618628582269594e-07	1.9803865143330768e-06	2
virus_1466|label=2	4.97091532452032e-05	0.49993985891342163	6.551344540639548e-06	2.256109155496233e-06	1.6294652596116066e-06	2
virus_1467|label=2	1.8358930901740678e-05	0.4703420102596283	1.3850213690602686e-05	3.8021076761651784e-05	0.029587799683213234	2
virus_1468|label=2	0.00010267690959153697	0.49090224504470825	5.412173777585849e-05	2.27189993893262e-05	0.00891821924597025	2
virus_1469|label=2	0.0011038226075470448	0.1015867069363594	0.38824817538261414	0.008978715166449547	8.257183799287304e-05	3
virus_1470|label=2	1.4085768498262041e-06	0.49999701976776123	2.216994801074179e-07	1.5082933657595277e-07	1.1207706620552926e-06	2
virus_1471|label=2	3.9361151721095666e-05	0.03608858957886696	0.4413755536079407	0.020830485969781876	0.0016660356195643544	3
virus_1472|label=2	0.0001641300623305142	0.46500682830810547	0.024826599285006523	0.008082645013928413	0.0019197490764781833	2
virus_1473|label=2	0.04751067981123924	0.23766681551933289	0.01179071981459856	0.15887512266635895	0.044156670570373535	2
virus_1474|label=2	0.0036247672978788614	0.4962279200553894	8.522663847543299e-05	6.197509355843067e-05	3.0181222854253065e-08	2
virus_1475|label=2	0.0012484238250181079	0.49737244844436646	3.361995914019644e-05	0.00010855741129489616	0.0012369189644232392	2
virus_1476|label=2	0.0028963759541511536	0.0681023895740509	0.03955131396651268	0.3727400302886963	0.016709931194782257	4
virus_1477|label=2	3.185294917784631e-05	0.4993407428264618	9.24979667615844e-06	0.00019812626123894006	0.0004200948169454932	2
virus_1478|label=2	9.594303264748305e-06	0.19492074847221375	0.0022931823041290045	0.003780106082558632	0.2989963889122009	5
virus_1479|label=2	8.949414223025087e-07	0.44950219988822937	0.01082549151033163	0.0003953482664655894	0.03927605226635933	2
virus_1480|label=2	0.0010822663316503167	0.4981788098812103	9.880486686597578e-06	3.684872717713006e-05	0.0006922328029759228	2
virus_1481|label=2	0.00011399843060644343	0.47085660696029663	0.005192905198782682	0.013746739365160465	0.010089712217450142	2
virus_1482|label=2	0.0007660395349375904	0.49919673800468445	4.138677013543202e-06	2.9302686016308144e-05	3.739853127626702e-06	2
virus_1483|label=2	0.1652398556470871	0.06441237032413483	0.22756414115428925	0.025979099795222282	0.016804533079266548	3
virus_1484|label=2	8.562718107896217e-07	0.4999961256980896	4.115495926271251e-07	8.315536206282559e-07	1.8136023527404177e-06	2
virus_1485|label=2	0.0003266389248892665	0.47997573018074036	0.005357537418603897	0.01298981998115778	0.0013502973597496748	2
virus_1486|label=2	7.148747681640089e-05	0.4965919554233551	0.0009643441298976541	0.0008776584872975945	0.001494537922553718	2
virus_1487|label=2	0.03018626943230629	0.0835580974817276	0.23925566673278809	0.14142006635665894	0.005579865537583828	3
virus_1488|label=2	7.002046913839877e-05	0.45824918150901794	0.010567580349743366	0.03054838627576828	0.0005647787475027144	2
virus_1489|label=2	0.000561726454179734	0.49866047501564026	0.00016016959853004664	0.00022738501138519496	0.0003902409225702286	2
virus_1490|label=2	0.021778108552098274	0.4771970212459564	0.00035415441379882395	0.00028303268481977284	0.00038765199133194983	2
virus_1491|label=2	2.647317887749523e-05	0.4967842102050781	0.0013473756844177842	0.0013327556662261486	0.000509129196871072	2
virus_1492|label=2	1.544099723105319e-05	0.4945112466812134	0.003218567231670022	0.0002855616621673107	0.0019691563211381435	2
virus_1493|label=2	3.6497473843155603e-07	0.4996313154697418	2.0766186935361475e-05	0.0001307494967477396	0.00021677785844076425	2
virus_1494|label=2	4.653753785532899e-05	0.0003202041261829436	0.11615127325057983	0.006913796532899141	0.3765681982040405	5
virus_1495|label=2	0.007524760905653238	0.3407730162143707	0.1155180037021637	0.02419022098183632	0.01199397724121809	2
virus_1496|label=2	2.7958520149695687e-05	0.3408123254776001	0.12051983922719955	0.027570700272917747	0.01106917392462492	2
virus_1497|label=2	0.0001600488758413121	0.49900081753730774	0.00010074191959574819	7.468190597137436e-05	0.0006637078477069736	2
virus_1498|label=2	4.218146932544187e-05	0.4987894594669342	0.00042018183739855886	0.0007461010245606303	2.0578977455443237e-06	2
virus_1499|label=2	0.0028015724383294582	0.0873372033238411	0.12230820953845978	0.2622532248497009	0.025299781933426857	4
virus_1500|label=2	0.00012216466711834073	0.4917021691799164	0.002835858380421996	0.0008488363237120211	0.004491014406085014	2
virus_1501|label=2	0.0004771874810103327	0.4993878901004791	1.2589720427058637e-05	6.97760988259688e-05	5.2572206186596304e-05	2
virus_1502|label=2	0.12029169499874115	0.16807593405246735	0.004593774676322937	0.0030128362122923136	0.2040257751941681	5
virus_1503|label=2	0.00010342335735913366	0.4901198446750641	0.0002866147260647267	0.000659524230286479	0.008830591104924679	2
virus_1504|label=2	0.023902708664536476	0.4561336934566498	0.013503795489668846	0.0024334320332854986	0.004026380833238363	2
virus_1505|label=2	0.005029895808547735	0.1304016411304474	0.020470820367336273	0.010698368772864342	0.33339929580688477	5
virus_1506|label=2	0.46869853138923645	0.0038624710869044065	0.0010822679614648223	0.0006505896453745663	0.025706151500344276	1
virus_1507|label=2	0.06560471653938293	0.43436291813850403	2.6709376470535062e-05	3.5432381082500797e-06	2.1114224182383623e-06	2
virus_1508|label=2	0.00047442057984881103	0.4988867938518524	2.1700256183976308e-05	7.447227108059451e-05	0.0005426036659628153	2
virus_1509|label=2	0.36000388860702515	0.09719543904066086	0.011558562517166138	0.00034076126758009195	0.030901361256837845	1
virus_1510|label=2	0.0017130757914856076	0.477170467376709	0.0025885303039103746	0.015464557334780693	0.0030633676797151566	2
virus_1511|label=2	0.0014971599448472261	0.3367820084095001	0.0003369403420947492	0.0001443486544303596	0.16123954951763153	2
virus_1512|label=2	0.0015872381627559662	0.4887068569660187	0.0040653119795024395	0.0009622469078749418	0.0046783024445176125	2
virus_1513|label=2	0.002887351904064417	0.49677935242652893	9.12358591449447e-05	0.00014448563160840422	9.751636389410123e-05	2
virus_1514|label=2	0.0002555727551225573	0.3838290870189667	0.06867486983537674	0.006964721251279116	0.04027572646737099	2
virus_1515|label=2	0.0005244265194050968	0.3737533688545227	0.00500714685767889	0.05617900192737579	0.06453604996204376	2
virus_1516|label=2	1.7399635225956445e-06	0.4999968409538269	8.649098504065478e-08	2.305339847907817e-07	1.1247694828853128e-06	2
virus_1517|label=2	0.025668436661362648	0.4607349634170532	0.0024716942571103573	0.003045252989977598	0.008079621009528637	2
virus_1518|label=2	1.601145669383186e-07	0.499887615442276	4.318708874961885e-07	3.4620270525920205e-06	0.00010836286674020812	2
virus_1519|label=2	0.0013521690852940083	0.4986285865306854	4.090221864316845e-06	1.4480504432867747e-05	6.440798756557342e-07	2
virus_1520|label=2	0.00729441549628973	0.492290198802948	0.0003464400942903012	5.4716299928259104e-05	1.4271695363277104e-05	2
virus_1521|label=2	1.6378906366298907e-05	0.4998127818107605	5.9396581491455436e-05	8.22699730633758e-05	2.9149257898097858e-05	2
virus_1522|label=2	9.408940240973607e-05	0.49951833486557007	0.0001915283064590767	5.3923002269584686e-05	0.0001421478809788823	2
virus_1523|label=2	0.0031376713886857033	0.4599568843841553	0.01914694532752037	0.006223494652658701	0.01153506524860859	2
virus_1524|label=2	1.4580416873855029e-08	0.49999988079071045	3.189245489920722e-08	1.7441756483549398e-08	7.94058649944418e-08	2
virus_1525|label=2	0.0002595957485027611	0.4930114150047302	0.0020900974050164223	0.0020474109333008528	0.002591499127447605	2
virus_1526|label=2	0.044908035546541214	0.4111363887786865	0.040511876344680786	0.003187569323927164	0.00025611507589928806	2
virus_1527|label=2	0.0006717571523040533	0.4400953948497772	0.004783987998962402	0.014094676822423935	0.04035421088337898	2
virus_1528|label=2	1.028332371788565e-05	0.49998939037323	8.814341612151111e-08	1.8023490611085435e-07	5.069244579658516e-08	2
virus_1529|label=2	0.007781229447573423	0.49093154072761536	0.0009161120979115367	0.0001168719245470129	0.0002542036527302116	2
virus_1530|label=2	0.14989857375621796	0.2830306589603424	0.00220385380089283	0.04023769870400429	0.024629170075058937	2
virus_1531|label=2	4.465074016479775e-05	0.21864564716815948	0.0005383911775425076	0.004443430807441473	0.27632787823677063	5
virus_1532|label=2	0.0011008066358044744	0.2107849419116974	0.000986409024335444	0.0011812043376266956	0.28594663739204407	5
virus_1533|label=2	0.00017702557670418173	0.49965518712997437	7.538360659964383e-05	6.758490053471178e-05	2.4750956072239205e-05	2
virus_1534|label=2	0.0003741210966836661	0.19107569754123688	0.03260338306427002	0.027523092925548553	0.2484237104654312	5
virus_1535|label=2	1.1465446192460149e-07	0.49997562170028687	6.116412123446935e-07	1.462115477579573e-07	2.3559763576486148e-05	2
virus_1536|label=2	2.369884714426007e-05	0.49295705556869507	0.0001478055346524343	0.0006999626057222486	0.006171481218189001	2
virus_1537|label=2	9.113323358178604e-07	0.49856337904930115	4.3460793676786125e-05	9.713089093565941e-05	0.0012951476965099573	2
virus_1538|label=2	3.100491767327185e-06	0.499977171421051	1.4566288655259996e-06	1.7870655938168056e-05	4.111891200864193e-07	2
virus_1539|label=2	0.0049928901717066765	0.49499598145484924	1.140207814387395e-06	8.143535524141043e-06	1.8171205056205508e-06	2
virus_1540|label=2	0.2334367036819458	0.2636299431324005	0.0005898309755139053	0.0013377867871895432	0.0010057375766336918	2
virus_1541|label=2	0.05021468922495842	0.2881947159767151	0.020058944821357727	0.10687468200922012	0.03465700149536133	2
virus_1542|label=2	5.945736120338552e-06	0.22680974006652832	0.09474460035562515	0.128559872508049	0.04987982288002968	2
virus_1543|label=2	7.65158110880293e-05	0.49883708357810974	9.240202416549437e-06	1.3850130017090123e-05	0.0010632984340190887	2
virus_1544|label=2	0.0011791471624746919	0.49873629212379456	4.0648406866239384e-05	3.0499317290377803e-05	1.3352405403566081e-05	2
virus_1545|label=2	2.2500523755297763e-06	0.49999094009399414	4.900226485915482e-06	1.9221706679672934e-06	4.569344902449757e-09	2
virus_1546|label=2	0.000496263790410012	0.3166055679321289	0.0028224801644682884	0.03790958598256111	0.14216607809066772	2
virus_1547|label=2	3.546345794802619e-08	0.49999940395355225	2.3574648011503996e-08	4.712920258498343e-07	3.578765017664409e-08	2
virus_1548|label=2	7.257825018314179e-06	0.49882474541664124	0.0002246762887807563	0.00021956869750283659	0.0007238084217533469	2
virus_1549|label=2	0.0009561587939970195	0.4980127215385437	0.00026488417643122375	8.18262851680629e-05	0.0006843757582828403	2
virus_1550|label=2	0.0020687233190983534	0.18777740001678467	0.0053433822467923164	0.02554440312087536	0.2792660892009735	5
virus_1551|label=2	0.00019124613027088344	0.4665946662425995	0.0021187327802181244	0.004537294153124094	0.026558103039860725	2
virus_1552|label=2	4.2062936699949205e-05	0.499953031539917	3.061966936002136e-06	1.775987811925006e-06	7.012702241127045e-08	2
virus_1553|label=2	0.0009430092759430408	0.4903649091720581	0.002103148028254509	0.0023125684820115566	0.004276341293007135	2
virus_1554|label=2	0.012840934097766876	0.04470837861299515	0.1354033350944519	0.3009260594844818	0.0061212400905787945	4
virus_1555|label=2	0.0005059849354438484	0.49845167994499207	0.00011391589941922575	0.00024871225468814373	0.0006796772941015661	2
virus_1556|label=2	0.0004817008739337325	0.4722220301628113	0.0035317656584084034	0.015577981248497963	0.008186489343643188	2
virus_1557|label=2	0.0005805975524708629	0.4987027943134308	5.054356370237656e-05	0.0006125575164332986	5.351391155272722e-05	2
virus_1558|label=2	0.0009639161289669573	0.4989634156227112	6.0025449784006923e-05	8.503326171194203e-06	4.134072696615476e-06	2
virus_1559|label=2	0.043913934379816055	0.34126412868499756	0.018486948683857918	0.012938794679939747	0.08339621126651764	2
virus_1560|label=2	0.00013570417650043964	0.48000335693359375	0.012188154272735119	0.0068100509233772755	0.0008626910857856274	2
virus_1561|label=2	0.027360405772924423	0.24485068023204803	0.04384142532944679	0.059519801288843155	0.12442769855260849	2
virus_1562|label=2	5.144971737536252e-07	0.4998963177204132	4.2531009967206046e-05	2.4290266082971357e-05	3.6274806916480884e-05	2
virus_1563|label=2	0.005643250420689583	0.4857672154903412	0.00039125868352130055	0.0012919142609462142	0.006906363181769848	2
virus_1564|label=2	3.4053184094773314e-07	0.4999740719795227	6.098977678448136e-07	9.960410352505278e-06	1.5040372090879828e-05	2
virus_1565|label=2	0.000342271727276966	0.4996258318424225	9.188703842255563e-08	1.8027269561571302e-06	2.993148154928349e-05	2
virus_1566|label=2	0.011354058980941772	0.37057191133499146	0.0022214665077626705	0.0038684748578816652	0.11198413372039795	2
virus_1567|label=2	7.117877248674631e-05	0.4996255338191986	5.207110461924458e-06	3.2002615171222715e-06	0.0002948819601442665	2
virus_1568|label=2	0.003088736906647682	0.43279358744621277	0.00046692672185599804	0.00048747469554655254	0.06316331773996353	2
virus_1569|label=2	9.683772077551112e-05	0.4992877244949341	0.0003829396446235478	0.00022158905630931258	1.0880725312745199e-05	2
virus_1570|label=2	1.8560086800789577e-07	0.49998486042022705	4.812458200831315e-07	3.275920050782588e-07	1.4181090591591783e-05	2
virus_1571|label=2	6.879964985273546e-06	0.4999154210090637	3.2661915611242875e-05	3.347603706060909e-05	1.155463087343378e-05	2
virus_1572|label=2	6.05707413114942e-08	0.4999985694885254	4.495235739199188e-09	1.8515513033889874e-07	1.2161085578554776e-06	2
virus_1573|label=2	0.4774424135684967	0.02223876677453518	0.00018539978191256523	7.965758413774893e-05	5.370133294491097e-05	1
virus_1574|label=2	0.0005533796502277255	0.4992096424102783	2.199972641392378e-06	2.7238300390308723e-05	0.00020750788098666817	2
virus_1575|label=2	3.075885857128924e-08	0.49998873472213745	7.133288590921438e-07	8.482829798595048e-06	2.0132506506342907e-06	2
virus_1576|label=2	0.0001523917744634673	0.4992845058441162	4.636026278603822e-05	0.00016288569895550609	0.00035382594796828926	2
virus_1577|label=2	2.433008461366626e-08	0.4999926686286926	9.157320457475748e-10	1.894011392167272e-09	7.307714895432582e-06	2
virus_1578|label=2	0.0015467642806470394	0.4972711205482483	0.0004327023052610457	0.0007032097782939672	4.6155084419297054e-05	2
virus_1579|label=2	0.0002789752325043082	0.4888197183609009	0.001822310732677579	0.004583117552101612	0.004495867062360048	2
virus_1580|label=2	0.002244548872113228	0.19256800413131714	0.1501317322254181	0.05389774590730667	0.10115794837474823	2
virus_1581|label=2	8.040708780754358e-05	0.48983365297317505	0.00044006810639984906	0.0003221230290364474	0.009323805570602417	2
virus_1582|label=2	4.475521927815862e-05	0.49923205375671387	7.739618740743026e-05	0.00020873777975793928	0.00043712527258321643	2
virus_1583|label=2	0.009897807613015175	0.48942840099334717	0.0005872711772099137	2.602065069368109e-05	6.049301373423077e-05	2
virus_1584|label=2	0.07059826701879501	0.32230421900749207	0.0005185838672332466	0.0034005327615886927	0.10317841917276382	2
virus_1585|label=2	0.011833884753286839	0.19854533672332764	0.07760395854711533	0.19827230274677277	0.013744491152465343	2
virus_1586|label=2	0.002677966607734561	0.4830247759819031	0.001855038688518107	0.004573426209390163	0.007868790067732334	2
virus_1587|label=2	0.00017714450950734317	0.4720134437084198	0.0030653660651296377	0.0016098595224320889	0.023134196177124977	2
virus_1588|label=2	3.309307430754416e-05	0.3035477101802826	0.02121598832309246	0.13294339179992676	0.04225975647568703	2
virus_1589|label=2	0.00016219343524426222	0.49946117401123047	0.00017014243348967284	0.00018369356985203922	2.2802318198955618e-05	2
virus_1590|label=2	5.5006184993544593e-05	0.45791569352149963	0.03384528309106827	0.0012166360393166542	0.0069673205725848675	2
virus_1591|label=2	0.007471482735127211	0.3323548436164856	0.055670879781246185	0.08798427879810333	0.016518529504537582	2
virus_1592|label=2	3.423332373131416e-07	0.4999208450317383	4.051301584695466e-05	2.0726110960822552e-05	1.7523148926557042e-05	2
virus_1593|label=2	4.0968857319967356e-06	0.4999275207519531	1.4126715541351587e-05	3.8780308386776596e-05	1.5424122466356494e-05	2
virus_1594|label=2	1.5853112245167722e-06	0.4999658465385437	1.7223339455085807e-05	5.109756784804631e-06	1.0215825568593573e-05	2
virus_1595|label=2	0.0014700844185426831	0.46977338194847107	0.0008099167025648057	0.003583549987524748	0.0243630800396204	2
virus_1596|label=2	2.7408947062212974e-05	0.4981062412261963	0.0012259326176717877	0.0005048474413342774	0.00013558744103647768	2
virus_1597|label=2	0.00030004308791831136	0.027707582339644432	0.0022714566439390182	0.0027529222425073385	0.46696802973747253	5
virus_1598|label=2	1.520920591246977e-06	0.49983227252960205	6.229322025319561e-05	9.151002450380474e-05	1.2420337043295149e-05	2
virus_1599|label=2	0.003490424482151866	0.49043533205986023	0.0002569901989772916	9.785949077922851e-05	0.005719327367842197	2
virus_1600|label=2	6.496063724625856e-05	0.4998459219932556	5.383556708693504e-05	3.0364115445991047e-05	4.920582341583213e-06	2
virus_1601|label=2	0.00044407034874893725	0.4984801113605499	0.00032011736766435206	0.00038569894968532026	0.000369957007933408	2
virus_1602|label=2	4.343010004959069e-06	0.49606141448020935	3.6564626952895196e-06	0.00015008196351118386	0.0037805179599672556	2
virus_1603|label=2	7.449649274349213e-05	0.4806879758834839	0.0006384800653904676	0.01781550422310829	0.0007835435681045055	2
virus_1604|label=2	0.0004103743121959269	0.37964752316474915	0.07805578410625458	0.03855900466442108	0.0033273273147642612	2
virus_1605|label=2	0.00481368089094758	0.4752448797225952	0.006800196599215269	0.008985936641693115	0.004155291710048914	2
virus_1606|label=2	1.1662750694085844e-06	0.49997586011886597	8.613859790784772e-06	1.2652873920160346e-05	1.641308131183905e-06	2
virus_1607|label=2	1.4060812645766418e-05	0.46004727482795715	2.697572017495986e-05	0.00013206071162130684	0.03977963328361511	2
virus_1608|label=2	8.356798986142167e-08	0.49999892711639404	2.6495555971450813e-08	5.805494538435596e-07	3.9029140452839783e-07	2
virus_1609|label=2	0.001177390106022358	0.49711835384368896	0.0012406198075041175	0.00039901118725538254	6.457696144934744e-05	2
virus_1610|label=2	0.0005113461520522833	0.23216259479522705	0.0001297573180636391	0.0035242210142314434	0.2636720836162567	5
virus_1611|label=2	8.15722069091862e-06	0.48050907254219055	7.588743756059557e-05	0.001561475801281631	0.017845429480075836	2
virus_1612|label=2	0.016930559650063515	0.481899231672287	0.00012465837062336504	0.00018446799367666245	0.0008610503864474595	2
virus_1613|label=2	4.508841357164783e-06	0.4998471140861511	3.051416570087895e-06	7.032696885289624e-05	7.501575601054356e-05	2
virus_1614|label=2	0.14403551816940308	0.35542887449264526	3.850020584650338e-05	0.00044104093103669584	5.602654709946364e-05	2
virus_1615|label=2	0.0005239940364845097	0.4761379659175873	0.00032749955425970256	0.022599486634135246	0.00041103982948698103	2
virus_1616|label=2	0.001893611392006278	0.4152180254459381	0.05038736015558243	0.02909671701490879	0.003404319519177079	2
virus_1617|label=2	0.0026495810598134995	0.49631041288375854	4.6124529196056585e-10	8.854951261128008e-08	0.0010399535531178117	2
virus_1618|label=2	0.0017977029783651233	0.21605171263217926	0.04061811789870262	0.013514739461243153	0.22801770269870758	5
virus_1619|label=2	5.583704114542343e-05	0.47207769751548767	0.025529904291033745	0.002130541717633605	0.00020600536663550884	2
virus_1620|label=2	1.1719824222211628e-08	0.4999939203262329	7.985875072336057e-08	5.923962817178108e-06	1.1568959479291152e-07	2
virus_1621|label=2	1.1929421894762982e-08	0.4999973177909851	3.324468522691859e-08	2.567086312410538e-06	3.610989551816601e-08	2
virus_1622|label=2	4.356787940196227e-06	0.4999583959579468	8.226807949540671e-06	2.88381506834412e-05	1.9332603073962673e-07	2
virus_1623|label=2	1.1205597161279002e-07	0.4999527335166931	4.662189439841313e-06	4.224872827762738e-05	2.6184793000538775e-07	2
virus_1624|label=2	6.212851566544941e-09	0.49999433755874634	1.8883879349118615e-08	5.580954621109413e-06	4.335253578346965e-08	2
virus_1625|label=2	0.015908384695649147	0.13340499997138977	0.008117501623928547	0.1129927784204483	0.22957633435726166	5
virus_1626|label=2	0.001123596797697246	0.49663645029067993	0.0002723605721257627	0.0007312380475923419	0.0012363819405436516	2
virus_1627|label=2	1.6549181964364834e-05	0.4914180338382721	0.0003350611950736493	0.00011054247443098575	0.00811981875449419	2
virus_1628|label=2	1.7201431319335825e-06	0.4998408555984497	5.654420419887174e-06	2.315464007551782e-05	0.0001285681501030922	2
virus_1629|label=2	0.0002603683969937265	0.3449448049068451	0.08905579894781113	0.030299726873636246	0.03543926030397415	2
virus_1630|label=2	4.556977728498168e-06	0.49937552213668823	9.89284581009997e-06	0.00021275437029544264	0.0003972682752646506	2
virus_1631|label=2	2.2068413763065564e-09	0.4999997615814209	1.0964612551234154e-09	5.408946179841223e-09	2.606578846098273e-07	2
virus_1632|label=2	1.3478686014423147e-05	0.49997228384017944	5.96031043187395e-07	1.0404298791399924e-06	1.2624050214071758e-05	2
virus_1633|label=2	0.02267180010676384	0.20062687993049622	0.14113064110279083	0.009018287993967533	0.12655237317085266	2
virus_1634|label=2	0.0046379598788917065	0.0973731130361557	0.1276157647371292	0.20406782627105713	0.06630539149045944	4
virus_1635|label=2	0.0015315429773181677	0.4912393093109131	0.003873363370075822	0.003149289172142744	0.00020648539066314697	2
virus_1636|label=2	9.6129733719863e-05	0.49989500641822815	2.7208316168980673e-06	6.751712930963549e-07	5.479979790834477e-06	2
virus_1637|label=2	0.0833754763007164	0.3256312608718872	0.009359362535178661	0.0029142096173018217	0.07871969044208527	2
virus_1638|label=2	0.00011145450116600841	0.493835985660553	0.0015546886716037989	0.004134646616876125	0.0003632374864537269	2
virus_1639|label=2	1.8015920204561553e-06	0.4812741279602051	1.773577241692692e-05	4.275097671779804e-05	0.018663622438907623	2
virus_1640|label=2	0.0005851457244716585	0.4988816976547241	1.937942397489678e-05	0.0004956847988069057	1.8062524759443477e-05	2
virus_1641|label=2	0.0005414541810750961	0.21649572253227234	0.0001645086013013497	0.00010522416414460167	0.28269311785697937	5
virus_1642|label=2	0.0009594106231816113	0.08709944039583206	0.0032593635842204094	0.05542026832699776	0.3532615005970001	5
virus_1643|label=2	0.00011984836601186544	0.4975350499153137	0.0011013554176315665	0.0012214062735438347	2.2360118236974813e-05	2
virus_1644|label=2	2.0700206732726656e-05	0.4939301311969757	0.00012443480954971164	0.0008973295334726572	0.005027391016483307	2
virus_1645|label=2	1.7455690226597653e-07	0.4944702088832855	3.831687990896171e-06	1.2825108569813892e-05	0.005512905772775412	2
virus_1646|label=2	0.0012529415544122458	0.4931897819042206	0.0040219626389443874	0.0007057125330902636	0.0008296299492940307	2
virus_1647|label=2	1.060023805621313e-06	0.49999552965164185	2.1045846665401768e-07	6.02104478275578e-07	2.5344515961478464e-06	2
virus_1648|label=2	1.4894885680405423e-05	0.499889999628067	1.2492821497289697e-06	4.3902155084651895e-06	8.947156311478466e-05	2
virus_1649|label=2	0.0006411665235646069	0.4885070025920868	0.0028647545259445906	0.00395512580871582	0.004031962715089321	2
virus_1650|label=2	4.3554618400776235e-07	0.4998398423194885	6.612044245457582e-09	5.506061029336706e-07	0.00015922170132398605	2
virus_1651|label=2	1.8442207874613814e-05	0.4999629855155945	8.155422619893216e-06	4.075026936334325e-06	6.358012797136325e-06	2
virus_1652|label=2	1.5300245649996214e-05	0.49945932626724243	1.082164999388624e-05	0.00023910887830425054	0.00027540375594981015	2
virus_1653|label=2	5.0782687139872e-06	0.497284471988678	0.0002560356224421412	0.0003516477008815855	0.0021027361508458853	2
virus_1654|label=2	0.005248144268989563	0.494296669960022	1.3813289115205407e-05	0.00012118130689486861	0.0003202066000085324	2
virus_1655|label=2	2.0028090148116462e-05	0.4998738467693329	1.448081366106635e-05	4.937377889291383e-05	4.226551754982211e-05	2
virus_1656|label=2	4.558904765872285e-05	0.49994248151779175	3.036718453586218e-06	2.480692046447075e-06	6.38004303255002e-06	2
virus_1657|label=2	4.446788807399571e-05	0.49993544816970825	4.257218279235531e-06	9.503274668531958e-06	6.3932188822946046e-06	2
virus_1658|label=2	0.0034667826257646084	0.4945685565471649	0.00020795935415662825	0.0016875588335096836	6.914623372722417e-05	2
virus_1659|label=2	1.0937956176348962e-05	0.4353460967540741	0.009086398407816887	0.003877779468894005	0.051678821444511414	2
virus_1660|label=2	0.000990888918749988	0.49756696820259094	0.000956155126914382	0.0002672485134098679	0.00021869875490665436	2
virus_1661|label=2	0.0019915669690817595	0.15554550290107727	0.15889397263526917	0.12441437691450119	0.05915462225675583	3
virus_1662|label=2	0.006863798014819622	0.44053202867507935	0.0430852547287941	0.006790635176002979	0.0027283248491585255	2
virus_1663|label=2	2.4777014914434403e-05	0.4993519186973572	3.5718662161343673e-07	2.355766582695651e-06	0.0006205535610206425	2
virus_1664|label=2	0.00012369448086246848	0.4809918701648712	1.1725793228833936e-05	0.0003740864631254226	0.018498634919524193	2
virus_1665|label=2	0.00021174849825911224	0.4860645532608032	0.004119053017348051	0.008566152304410934	0.0010384769411757588	2
virus_1666|label=2	0.0004641317646019161	0.4945284426212311	0.0008809269638732076	0.003971647005528212	0.0001548864966025576	2
virus_1667|label=2	3.1486885632148187e-07	0.49999773502349854	3.0020621011317417e-07	7.138269211282022e-07	9.266918823414017e-07	2
virus_1668|label=2	2.2603242655350186e-07	0.49999505281448364	2.3282701988591725e-07	3.904497589246603e-06	5.50212689631735e-07	2
virus_1669|label=2	8.284222712973133e-05	0.3852308690547943	6.117928569437936e-05	0.005560380406677723	0.1090647429227829	2
virus_1670|label=2	8.807025733403862e-05	0.49948692321777344	2.002635483222548e-05	0.00013421544281300157	0.0002708259562496096	2
virus_1671|label=2	7.406031272694236e-06	0.4999822974205017	4.183011242275825e-06	4.834304036194226e-06	1.3325931149665848e-06	2
virus_1672|label=2	0.004985853563994169	0.15143199265003204	0.12449701130390167	0.21698738634586334	0.002097765449434519	4
virus_1673|label=2	2.0344561562524177e-05	0.4993951618671417	0.0004979944787919521	6.346665759338066e-05	2.30438254220644e-05	2
virus_1674|label=2	0.004200815688818693	0.4951145052909851	0.0002727248938754201	0.00026624620659276843	0.00014570455823559314	2
virus_1675|label=2	1.6820822565932758e-05	0.49996984004974365	1.140441440838913e-06	3.6664991966972593e-06	8.521216841472778e-06	2
virus_1676|label=2	0.0002504598814994097	0.2857668399810791	4.231592174619436e-05	0.000657613854855299	0.21328280866146088	2
virus_1677|label=2	0.04101201891899109	0.43732357025146484	0.001772457268089056	0.01962246187031269	0.00026949390303343534	2
virus_1678|label=2	2.1153059037715138e-07	0.49998939037323	9.90277158052777e-07	8.128450645017438e-06	1.2539928775368026e-06	2
virus_1679|label=2	0.0005917833768762648	0.49689915776252747	0.0009476686827838421	0.000743885466363281	0.0008175704278983176	2
virus_1680|label=2	2.452905846439535e-06	0.49914196133613586	0.0006910483352839947	0.000143440964166075	2.1038911654613912e-05	2
virus_1681|label=2	7.522084615629865e-06	0.4999579191207886	1.8145814237868763e-06	1.5670404536649585e-05	1.7133945220848545e-05	2
virus_1682|label=2	0.002432648092508316	0.1754923015832901	0.054892364889383316	0.09075730293989182	0.17642535269260406	5
virus_1683|label=2	0.001112122554332018	0.49310410022735596	0.0005269616958685219	0.005064118187874556	0.00019270155462436378	2
virus_1684|label=2	0.0005339517374522984	0.4892054796218872	0.0011181338923051953	0.009105559438467026	3.6829565942753106e-05	2
virus_1685|label=2	0.002437405288219452	0.4940947890281677	1.6300267589031137e-06	8.06534353614552e-06	0.003458055667579174	2
virus_1686|label=2	0.00013329193461686373	0.49805665016174316	0.0017113253707066178	8.766995597397909e-05	1.1062451449106447e-05	2
virus_1687|label=2	2.251476871606428e-06	0.4995570480823517	2.926497018052032e-07	5.8383384384796955e-06	0.00043454012484289706	2
virus_1688|label=2	3.8128651794977486e-05	0.4992791712284088	4.703937520389445e-05	5.2954866987420246e-05	0.0005827139248140156	2
virus_1689|label=2	7.404051416415314e-08	0.49997788667678833	2.1187065613048617e-06	5.619222520181211e-06	1.4286159057519399e-05	2
virus_1690|label=2	0.0002768728299997747	0.4985220730304718	0.0011759886983782053	2.495363150956109e-05	8.95093847930184e-08	2
virus_1691|label=2	0.002955542178824544	0.4698562026023865	0.001729798736050725	0.02166210301220417	0.0037963069044053555	2
virus_1692|label=2	0.00012266940029803663	0.49973854422569275	1.5982863033059402e-06	1.9440080905042123e-06	0.00013523612869903445	2
virus_1693|label=2	0.0002819811925292015	0.4990541934967041	0.00023256560962181538	0.00039179952000267804	3.9415306673618034e-05	2
virus_1694|label=2	0.007910043932497501	0.33134785294532776	0.0784727931022644	0.05864155292510986	0.02362772449851036	2
virus_1695|label=2	4.747593266074546e-06	0.4999638795852661	5.531327133212471e-06	7.898721605670289e-07	2.5028355594258755e-05	2
virus_1696|label=2	9.297903488914017e-06	0.4943256378173828	1.0265590390190482e-05	0.00012948545918334275	0.005525339860469103	2
virus_1697|label=2	0.043420832604169846	0.011698391288518906	0.32325616478919983	0.11801335960626602	0.0036112454254180193	3
virus_1698|label=2	7.269719935720786e-05	0.49873465299606323	1.5962648831191473e-05	6.288017175393179e-05	0.0011138180270791054	2
virus_1699|label=2	0.0002875374921131879	0.4432515501976013	0.006891932338476181	0.007857851684093475	0.04171111062169075	2
virus_1700|label=2	7.341461605392396e-05	0.26592084765434265	0.003305689198896289	0.12907516956329346	0.10162483900785446	2
virus_1701|label=2	0.0007212727214209735	0.426531583070755	0.0007144585251808167	0.000247654301347211	0.07178501039743423	2
virus_1702|label=2	0.005171457305550575	0.19402596354484558	0.08008018881082535	0.20563170313835144	0.015090666711330414	4
virus_1703|label=2	0.00021647247194778174	0.34502771496772766	0.00038801736081950366	0.0003259764635004103	0.1540418118238449	2
virus_1704|label=2	4.425398583407514e-05	0.4968653917312622	5.2121145017736126e-06	3.507418296067044e-05	0.0030500967986881733	2
virus_1705|label=2	0.0022196401841938496	0.4975578784942627	0.0001100383306038566	6.222177762538195e-05	5.022877303417772e-05	2
virus_1706|label=2	0.0006129566463641822	0.4975106716156006	4.246656681061722e-05	0.00023981578124221414	0.0015940909506753087	2
virus_1707|label=2	0.025190269574522972	0.4352419972419739	0.030755620449781418	0.002757343463599682	0.006054810248315334	2
virus_1708|label=2	6.0993847910140175e-06	0.010523159988224506	0.001783606014214456	0.00341004878282547	0.4842770993709564	5
virus_1709|label=2	0.0032628816552460194	0.024860814213752747	0.3785382807254791	0.04412485659122467	0.04921319708228111	3
virus_1710|label=2	8.806305231701117e-07	0.49990740418434143	7.996881322469562e-05	8.592858648626134e-06	3.1830074931349372e-06	2
virus_1711|label=2	3.756860678549856e-05	0.49218499660491943	0.002822741400450468	0.0018431537318974733	0.0031115252058953047	2
virus_1712|label=2	7.606879808008671e-05	0.4342362582683563	0.0011711784172803164	0.00025592331076040864	0.0642605572938919	2
virus_1713|label=2	0.00031491467962041497	0.4298507869243622	0.003461084794253111	0.0034998031333088875	0.06287337839603424	2
virus_1714|label=2	3.636651626948151e-06	0.4999617338180542	7.07017647982866e-07	1.1292078170299646e-06	3.2787505915621296e-05	2
virus_1715|label=2	1.2049359838783857e-06	0.49894586205482483	3.513402407406829e-05	9.899233555188403e-05	0.0009188082767650485	2
virus_1716|label=2	0.00030303100356832147	0.4968763291835785	0.0015867192996665835	0.0010426994413137436	0.00019118133059237152	2
virus_1717|label=2	0.0014192528324201703	0.498331755399704	1.4191782611305825e-05	2.3979566321941093e-05	0.00021076637494843453	2
virus_1718|label=2	0.0009445067262277007	0.1952698677778244	0.27105772495269775	0.03271091356873512	1.7002910681185313e-05	3
virus_1719|label=2	0.00017048121662810445	0.32962262630462646	0.023061105981469154	0.07284106314182281	0.07430467754602432	2
virus_1720|label=2	3.144120228171232e-06	0.4985464811325073	3.5018027119804174e-05	0.001374383457005024	4.0923827327787876e-05	2
virus_1721|label=2	8.182238525478169e-05	0.49903205037117004	9.758968371897936e-05	0.000787587370723486	1.0175107263421523e-06	2
virus_1722|label=2	4.827408702112734e-06	0.499919056892395	9.549127071295516e-07	4.533175342658069e-06	7.060100324451923e-05	2
virus_1723|label=2	7.300503057194874e-06	0.4999781847000122	5.996139407216106e-07	1.8689330545385019e-06	1.2091719327145256e-05	2
virus_1724|label=2	0.00014462416584137827	0.4819948673248291	0.003069430822506547	0.011789539828896523	0.0030015462543815374	2
virus_1725|label=2	0.010359385050833225	0.4866254925727844	0.0015167802339419723	0.0014579833950847387	4.034770608996041e-05	2
virus_1726|label=2	0.0003345550212543458	0.49872902035713196	0.00020066248544026166	0.0001846170489443466	0.0005511628114618361	2
virus_1727|label=2	0.0024586671497672796	0.49289530515670776	0.0028768181800842285	0.0006959300953894854	0.0010732680093497038	2
virus_1728|label=2	0.012770229950547218	0.46962669491767883	0.013436920009553432	0.0024992828257381916	0.0016668576281517744	2
virus_1729|label=2	0.0015406450256705284	0.24879910051822662	0.12399973720312119	0.07490881532430649	0.0507516972720623	2
virus_1730|label=2	0.001560571021400392	0.48581868410110474	0.00777360238134861	0.004362288862466812	0.00048494257498532534	2
virus_1731|label=2	0.00993118342012167	0.04325326532125473	0.012132054194808006	0.03349916264414787	0.4011843502521515	5
virus_1732|label=2	0.00035979447420686483	0.37129154801368713	0.011211543343961239	0.007222195155918598	0.10991493612527847	2
virus_1733|label=2	0.0005922006675973535	0.4701479375362396	0.02664915844798088	0.0023790018167346716	0.00023175358364824206	2
virus_1734|label=2	0.001724272733554244	0.4441399574279785	0.011372487060725689	0.042620498687028885	0.00014276610454544425	2
virus_1735|label=2	0.0005625231424346566	0.49047139286994934	0.006292896345257759	0.00089014827972278	0.0017830448923632503	2
virus_1736|label=2	0.0003761279222089797	0.4894446134567261	0.00033361546229571104	0.0026622468139976263	0.007183403708040714	2
virus_1737|label=2	3.8970909372437745e-05	0.4999604821205139	5.451993700944513e-08	8.025222797414244e-08	4.3731051846407354e-07	2
virus_1738|label=2	5.147305273567326e-06	0.49999260902404785	5.199134420763585e-07	1.6118497114803176e-06	1.1784759124111588e-07	2
virus_1739|label=2	0.3330182433128357	0.02067703939974308	0.046223584562540054	0.09562377631664276	0.004457330331206322	1
virus_1740|label=2	5.696140578947961e-05	0.38677042722702026	0.007124613504856825	0.0010921002831310034	0.10495590418577194	2
virus_1741|label=2	2.7581403628573753e-05	0.499671071767807	0.0002583856403362006	3.228777859476395e-05	1.0645897418726236e-05	2
virus_1742|label=2	0.0001641437120269984	0.3936574459075928	0.023981288075447083	0.07979351282119751	0.0024035940878093243	2
virus_1743|label=2	4.2071118855346867e-07	0.49999070167541504	7.793816507728479e-07	2.649518648922822e-07	7.84801522968337e-06	2
virus_1744|label=2	3.567121166270226e-05	0.4692373275756836	0.029248816892504692	0.0008152368245646358	0.0006629908457398415	2
virus_1745|label=2	3.1718762329546735e-05	0.4998025596141815	0.00010240338451694697	4.947278284817003e-05	1.3865520486433525e-05	2
virus_1746|label=2	0.002462856937199831	0.4235444664955139	0.012478480115532875	0.05209534242749214	0.009418882429599762	2
virus_1747|label=2	0.0014657576102763414	0.4301614761352539	0.0036432757042348385	0.008280551061034203	0.056448884308338165	2
virus_1748|label=2	8.287174182441959e-07	0.499033123254776	0.0004152763285674155	0.0005379982176236808	1.2724923180940095e-05	2
virus_1749|label=2	0.0008980950806289911	0.49709421396255493	0.0014661216409876943	0.00045920192496851087	8.23441514512524e-05	2
virus_1750|label=2	0.003776936326175928	0.4197888970375061	0.04482642188668251	0.013798078522086143	0.017809636890888214	2
virus_1751|label=2	6.228780762285169e-07	0.4945143461227417	0.0011576443212106824	0.00016119508654810488	0.00416619423776865	2
virus_1752|label=2	8.544918728148332e-07	0.4991547465324402	1.0795392881846055e-06	2.0050976672791876e-05	0.0008232946856878698	2
virus_1753|label=2	8.784846431808546e-05	0.49377551674842834	0.0019316325196996331	0.00019365914340596646	0.004011362325400114	2
virus_1754|label=2	0.00045456161024048924	0.05153603479266167	0.12729904055595398	0.12203171104192734	0.1986786425113678	5
virus_1755|label=2	0.00045867168228141963	0.214613139629364	0.008070714771747589	0.2763705253601074	0.0004869286494795233	4
virus_1756|label=2	0.0005165303591638803	0.4994129240512848	2.417072028038092e-05	2.706604755076114e-05	1.931071892613545e-05	2
virus_1757|label=2	3.070126126658579e-07	0.4999887943267822	3.2943003134278115e-06	7.219112831080565e-06	4.011224348232645e-07	2
virus_1758|label=2	2.982050136779435e-05	0.49980637431144714	4.847530362894759e-06	2.6389458071207628e-05	0.00013265234883874655	2
virus_1759|label=2	0.003824254497885704	0.4701635241508484	0.0012001729337498546	0.00023915909696370363	0.02457289583981037	2
virus_1760|label=2	4.7376899601658806e-05	0.4999505281448364	1.4121573599368276e-07	5.186564067116706e-07	1.449152478016913e-06	2
virus_1761|label=2	3.6260244087316096e-05	0.49982672929763794	6.570874393219128e-05	4.7444238589378074e-05	2.383931314398069e-05	2
virus_1762|label=2	0.0010160336969420314	0.457217812538147	0.0057412199676036835	0.03563012555241585	0.00039483446744270623	2
virus_1763|label=2	7.0596602199657355e-06	0.4990122318267822	0.0006013231468386948	0.0002488738391548395	0.00013051353744231164	2
virus_1764|label=2	0.0023706399369984865	0.49668386578559875	0.00024392556224483997	0.0004185711150057614	0.0002830247103702277	2
virus_1765|label=2	7.815175194991753e-05	0.49978598952293396	8.695958968019113e-06	0.00010156638745684177	2.5553263185429387e-05	2
virus_1766|label=2	7.952240594022442e-06	0.49934640526771545	0.0005201187450438738	9.326615690952167e-05	3.223044768674299e-05	2
virus_1767|label=2	0.09760164469480515	0.26938849687576294	0.033853571861982346	0.00969787035137415	0.08945845067501068	2
virus_1768|label=2	0.014469950459897518	0.3688744902610779	0.06116456910967827	0.05507354065775871	0.0004174987261649221	2
virus_1769|label=2	0.00013409006351139396	0.4051211178302765	0.024320727214217186	0.06416016072034836	0.006263914983719587	2
virus_1770|label=2	1.945934673130978e-05	0.499094694852829	4.884042573394254e-05	5.99892191530671e-05	0.0007770481170155108	2
virus_1771|label=2	6.633667339883687e-07	0.4999730587005615	3.7061974467178516e-07	7.325000979108154e-07	2.5206287318724208e-05	2
virus_1772|label=2	3.8380410842364654e-05	0.4803009033203125	0.015379615128040314	0.004240801557898521	4.033029836136848e-05	2
virus_1773|label=2	0.00032868210109882057	0.3415210247039795	0.022105909883975983	0.07583396136760712	0.060210470110177994	2
virus_1774|label=2	0.11553814262151718	0.37474849820137024	0.0026493899058550596	0.006261074915528297	0.0008028928423300385	2
virus_1775|label=2	3.369087426108308e-05	0.4978049695491791	0.0012019602581858635	0.0006649779388681054	0.00029439813806675375	2
virus_1776|label=2	0.011830631643533707	0.4487346112728119	0.01066107302904129	0.02685786597430706	0.0019158190116286278	2
virus_1777|label=2	0.003976454492658377	0.08112280815839767	0.045175157487392426	0.18647082149982452	0.18325476348400116	4
virus_1778|label=2	4.543150498648174e-05	0.15318965911865234	0.001832950278185308	0.0038082038518041372	0.3411237299442291	5
virus_1779|label=2	0.00026716198772192	0.49956652522087097	1.7303025742876343e-05	9.673257409303915e-06	0.0001393283309880644	2
virus_1780|label=2	0.017907293513417244	0.035802457481622696	0.0031889344099909067	0.0011757317697629333	0.4419255554676056	5
virus_1781|label=2	2.2442640101871802e-07	0.49999934434890747	7.17913479775234e-08	3.747876178294973e-07	3.0366018588523502e-09	2
virus_1782|label=2	7.323405588977039e-05	0.49898824095726013	0.00047911249566823244	0.00014326011296361685	0.00031620264053344727	2
virus_1783|label=2	9.083955774258357e-06	0.4859040081501007	0.0011555470991879702	0.0012745832791551948	0.011656814254820347	2
virus_1784|label=2	0.0021873698569834232	0.08028409630060196	0.05259096994996071	0.12150705605745316	0.2434304654598236	5
virus_1785|label=2	0.004446604289114475	0.3622753620147705	0.004071481991559267	0.0028048234526067972	0.12640167772769928	2
virus_1786|label=2	1.6066303942352533e-05	0.49997520446777344	1.177236981675378e-06	4.132539743295638e-06	3.4014456105069257e-06	2
virus_1787|label=2	5.0331680540693924e-05	0.48769140243530273	0.0036085324827581644	0.002402564510703087	0.006247168872505426	2
virus_1788|label=2	0.0013195567298680544	0.3906160593032837	0.002585192210972309	0.03241288289427757	0.07306630164384842	2
virus_1789|label=2	0.00014982499124016613	0.4850088953971863	0.0003182587679475546	5.2781993872486055e-05	0.01447022333741188	2
virus_1790|label=2	0.020430199801921844	0.4791303277015686	0.00011290676047792658	0.00017210232908837497	0.0001544360857224092	2
virus_1791|label=2	0.0008561142021790147	0.4230572283267975	0.00444425456225872	0.016771050170063972	0.05487142130732536	2
virus_1792|label=2	0.00010080102947540581	0.4869518280029297	0.005317645147442818	0.00418939208611846	0.003440363332629204	2
virus_1793|label=2	2.4064502213150263e-06	0.4635245203971863	0.009772632271051407	0.004884804133325815	0.02181561291217804	2
virus_1794|label=2	1.2153386705904268e-06	0.49981260299682617	2.4033079171204008e-05	0.00013157962530385703	3.059841401409358e-05	2
virus_1795|label=2	0.013755137100815773	0.21892517805099487	0.24354501068592072	0.02371983416378498	5.4830343287903816e-05	3
virus_1796|label=2	0.0015227152034640312	0.16535401344299316	0.0788678228855133	0.04094407334923744	0.21331137418746948	5
virus_1797|label=2	0.0008442992111667991	0.448103666305542	0.0008026477880775928	0.011959224008023739	0.03829015791416168	2
virus_1798|label=2	0.03253355994820595	0.4596107602119446	0.002579579595476389	0.003690352663397789	0.0015857098624110222	2
virus_1799|label=2	1.1313622053421568e-05	0.07299493998289108	0.0012673260644078255	0.0037958899047225714	0.4219305217266083	5
virus_1800|label=2	0.0029997117817401886	0.4644923806190491	0.0031250722240656614	0.025575030595064163	0.0038078236393630505	2
virus_1801|label=2	0.009655489586293697	0.4767797589302063	0.005069711711257696	0.0021148640662431717	0.006380109116435051	2
virus_1802|label=2	5.45061766388244e-06	0.4929901957511902	0.00012729785521514714	0.000207693810807541	0.006669326219707727	2
virus_1803|label=2	0.0002216906432295218	0.4996231198310852	1.8562601326266304e-05	3.2272149837808684e-05	0.00010433197167003527	2
virus_1804|label=2	8.166029874701053e-05	0.4998425841331482	4.310118129069451e-06	1.3128411410434637e-05	5.839411460328847e-05	2
virus_1805|label=2	0.00021700974320992827	0.3527379631996155	0.00033793013426475227	0.0008795866742730141	0.1458275467157364	2
virus_1806|label=2	4.891323987976648e-05	0.4995761513710022	6.647196278208867e-05	3.900666706613265e-05	0.0002695021394174546	2
virus_1807|label=2	0.001109330216422677	0.49851924180984497	5.275550211081281e-05	2.8924037906108424e-05	0.00028969088452868164	2
virus_1808|label=2	6.402104918379337e-05	0.49325644969940186	0.0001972282479982823	0.00046919117448851466	0.006013166159391403	2
virus_1809|label=2	3.851403107546503e-06	0.3162226974964142	1.73536354850512e-05	0.00016111020522657782	0.1835949867963791	2
virus_1810|label=2	1.823911770770792e-05	0.4813573658466339	0.00024142004258465022	5.151337245479226e-05	0.018331481143832207	2
virus_1811|label=2	0.0011241360334679484	0.4715842306613922	0.018896210938692093	0.0033929331693798304	0.0050025200471282005	2
virus_1812|label=2	2.4998975277412683e-05	0.40522703528404236	0.0012708797585219145	0.0007582367397844791	0.09271886199712753	2
virus_1813|label=2	2.4906910766731016e-05	0.49607110023498535	0.0029489309526979923	0.000875879661180079	7.916057074908167e-05	2
virus_1814|label=2	0.0023028242867439985	0.3824330270290375	0.09034642577171326	0.022885411977767944	0.002032275078818202	2
virus_1815|label=2	0.0003261679084971547	0.08578252047300339	0.0482407808303833	0.003847267711535096	0.3618032932281494	5
virus_1816|label=2	0.0006656303885392845	0.498601496219635	0.000495913322083652	9.918086288962513e-05	0.00013778281572740525	2
virus_1817|label=2	0.005111570470035076	0.30424439907073975	0.13176248967647552	0.05830836296081543	0.0005732004647143185	2
virus_1818|label=2	0.013861170969903469	0.4136505424976349	0.019795512780547142	0.004971637390553951	0.04772116243839264	2
virus_1819|label=2	0.00015744855045340955	0.127569317817688	0.34960252046585083	0.013197270222008228	0.009473433718085289	3
virus_1820|label=2	0.13821293413639069	0.285662978887558	0.015575714409351349	0.01922297663986683	0.041325412690639496	2
virus_1821|label=2	0.004891690798103809	0.44657421112060547	0.0027523133903741837	0.04572920501232147	5.258583405520767e-05	2
virus_1822|label=2	2.8138714469605475e-07	0.49979469180107117	2.40473355006543e-06	1.0973379175993614e-05	0.00019166324636898935	2
virus_1823|label=2	0.0014943521237000823	0.3661927878856659	0.045597489923238754	0.08368825167417526	0.0030271599534898996	2
virus_1824|label=2	0.00026346370577812195	0.4991159737110138	0.0004225099110044539	0.00012382016575429589	7.422861381201074e-05	2
virus_1825|label=2	6.26406108494848e-06	0.4383201599121094	8.577946573495865e-05	0.00010999292135238647	0.06147776544094086	2
virus_1826|label=2	2.8589067369466648e-05	0.4883185625076294	0.0008065378060564399	0.0016546634724363685	0.009191613644361496	2
virus_1827|label=2	0.0017743551870808005	0.12933523952960968	0.036801014095544815	0.3099437952041626	0.022145548835396767	4
virus_1828|label=2	3.542604190442944e-06	0.4999583959579468	2.2802958483225666e-05	1.4984095287218224e-05	2.9115264510437555e-07	2
virus_1829|label=2	0.003142732195556164	0.4967275559902191	3.055128763662651e-05	6.124927313067019e-05	3.7871181120863184e-05	2
virus_1830|label=2	0.00018361191905569285	0.49961382150650024	5.526368568098405e-06	8.349826384801418e-05	0.00011352687579346821	2
virus_1831|label=2	0.0017102091806009412	0.311376690864563	0.10373800247907639	0.08104390650987625	0.002131138928234577	2
virus_1832|label=2	0.14621953666210175	0.2629331052303314	0.001572064938955009	0.0008945625741034746	0.08838079124689102	2
virus_1833|label=2	0.026052476838231087	0.45370835065841675	0.00107298674993217	0.0007284756866283715	0.0184377059340477	2
virus_1834|label=2	0.3645424544811249	0.11013515293598175	0.005626467522233725	0.012263612821698189	0.007432294078171253	1
virus_1835|label=2	0.00015154494030866772	0.49866390228271484	1.9449191313469782e-05	0.0003472029056865722	0.0008178803836926818	2
virus_1836|label=2	8.167057075070261e-08	0.49999868869781494	3.7301208521967055e-07	5.099041544553984e-08	8.371444550903107e-07	2
virus_1837|label=2	7.447284815498278e-07	0.49999189376831055	2.4213502456404967e-06	2.935494649136672e-06	2.0080074136785697e-06	2
virus_1838|label=2	1.8632975979926414e-06	0.4997090697288513	7.734556817240446e-08	4.000539490789379e-07	0.00028862428735010326	2
virus_1839|label=2	0.00014823515084572136	0.49209439754486084	0.0007259257254190743	0.0003932944091502577	0.006638134829699993	2
virus_1840|label=2	4.000581247964874e-05	0.4999558925628662	1.3452503253574832e-06	2.5717399694258347e-06	1.5205316117317125e-07	2
virus_1841|label=2	0.0001757660647854209	0.4998071789741516	1.3266526366351172e-05	1.8783842961056507e-06	1.8201185412181076e-06	2
virus_1842|label=2	0.0001383041380904615	0.47950267791748047	0.013665968552231789	0.0016757335979491472	0.005017260555177927	2
virus_1843|label=2	1.0696188837755471e-05	0.0036034390795975924	0.45685914158821106	0.024069640785455704	0.015457113273441792	3
virus_1844|label=2	0.005404963623732328	0.4904233515262604	0.0011529213516041636	0.002894531236961484	0.00012421366409398615	2
virus_1845|label=2	0.05793389305472374	0.4326373338699341	0.0016766948392614722	0.003449477721005678	0.004302605055272579	2
virus_1846|label=2	0.0001852861896622926	0.4761800765991211	0.0005931106279604137	0.002033413155004382	0.021008074283599854	2
virus_1847|label=2	0.003985745832324028	0.023266615346074104	0.00033906486351042986	0.46650826930999756	0.005900293588638306	4
virus_1848|label=2	0.00014179722347762436	0.4996909499168396	3.791845415435091e-07	1.6505099438290927e-06	0.00016524283273611218	2
virus_1849|label=2	0.00019079390040133148	0.28330737352371216	0.0020545795559883118	0.0033520087599754333	0.21109522879123688	2
virus_1850|label=2	9.648948616813868e-05	0.4994145929813385	3.6586556234396994e-05	9.781773405848071e-05	0.000354485324351117	2
virus_1851|label=2	5.448015144793317e-05	0.0039318460039794445	0.013742993585765362	0.009921899996697903	0.47234877943992615	5
virus_1852|label=2	0.018179940059781075	0.48145511746406555	3.622462463681586e-05	0.00013976116315461695	0.00018899056885857135	2
virus_1853|label=2	0.002864101668819785	0.4591112434864044	0.01733572408556938	0.020675985142588615	1.2987497939320747e-05	2
virus_1854|label=2	0.02834874764084816	0.037586767226457596	0.3775479197502136	0.052365001291036606	0.004151573870331049	3
virus_1855|label=2	2.7269867132417858e-05	0.4999154806137085	2.095801164614386e-06	9.085522833629511e-06	4.608758172253147e-05	2
virus_1856|label=2	0.00022010743850842118	0.49458834528923035	0.002147370483726263	0.002536255633458495	0.0005079302354715765	2
virus_1857|label=2	7.314630465771188e-07	0.42247816920280457	0.0009242116939276457	0.0010535605251789093	0.07554329931735992	2
virus_1858|label=2	0.01960127055644989	0.012246672064065933	0.2924763262271881	0.17052048444747925	0.005155244376510382	3
virus_1859|label=2	0.0005365923861972988	0.49816644191741943	0.0007943461532704532	0.00031130635761655867	0.00019129151769448072	2
virus_1860|label=2	7.444413495250046e-05	0.4989818334579468	0.00018174058641307056	0.0006233766907826066	0.00013862243213225156	2
virus_1861|label=2	0.00034532873542048037	0.12433217465877533	0.06908601522445679	0.005251189693808556	0.30098533630371094	5
virus_1862|label=2	3.053199407077045e-06	0.499996542930603	1.0530292193777768e-08	4.251915441955134e-08	3.618501125401963e-07	2
virus_1863|label=2	7.858538424443395e-07	0.3538471758365631	0.0009771803161129355	0.0010556259658187628	0.1441192328929901	2
virus_1864|label=2	3.0257731850724667e-05	0.3329722583293915	0.0033725546672940254	0.0027077668346464634	0.16091719269752502	2
virus_1865|label=2	0.0017473155166953802	0.47823330760002136	0.007692647632211447	0.011857062578201294	0.00046970785479061306	2
virus_1866|label=2	7.058915230118146e-07	0.499773234128952	0.0001239291887031868	1.2625427189050242e-05	8.947993046604097e-05	2
virus_1867|label=2	0.0006367161404341459	0.10878404229879379	0.3309387266635895	0.058202777057886124	0.001437748083844781	3
virus_1868|label=2	6.9264632429622e-07	0.4997769296169281	2.1763557015219703e-05	0.00012970076932106167	7.090604776749387e-05	2
virus_1869|label=2	0.0005615221452899277	0.06405509263277054	0.16137705743312836	0.17094358801841736	0.10306272655725479	4
virus_1870|label=2	0.00017627172928769141	0.37953847646713257	0.0008516209200024605	0.013420537114143372	0.10601309686899185	2
virus_1871|label=2	1.786509164958261e-05	0.4998972713947296	5.784280347143067e-06	1.9176319256075658e-05	5.989859710098244e-05	2
virus_1872|label=2	0.001628504483960569	0.4977237284183502	2.0515699361567385e-05	0.0001878330367617309	0.0004393816343508661	2
virus_1873|label=2	0.26359349489212036	0.12692619860172272	0.007839597761631012	0.0187319777905941	0.08290869742631912	1
virus_1874|label=2	0.00010304143506800756	0.49738240242004395	0.0018304046243429184	0.00011655475827865303	0.0005675440770573914	2
virus_1875|label=2	0.2226380705833435	0.16413535177707672	0.0994451642036438	0.013165532611310482	0.0006158784381113946	1
virus_1876|label=2	0.0025353378150612116	0.08851633965969086	0.006943223997950554	0.09557334333658218	0.30643174052238464	5
virus_1877|label=2	0.35762524604797363	0.14206507802009583	7.158522748795804e-06	5.052518827142194e-05	0.0002519933332223445	1
virus_1878|label=2	3.234894757042639e-05	0.4938848912715912	0.003727718722075224	7.428804383380339e-05	0.0022808066569268703	2
virus_1879|label=2	0.03860734403133392	0.23863662779331207	0.0005114298546686769	0.00027280213544145226	0.2219718098640442	2
virus_1880|label=2	0.0029591205529868603	0.09870912879705429	0.035981446504592896	0.11629657447338104	0.24605368077754974	5
virus_1881|label=2	0.0009411412756890059	0.49893462657928467	2.3177785806183238e-06	5.983307346468791e-06	0.0001159452585852705	2
virus_1882|label=2	0.0036192249972373247	0.06172872334718704	0.02758706547319889	0.15849879384040833	0.24856619536876678	5
virus_1883|label=2	0.004311505239456892	0.49562501907348633	1.418304327671649e-05	1.6552048691664822e-05	3.27221532643307e-05	2
virus_1884|label=2	0.00017068996385205537	0.49902859330177307	0.0001582618715474382	0.0005040838732384145	0.00013837798906024545	2
virus_1885|label=2	0.0007876810850575566	0.4969486892223358	8.625964255770668e-05	4.368650115793571e-05	0.0021337426733225584	2
virus_1886|label=2	9.373757166031282e-06	0.4603794515132904	0.0001569703599670902	0.00018362792616244406	0.039270564913749695	2
virus_1887|label=2	0.018901880830526352	0.1681363731622696	0.012844480574131012	0.02037912607192993	0.2797381281852722	5
virus_1888|label=2	1.391531441186089e-05	0.499839723110199	6.48717059448245e-06	4.520838956523221e-06	0.00013533369929064065	2
virus_1889|label=2	1.1122525393147953e-05	0.49857592582702637	0.001219499739818275	7.262113649630919e-05	0.00012085027265129611	2
virus_1890|label=2	5.642582254949957e-05	0.4993267059326172	0.0002630407107062638	0.0003496444260235876	4.138740223424975e-06	2
virus_1891|label=2	6.498231232399121e-05	0.4997457265853882	0.00011475689098006114	1.4904169802321121e-05	5.963674993836321e-05	2
virus_1892|label=2	0.00010156634380109608	0.4469510018825531	0.04248066991567612	0.004104733467102051	0.006362042389810085	2
virus_1893|label=2	0.000980448559857905	0.47954466938972473	0.001600531511940062	0.00010123766696779057	0.0177730955183506	2
virus_1894|label=2	9.485667760600336e-06	0.4975271224975586	0.001428871531970799	0.0008570380159653723	0.00017743823991622776	2
virus_1895|label=2	9.866941582004074e-06	0.4987229108810425	0.000731902604456991	0.0003398969420231879	0.00019539239292498678	2
virus_1896|label=2	0.0009418012923561037	0.25004124641418457	0.012336867861449718	0.13659130036830902	0.10008879750967026	2
virus_1897|label=2	0.1211242824792862	0.02035958133637905	0.13311250507831573	0.06761328876018524	0.15779034793376923	5
virus_1898|label=2	0.0002508257166482508	0.4686149060726166	0.0016719490522518754	0.003671068698167801	0.02579130232334137	2
virus_1899|label=2	0.006285249721258879	0.45687589049339294	0.032869674265384674	0.003585384227335453	0.00038374069845303893	2
virus_1900|label=2	0.017145782709121704	0.48209309577941895	0.00029238301794975996	0.0001819278550101444	0.0002867852454073727	2
virus_1901|label=2	0.0003031371452379972	0.49934491515159607	2.5578758595656836e-06	8.474035712424666e-05	0.0002646467473823577	2
virus_1902|label=2	7.564547104266239e-07	0.002922376384958625	0.0010535469045862556	0.009636644273996353	0.4863866865634918	5
virus_1903|label=2	0.00017588834452908486	0.45188671350479126	0.028900543227791786	0.00041423755465075374	0.0186226274818182	2
virus_1904|label=2	0.0014616647968068719	0.047815605998039246	0.029393861070275307	0.41252458095550537	0.008804292418062687	4
virus_1905|label=2	9.860095451585948e-05	0.49846360087394714	0.0005906749865971506	0.0006593742873519659	0.00018775057105813175	2
virus_1906|label=2	5.187638052461807e-08	0.49998944997787476	6.157559084840614e-08	9.425598790357981e-08	1.0308255696145352e-05	2
virus_1907|label=2	9.781185508472845e-05	0.490713894367218	6.358011160045862e-05	0.001260410062968731	0.007864311337471008	2
virus_1908|label=2	3.40669066645205e-06	0.49949273467063904	5.068449172540568e-05	0.0003597753820940852	9.339916141470894e-05	2
virus_1909|label=2	0.002053714357316494	0.49510928988456726	0.0022602409590035677	0.0005758425686508417	9.255487611881108e-07	2
virus_1910|label=2	0.00012320821406319737	0.4997546076774597	1.3018233175898786e-06	7.733705388091039e-06	0.00011313944560242817	2
virus_1911|label=2	0.009303138591349125	0.15252424776554108	0.0476604662835598	0.10016931593418121	0.19034284353256226	5
virus_1912|label=2	0.009684928692877293	0.024144968017935753	0.3430960774421692	0.12218988686800003	0.0008841372327879071	3
virus_1913|label=2	1.1512279343151022e-05	0.4867199659347534	0.0005502747371792793	0.0003356856177560985	0.012382564134895802	2
virus_1914|label=2	2.3896097900433233e-06	0.4999440908432007	1.917956751640304e-06	7.275443294929573e-06	4.4358275772538036e-05	2
virus_1915|label=2	0.05541016161441803	0.4440484046936035	0.00046813845983706415	7.270328205777332e-05	6.05679872478504e-07	2
virus_1916|label=2	1.4881297829560935e-06	0.4945179522037506	0.0005984457675367594	0.0009218669147230685	0.003960246220231056	2
virus_1917|label=2	0.005729572847485542	0.37014007568359375	0.019036462530493736	0.08894567936658859	0.01614820398390293	2
virus_1918|label=2	3.020303296352722e-08	0.49980685114860535	1.1372480003046803e-05	0.00017039704835042357	1.1348990483384114e-05	2
virus_1919|label=2	0.0026737642474472523	0.494998037815094	0.0003642404917627573	0.0002825403353199363	0.0016814121045172215	2
virus_1920|label=2	0.04290756210684776	0.43406081199645996	0.0009513146360404789	0.0007722532609477639	0.021308133378624916	2
virus_1921|label=2	0.00014183811435941607	0.4574359655380249	0.03403886407613754	0.003927350975573063	0.00445598317310214	2
virus_1922|label=2	4.377440200187266e-05	0.49141567945480347	0.0002773662854451686	0.004410955123603344	0.0038522505201399326	2
virus_1923|label=2	0.00020005508849862963	0.49920424818992615	1.371835151076084e-05	0.0005632057436741889	1.8718104911386035e-05	2
virus_1924|label=2	0.0025023825000971556	0.39666369557380676	0.0011894123163074255	0.021970827132463455	0.07767369598150253	2
virus_1925|label=2	0.0009985605720430613	0.05423138290643692	0.033071503043174744	0.19670581817626953	0.2149927169084549	5
virus_1926|label=2	0.0034577157348394394	0.48311805725097656	0.007038666866719723	0.0029148291796445847	0.0034706578589975834	2
virus_1927|label=2	0.23672612011432648	0.24653352797031403	0.008587053045630455	0.007782588247209787	0.0003707428986672312	2
virus_1928|label=2	0.0005929946782998741	0.49770399928092957	3.9827438740758225e-05	0.0009114614804275334	0.000751723418943584	2
virus_1929|label=2	7.526824902015505e-06	0.49816247820854187	1.542667087051086e-05	5.853978291270323e-05	0.0017559942789375782	2
virus_1930|label=2	0.0035041356459259987	0.3515355587005615	0.0012234433088451624	0.029680484905838966	0.11405637860298157	2
virus_1931|label=2	1.895937657536706e-06	0.4999370574951172	1.9700095435837284e-05	2.201135976065416e-05	1.9280812921351753e-05	2
virus_1932|label=2	0.0009190134587697685	0.49853023886680603	0.0003283688274677843	0.00014572737563867122	7.669287879252806e-05	2
virus_1933|label=2	0.016934487968683243	0.34326401352882385	0.0021797858644276857	0.008293908089399338	0.12932777404785156	2
virus_1934|label=2	0.001191867864690721	0.498790979385376	6.447936584663694e-07	1.6105943814181956e-06	1.4843810276943259e-05	2
virus_1935|label=2	0.003876147558912635	0.4826721251010895	0.0009704551775939763	0.005511573515832424	0.006969697307795286	2
virus_1936|label=2	0.0002735232701525092	0.4996161460876465	6.784993456676602e-05	3.858724085148424e-05	3.902022854163079e-06	2
virus_1937|label=2	7.504807086888832e-08	0.4298851191997528	8.226111822295934e-05	0.0005675262655131519	0.06946506351232529	2
virus_1938|label=2	1.8880172092394787e-06	0.49999678134918213	1.7257011108995357e-07	1.1372608241799753e-06	1.9650984839358898e-08	2
virus_1939|label=2	1.4704315542957147e-09	0.49997949600219727	3.335522080760711e-08	1.187680936709512e-05	8.593842721893452e-06	2
virus_1940|label=2	0.00994326826184988	0.49004998803138733	2.7749874789151363e-06	2.5674942207842832e-06	1.3559568969867541e-06	2
virus_1941|label=2	8.671629620948806e-05	0.49873316287994385	2.14816664083628e-05	0.0005486563895829022	0.000609997077845037	2
virus_1942|label=2	2.0112950096518034e-06	0.4451255798339844	0.0005986777832731605	0.00416811415925622	0.050105612725019455	2
virus_1943|label=2	1.2736265944113256e-06	0.49995237588882446	7.899275260569993e-06	6.1544260461232625e-06	3.2273746910505e-05	2
virus_1944|label=2	4.9994549044640735e-05	0.4926337003707886	0.00010454347648192197	7.492727308999747e-05	0.007136831060051918	2
virus_1945|label=2	5.466697257361375e-05	0.49069616198539734	0.007427791133522987	0.0016647485317662358	0.00015667168190702796	2
virus_1946|label=2	0.0013878560857847333	0.4435886740684509	9.884297469398007e-05	3.44817090081051e-05	0.05489020049571991	2
virus_1947|label=2	0.06408694386482239	0.35989147424697876	0.00012330403842497617	7.625225407537073e-05	0.07582204788923264	2
virus_1948|label=2	0.000417800503782928	0.46647971868515015	0.005958419758826494	0.0031251716427505016	0.024018924683332443	2
virus_1949|label=2	1.7918233652380877e-06	0.49999791383743286	8.031766185467859e-08	1.187185603157559e-07	1.3267070642086765e-07	2
virus_1950|label=2	0.0007230503833852708	0.4288029670715332	6.221944931894541e-05	8.561345021007583e-05	0.07032613456249237	2
virus_1951|label=2	0.0066548180766403675	0.19179439544677734	0.10900300741195679	0.18814513087272644	0.004402660299092531	2
virus_1952|label=2	0.00039324990939348936	0.4908796548843384	8.742724457988515e-05	5.914495704928413e-05	0.008580525405704975	2
virus_1953|label=2	0.0009594344301149249	0.4978451430797577	0.00017415222828276455	5.988424163660966e-05	0.0009614632581360638	2
virus_1954|label=2	2.344168387935497e-05	0.4959109127521515	0.0021969301160424948	0.0015752771869301796	0.00029339283355511725	2
virus_1955|label=2	0.0009144358919002116	0.4919700026512146	0.0008792929002083838	0.00011052435729652643	0.0061257402412593365	2
virus_1956|label=2	7.5014868343714625e-06	0.4330010414123535	0.04379670321941376	0.020995790138840675	0.0021990202367305756	2
virus_1957|label=2	0.026158316060900688	0.1882212907075882	0.038969479501247406	0.13040107488632202	0.11624985188245773	2
virus_1958|label=2	3.1612978546036175e-07	0.4999561309814453	5.64552328796708e-06	1.7883832697407342e-05	2.002924884436652e-05	2
virus_1959|label=2	5.5658001656411216e-06	0.4999866485595703	1.7356505850329995e-06	4.157883722655242e-06	1.8940654626931064e-06	2
virus_1960|label=2	0.00018944455950986594	0.499740332365036	7.661843483219855e-06	1.434141358913621e-05	4.816976797883399e-05	2
virus_1961|label=2	0.01864205300807953	0.002563910558819771	0.0018062629969790578	0.003793714102357626	0.47319403290748596	5
virus_1962|label=2	0.0005539128324016929	0.4921085238456726	0.006893461104482412	0.00023133786453399807	0.00021279350039549172	2
virus_1963|label=2	0.0002538104308769107	0.06944391131401062	0.01653914712369442	0.008152948692440987	0.40561020374298096	5
virus_1964|label=2	1.1665056831589027e-07	0.49888792634010315	0.00014757247117813677	0.0005923815770074725	0.0003719905798789114	2
virus_1965|label=2	0.00010652930359356105	0.4963659346103668	0.002348582958802581	0.00012102785694878548	0.0010580058442428708	2
virus_1966|label=2	0.000600112194661051	0.49920132756233215	4.287555202608928e-05	0.00013339088764041662	2.2308444385998882e-05	2
virus_1967|label=2	0.0067899818532168865	0.44599321484565735	0.029139842838048935	0.004743816331028938	0.013333083130419254	2
virus_1968|label=2	0.0005246289656497538	0.41990014910697937	0.04830629378557205	0.005231916904449463	0.026037007570266724	2
virus_1969|label=2	3.176298559992574e-05	0.4999002516269684	2.5942246793420054e-05	2.7862350179930218e-05	1.418171996192541e-05	2
virus_1970|label=2	0.00011214119149371982	0.473100483417511	0.01624959707260132	0.00998058170080185	0.0005571916117332876	2
virus_1971|label=2	9.014779607241508e-07	0.4851015508174896	0.0007412934210151434	8.40360444271937e-05	0.014072182588279247	2
virus_1972|label=2	0.00013470646808855236	0.4876503348350525	0.010584678500890732	0.00043696226202882826	0.001193256233818829	2
virus_1973|label=2	2.946555832750164e-05	0.030940279364585876	0.3553723692893982	0.11365169286727905	6.170688266138313e-06	3
virus_1974|label=2	0.0022483444772660732	0.4930310547351837	0.000143433062476106	0.00011559989070519805	0.004461561795324087	2
virus_1975|label=2	0.0002743748773355037	0.49962833523750305	2.534138002374675e-05	1.2377663551887963e-05	5.953194704488851e-05	2
virus_1976|label=2	0.00013818171282764524	0.48919156193733215	0.000879637838806957	0.0005337668117135763	0.009256841614842415	2
virus_1977|label=2	3.7686977520934306e-06	0.49919643998146057	6.474729889305308e-05	0.00040005752816796303	0.00033497795811854303	2
virus_1978|label=2	0.020359477028250694	0.47859880328178406	4.464188532438129e-05	0.00010668247705325484	0.0008904266287572682	2
virus_1979|label=2	5.76518823436345e-06	0.2150629609823227	0.00041459803469479084	0.036269448697566986	0.2482471913099289	5
virus_1980|label=2	0.0001661544811213389	0.49904999136924744	0.00012654636520892382	3.851206201943569e-05	0.0006188085535541177	2
virus_1981|label=2	4.589370291796513e-05	0.3552694022655487	0.0007656475645489991	0.0014853182947263122	0.1424337476491928	2
virus_1982|label=2	0.0008679348975419998	0.47068488597869873	0.0014400215586647391	0.0005199835286475718	0.026487251743674278	2
virus_1983|label=2	0.012485605664551258	0.1614411175251007	0.05682731047272682	0.008260346949100494	0.2609856128692627	5
virus_1984|label=2	0.000252539204666391	0.43536272644996643	0.00036817268119193614	0.006659400649368763	0.057357173413038254	2
virus_1985|label=2	0.0027705845423042774	0.49387481808662415	0.0025301403366029263	0.0008096293895505369	1.4826307051407639e-05	2
virus_1986|label=2	2.418861413389095e-06	0.4992622435092926	3.206009932910092e-05	8.049215830396861e-05	0.0006227777921594679	2
virus_1987|label=2	0.00012858012632932514	0.4987003207206726	1.1018507393600885e-05	1.874246845545713e-05	0.0011413473403081298	2
virus_1988|label=2	0.002081075683236122	0.07006107270717621	2.2474747311207466e-05	0.00024813125492073596	0.42758727073669434	5
virus_1989|label=2	8.449247980024666e-05	0.4999106228351593	1.3705265473618056e-06	2.7471728571981657e-06	7.553097134405107e-07	2
virus_1990|label=2	2.6031068045995198e-05	0.49962666630744934	3.577997404136113e-06	8.56573969940655e-05	0.00025805190671235323	2
virus_1991|label=2	0.00011775849270634353	0.49988022446632385	1.4765623745915946e-07	8.298866873701627e-07	1.0781750461319461e-06	2
virus_1992|label=2	0.028882797807455063	0.4650271534919739	0.0029857666231691837	0.0018964358605444431	0.001207820139825344	2
virus_1993|label=2	0.07266265153884888	0.3158249258995056	8.685681677889079e-06	1.4459765225183219e-05	0.11148924380540848	2
virus_1994|label=2	6.262780516408384e-05	0.4994601011276245	2.5003146220115013e-06	9.514914381725248e-06	0.0004652323841582984	2
virus_1995|label=2	5.03967312326381e-10	0.5	1.4689857663618966e-10	5.247865253465989e-09	8.992439681776432e-09	2
virus_1996|label=2	0.00031433216645382345	0.49955740571022034	9.35448315431131e-06	2.842939466063399e-06	0.00011603697203099728	2
virus_1997|label=2	0.35856392979621887	0.10695046931505203	0.0005444643320515752	0.0076145813800394535	0.02632654830813408	1
virus_1998|label=2	1.6621977465547388e-06	0.4997729957103729	4.302171873860061e-06	3.435521284700371e-05	0.00018665482639335096	2
virus_1999|label=2	0.013280929997563362	0.3087157905101776	0.08913099765777588	0.000973694259300828	0.0878986194729805	2
